distance_km,duration_min,time_of_day,traffic_level,weather,demand_level,pickup_zone,ride_price
19.57,24.083178012827943,afternoon,high,clear,normal,suburbs,35.45
11.53,17.319929696372036,morning,low,rainy,normal,city_center,25.07
21.61,41.10717143799471,afternoon,medium,clear,high,city_center,40.95
17.74,43.78736076077872,morning,medium,rainy,low,city_center,30.98
3.26,5.797123744065048,evening,medium,clear,normal,city_center,5.4
24.41,57.251806658884064,night,low,clear,high,suburbs,50.72
19.27,34.20471442835614,morning,high,clear,normal,suburbs,38.16
19.87,36.31759242233805,afternoon,high,clear,normal,city_center,38.22
4.07,13.641694773080575,evening,low,clear,low,suburbs,12.38
11.81,14.81787800686784,morning,high,clear,high,suburbs,33.15
9.9,19.814599861418646,afternoon,medium,clear,high,suburbs,25.12
23.24,51.88337520511473,evening,medium,clear,high,airport,55.93
16.45,43.58357465277601,afternoon,high,clear,low,city_center,30.82
20.75,45.28681751264498,evening,low,rainy,normal,city_center,36.92
11.64,27.953793351400535,evening,medium,clear,normal,suburbs,29.75
6.45,12.70383556639379,evening,high,stormy,high,city_center,23.22
14.31,24.69118768773638,morning,low,clear,high,airport,34.37
2.53,5.0,morning,high,rainy,high,city_center,13.88
20.86,46.479489041451046,morning,medium,clear,normal,city_center,40.32
16.16,52.00017399059185,afternoon,low,clear,normal,suburbs,33.36
19.19,35.08318644445251,morning,low,clear,low,city_center,28.88
9.51,23.793414428698874,evening,low,clear,high,suburbs,27.49
24.3,48.89258693156336,afternoon,high,rainy,normal,suburbs,39.22
22.43,49.34509612991499,evening,low,rainy,normal,city_center,49.88
19.68,37.24054769031524,evening,medium,clear,normal,city_center,38.33
5.67,19.852365511830975,afternoon,high,clear,normal,suburbs,15.91
12.2,22.121725755336506,afternoon,high,clear,normal,suburbs,20.89
2.05,9.030063690774805,morning,high,clear,normal,suburbs,8.72
4.7,6.840498621798117,evening,medium,clear,low,suburbs,8.4
17.39,26.769783832586633,afternoon,low,clear,high,airport,35.68
18.87,35.59601908840685,afternoon,medium,rainy,high,city_center,42.08
24.22,50.78045322798096,evening,medium,clear,low,suburbs,39.51
8.82,8.729216199746197,afternoon,high,clear,normal,suburbs,13.9
9.89,29.148331702446363,afternoon,high,clear,normal,city_center,22.91
12.27,22.30398405181661,afternoon,medium,clear,normal,city_center,20.62
5.55,6.654906872160633,afternoon,medium,clear,high,suburbs,12.16
4.12,13.700618468297133,evening,low,clear,high,city_center,15.97
12.42,27.465044898940857,evening,medium,clear,low,suburbs,21.77
6.45,9.138633542317086,afternoon,low,clear,high,airport,17.24
17.08,38.98162140593592,evening,high,clear,low,suburbs,35.44
11.49,32.72302499677631,morning,medium,clear,normal,city_center,25.3
20.98,43.81201456751952,afternoon,medium,clear,low,city_center,27.37
17.81,32.82523899423584,evening,low,clear,normal,city_center,31.32
8.5,18.148432862439627,afternoon,medium,clear,normal,city_center,18.74
20.97,48.243716627039035,evening,medium,clear,low,city_center,38.93
20.31,41.81310471746589,afternoon,low,rainy,normal,city_center,35.89
10.3,17.478793828809287,afternoon,low,clear,normal,airport,19.51
7.92,15.70532418168774,afternoon,medium,rainy,normal,airport,20.52
17.38,46.111766073905095,evening,medium,rainy,normal,city_center,44.43
4.35,5.511252348629922,morning,medium,clear,normal,city_center,7.19
5.8,12.31762845616858,evening,high,clear,high,airport,24.8
1.18,5.0,morning,high,clear,low,suburbs,5.0
19.89,46.6167151961085,morning,high,clear,normal,suburbs,47.3
16.96,35.41084533286597,evening,low,clear,normal,suburbs,30.13
17.92,27.16880080500543,afternoon,medium,clear,normal,suburbs,25.04
19.74,28.40582789803832,afternoon,high,clear,high,city_center,39.08
12.01,25.539752427074546,afternoon,high,clear,low,airport,23.49
14.65,15.528494360186107,morning,high,clear,high,airport,37.08
4.36,9.138401322130958,evening,medium,stormy,normal,city_center,15.28
3.75,6.790019111719898,evening,high,clear,low,city_center,14.12
17.04,26.04185138200748,morning,low,clear,low,suburbs,23.96
12.31,22.016585932654746,evening,medium,rainy,normal,airport,27.57
14.57,27.72466338553194,morning,low,stormy,normal,suburbs,29.98
19.36,34.82469961144892,evening,low,clear,normal,airport,37.68
16.23,34.54263365227836,evening,high,rainy,low,suburbs,32.65
14.29,24.85382362646668,night,low,rainy,normal,suburbs,22.97
14.42,41.05949034641988,evening,high,clear,low,suburbs,32.86
8.29,13.991242584375879,evening,high,clear,high,airport,30.99
1.74,7.685436172657192,night,high,clear,high,suburbs,7.6
11.48,22.25566856265535,evening,high,stormy,normal,airport,30.13
6.15,18.757346505733743,evening,high,clear,high,city_center,24.49
10.8,28.60768340637916,morning,medium,rainy,low,city_center,21.18
21.48,47.95086715722797,evening,high,clear,normal,city_center,51.4
6.61,15.232474076541058,evening,low,clear,high,city_center,20.16
2.4,10.695826061095634,night,high,clear,normal,suburbs,8.68
7.75,7.525546593073818,evening,high,clear,low,city_center,14.41
8.05,13.626099566374535,afternoon,medium,clear,high,city_center,19.64
16.89,42.27893127303668,morning,low,clear,high,airport,48.72
14.37,58.84233095146327,afternoon,medium,clear,normal,airport,43.95
19.81,27.838708294535888,afternoon,low,clear,low,city_center,22.46
16.94,39.18544530568106,evening,medium,clear,high,suburbs,45.32
10.75,19.80452143373989,morning,high,clear,low,city_center,27.7
20.54,35.738747581935584,morning,low,clear,normal,city_center,36.01
5.01,14.852922580450592,afternoon,medium,clear,normal,suburbs,11.2
1.55,13.109941081587898,evening,medium,clear,normal,suburbs,7.79
3.16,8.71384847654624,afternoon,high,rainy,normal,airport,13.83
18.34,45.24440158278436,morning,low,clear,normal,suburbs,34.73
12.09,17.99327721961947,afternoon,medium,clear,normal,airport,25.91
4.87,5.253125217652825,morning,low,clear,high,city_center,15.87
13.03,19.75250359417098,evening,medium,rainy,high,city_center,30.51
4.66,5.0,evening,medium,clear,low,airport,16.15
17.71,36.17230852817651,morning,low,clear,high,city_center,42.4
11.71,23.083420559865477,evening,low,rainy,normal,city_center,24.23
10.14,23.1124219489363,evening,medium,clear,low,airport,25.92
8.24,23.19452182595277,morning,low,clear,high,city_center,24.27
16.13,24.5251677327548,morning,high,clear,low,suburbs,28.04
9.68,18.929792805413204,morning,high,clear,normal,city_center,23.71
3.1,10.341093959056618,morning,high,clear,low,city_center,14.65
3.83,14.08753991467023,afternoon,low,clear,high,airport,12.42
24.09,52.28498614063086,night,medium,clear,high,suburbs,53.49
22.81,74.7951064702157,morning,medium,clear,high,airport,69.58
17.79,36.490655373955754,night,medium,clear,normal,suburbs,33.12
7.38,13.06849550065574,afternoon,high,clear,normal,airport,16.39
24.26,39.33605416010313,afternoon,medium,stormy,normal,city_center,44.45
19.69,48.57946399210421,evening,low,clear,low,city_center,33.65
18.21,27.019071355644375,evening,low,stormy,high,city_center,49.03
11.78,22.96121359889218,night,medium,rainy,high,city_center,26.71
7.53,10.257088607372008,morning,high,rainy,low,suburbs,14.99
3.31,5.0,afternoon,medium,clear,high,city_center,11.13
22.66,25.458843474660632,morning,low,clear,normal,suburbs,31.53
11.94,37.823483502507884,morning,medium,clear,normal,city_center,25.82
5.86,8.013229530695561,morning,medium,clear,low,city_center,12.33
8.34,17.481884309256923,evening,high,clear,high,suburbs,20.57
14.9,29.414485585173733,morning,medium,stormy,normal,airport,37.41
5.24,6.901875656491484,evening,high,clear,normal,airport,16.88
21.56,46.176957193647645,evening,low,rainy,low,city_center,36.14
19.2,53.70358067159283,afternoon,low,clear,high,airport,42.34
18.27,38.25312157269753,afternoon,high,clear,normal,city_center,29.88
11.37,25.482416394056678,evening,high,clear,normal,city_center,25.11
16.06,30.747744812444324,morning,high,rainy,normal,city_center,35.77
15.02,30.213474886593108,afternoon,high,clear,low,city_center,27.59
16.6,31.806056712172733,morning,medium,rainy,normal,airport,36.84
3.03,8.112550406383516,morning,medium,rainy,low,airport,9.44
10.98,30.486990701553452,evening,high,clear,low,suburbs,28.49
2.0,7.693297542834469,morning,medium,clear,high,suburbs,12.21
12.86,29.11066609797647,afternoon,high,clear,normal,city_center,26.39
8.92,16.137076474654343,evening,medium,rainy,low,city_center,19.7
4.47,9.051936712091331,evening,high,rainy,normal,suburbs,9.9
3.48,5.0,afternoon,medium,clear,normal,city_center,7.32
15.1,41.700235091206885,morning,medium,clear,low,suburbs,23.83
5.09,6.299196346147862,morning,high,rainy,normal,airport,14.68
23.2,43.92882926317924,afternoon,low,clear,normal,city_center,34.36
14.95,25.91781834053218,afternoon,low,clear,normal,suburbs,23.67
9.32,20.36563761009422,evening,medium,clear,high,suburbs,26.51
15.18,35.60650612054319,morning,medium,clear,normal,suburbs,27.07
1.55,12.432397048966475,evening,high,clear,low,city_center,7.86
24.01,44.876404696207686,morning,medium,rainy,low,suburbs,38.65
12.58,21.601422963617964,afternoon,high,clear,high,suburbs,32.25
19.79,25.79641866264965,night,medium,rainy,normal,city_center,33.45
2.99,5.0,evening,medium,stormy,high,suburbs,11.45
12.68,23.110558643728492,afternoon,high,clear,low,airport,26.69
12.78,28.592131392865618,morning,low,rainy,normal,suburbs,25.4
23.51,57.35353450107519,evening,low,rainy,normal,airport,51.9
14.72,32.42366358670622,evening,low,clear,high,airport,37.99
12.36,28.330436116478438,afternoon,low,clear,normal,airport,23.91
7.41,7.9927842670360185,morning,medium,clear,normal,city_center,11.83
8.96,16.184971587888025,afternoon,low,rainy,low,airport,21.17
13.5,12.625485179646484,evening,medium,stormy,normal,suburbs,27.34
11.53,25.98184507097198,afternoon,high,clear,low,city_center,22.02
1.52,6.552041883526291,morning,high,clear,low,suburbs,10.43
20.83,31.100144960635237,night,medium,clear,low,suburbs,29.63
22.51,49.05115125666852,night,medium,rainy,normal,suburbs,39.94
4.37,5.0,evening,high,clear,normal,suburbs,5.0
14.3,13.41383327233694,morning,low,clear,normal,airport,30.75
3.61,8.927902898300063,morning,high,rainy,normal,suburbs,13.38
17.13,40.29200764801311,evening,medium,clear,low,suburbs,30.02
7.75,16.11868323320356,evening,high,clear,normal,suburbs,18.17
16.83,66.21014573038872,afternoon,medium,clear,normal,city_center,42.3
18.45,29.254640815715895,afternoon,low,clear,normal,airport,29.73
19.45,40.71997410359222,night,high,rainy,normal,city_center,37.33
3.59,9.448285840347937,afternoon,low,rainy,high,suburbs,14.04
22.98,45.2604869435165,night,high,clear,normal,city_center,42.84
6.53,14.30743284951351,afternoon,medium,clear,low,airport,14.77
1.9,5.0,evening,low,rainy,high,airport,8.63
14.32,29.605111313683313,morning,medium,clear,high,city_center,40.16
9.9,21.881220956564622,afternoon,medium,rainy,high,suburbs,25.91
20.91,40.5428731843926,night,medium,rainy,low,city_center,29.22
20.4,53.390383161281754,evening,high,rainy,normal,airport,57.14
8.61,14.624159620356238,afternoon,low,rainy,high,airport,24.95
23.87,45.59563815426579,afternoon,low,stormy,high,suburbs,55.15
7.98,14.40972067564427,morning,low,rainy,normal,city_center,15.41
13.36,20.552155550732486,evening,high,rainy,high,suburbs,31.05
7.14,11.37856392937359,morning,low,clear,normal,suburbs,11.44
23.47,60.22434775140003,afternoon,high,clear,low,airport,43.22
4.95,8.698127150128734,afternoon,high,stormy,high,suburbs,18.16
2.08,5.0,evening,medium,clear,normal,suburbs,5.0
11.44,29.84522646786069,afternoon,medium,clear,normal,suburbs,20.41
24.82,46.56355577993292,night,medium,clear,high,city_center,50.39
22.4,31.7096835436423,evening,low,clear,high,city_center,43.94
18.97,39.971131181832575,night,medium,clear,normal,airport,36.41
22.38,49.618014547464504,afternoon,medium,clear,high,suburbs,48.52
22.44,53.0151750711631,afternoon,low,clear,low,suburbs,32.33
13.45,42.32527447007104,night,medium,stormy,normal,suburbs,32.14
8.58,24.874734754862644,morning,low,clear,normal,city_center,19.57
19.53,26.861889672308674,night,low,clear,normal,city_center,31.68
16.88,36.81019709636517,morning,medium,clear,normal,airport,38.87
9.97,19.852564831962738,evening,high,clear,high,airport,31.9
3.27,5.0,evening,high,clear,normal,suburbs,5.0
18.92,43.1429735182814,evening,low,clear,high,city_center,46.89
7.3,18.853096893892094,evening,medium,clear,high,city_center,22.97
23.48,62.97999389549357,morning,medium,stormy,high,airport,74.64
6.78,11.64822214878999,afternoon,medium,clear,high,suburbs,13.07
3.95,12.80619266358856,afternoon,low,clear,normal,city_center,11.52
20.95,23.97252305884985,night,medium,rainy,high,airport,49.57
4.68,20.72734002924394,afternoon,medium,clear,normal,city_center,17.43
5.3,5.0,morning,medium,clear,high,city_center,11.65
15.39,21.680940632932067,afternoon,low,clear,high,city_center,28.74
21.99,44.343870886167956,evening,medium,clear,low,city_center,38.22
5.71,8.984197914750828,night,low,clear,high,suburbs,14.1
8.45,19.00211039624483,night,medium,clear,normal,city_center,21.69
19.66,45.190855168720226,morning,high,clear,normal,city_center,44.01
24.32,49.2931126521656,evening,low,clear,low,suburbs,35.28
13.02,21.857002487519445,afternoon,medium,clear,normal,airport,25.34
4.45,12.975885344902018,evening,medium,clear,normal,city_center,10.72
1.33,5.0,evening,medium,stormy,high,airport,13.4
6.51,17.270984244048925,afternoon,medium,clear,normal,airport,16.37
4.16,11.830352220179144,afternoon,high,clear,normal,city_center,13.92
17.26,38.51389227231689,afternoon,medium,rainy,normal,city_center,35.02
3.92,5.0,afternoon,medium,clear,low,city_center,5.0
13.15,29.5238677314149,afternoon,low,clear,normal,suburbs,18.85
17.66,30.899023056360733,afternoon,low,clear,high,airport,35.49
14.95,30.145584771217038,afternoon,high,clear,low,airport,29.04
5.79,9.45126372342998,afternoon,medium,clear,high,suburbs,15.21
20.3,52.268121961649086,evening,medium,rainy,normal,airport,44.28
18.17,26.387230777912848,evening,medium,clear,low,suburbs,27.31
18.74,24.20483552329059,night,medium,clear,normal,airport,35.91
4.15,5.0,afternoon,medium,clear,normal,city_center,6.42
3.97,5.0,evening,low,stormy,high,suburbs,9.88
23.26,36.223093830734186,night,high,clear,normal,city_center,39.6
10.54,13.516336903924934,afternoon,high,clear,normal,city_center,22.54
8.22,12.362341587506734,evening,high,clear,high,suburbs,22.35
12.73,20.958596586810092,night,low,clear,normal,suburbs,21.57
16.91,39.261921670663554,evening,medium,clear,high,city_center,42.86
23.93,47.37573753391679,morning,high,clear,high,suburbs,65.67
7.87,21.26652000994016,morning,high,rainy,normal,airport,25.96
23.2,51.36798327045802,afternoon,low,rainy,normal,city_center,43.52
1.6,7.481128808016727,evening,low,clear,low,city_center,9.37
14.32,23.655953967274222,evening,medium,clear,high,airport,41.43
16.22,32.97835879788058,morning,low,clear,normal,city_center,32.85
3.54,10.226798843833274,afternoon,low,clear,normal,city_center,7.24
4.37,5.0,afternoon,medium,clear,normal,suburbs,11.51
11.06,35.53878270935363,evening,low,clear,high,suburbs,36.3
24.19,42.642179554380604,afternoon,medium,clear,normal,city_center,33.99
15.31,39.423979790076906,morning,medium,clear,normal,suburbs,31.32
23.39,56.44073815071461,evening,low,clear,high,city_center,55.85
20.3,42.2261367972301,morning,high,clear,high,city_center,57.9
12.22,16.676539285202118,evening,medium,clear,high,city_center,28.3
19.83,43.64324675584697,afternoon,high,clear,normal,suburbs,38.44
1.43,6.524763830560655,afternoon,low,clear,normal,city_center,5.04
3.62,7.69617558764876,evening,medium,clear,normal,suburbs,5.02
20.91,43.88745019435639,morning,medium,rainy,normal,suburbs,37.55
20.12,28.767694789749747,morning,high,clear,high,suburbs,49.76
6.58,22.551096954915916,night,low,clear,normal,city_center,14.14
13.74,23.240930038971715,evening,medium,rainy,high,airport,34.13
15.54,34.80186710610623,afternoon,low,clear,low,airport,25.22
21.83,66.87462767619559,evening,high,clear,normal,city_center,58.21
15.47,22.38212622634729,afternoon,medium,clear,normal,suburbs,19.88
10.9,11.763396226561749,evening,medium,clear,high,suburbs,23.53
9.98,16.89297140057956,evening,medium,clear,normal,suburbs,18.21
11.22,26.416746520426578,morning,low,clear,normal,suburbs,22.05
16.65,33.613491417458,evening,low,clear,normal,suburbs,30.18
21.82,25.065337423346467,afternoon,medium,rainy,high,suburbs,34.99
11.89,24.176493607877102,afternoon,medium,rainy,normal,suburbs,21.37
6.95,15.941947368471679,afternoon,medium,rainy,normal,city_center,14.12
6.68,18.827519090624634,night,low,clear,low,suburbs,11.38
18.9,48.52147133782054,evening,high,clear,high,city_center,57.11
20.6,35.39962304921184,evening,high,clear,low,city_center,36.92
3.53,8.152272557896993,afternoon,high,stormy,normal,suburbs,10.86
2.6,10.679560641601345,afternoon,medium,rainy,normal,suburbs,9.9
15.27,32.66844603723645,evening,medium,rainy,low,city_center,31.07
4.51,5.0,morning,medium,clear,high,airport,24.66
20.79,34.80532225149333,night,high,clear,normal,airport,41.8
8.45,19.75665358562018,evening,low,clear,normal,city_center,21.43
4.45,5.0,night,high,clear,normal,airport,12.43
23.1,39.37621769971205,morning,medium,clear,normal,city_center,38.21
4.97,8.8903735578591,afternoon,medium,clear,low,airport,11.93
7.83,16.409479003256305,afternoon,low,clear,low,city_center,11.23
4.69,7.740430225095435,night,high,rainy,normal,city_center,14.99
3.77,5.0,morning,medium,clear,normal,suburbs,12.28
1.51,5.0,evening,medium,clear,normal,suburbs,7.25
2.33,9.669304228252692,evening,medium,clear,normal,city_center,9.6
5.19,9.070527666991238,night,high,clear,high,airport,19.7
2.28,5.2405223494514015,night,medium,rainy,normal,suburbs,7.15
15.19,19.505348056498033,evening,low,rainy,normal,suburbs,28.58
17.34,29.651573295255922,afternoon,low,clear,normal,airport,32.25
10.45,17.927720342224767,evening,medium,clear,normal,city_center,25.17
8.63,16.12924406417962,afternoon,high,clear,high,city_center,22.32
13.11,21.07925348558708,evening,medium,clear,high,airport,34.2
22.0,37.66450268940942,afternoon,medium,rainy,low,city_center,32.99
21.43,64.71420609339091,evening,low,rainy,low,suburbs,39.84
2.04,5.0,afternoon,low,clear,high,city_center,10.45
5.36,12.301118027543662,evening,medium,rainy,normal,city_center,12.69
6.68,12.924911093023745,afternoon,medium,clear,normal,city_center,10.11
6.99,11.636182142142019,evening,medium,clear,high,airport,28.03
14.71,21.385094375839806,morning,low,clear,low,suburbs,24.23
10.99,23.305243935142872,morning,low,stormy,low,suburbs,22.57
2.18,5.327059178247799,night,medium,rainy,high,airport,15.28
9.97,24.10707287974603,evening,high,rainy,normal,suburbs,26.93
13.57,26.676039413415854,morning,low,clear,normal,airport,28.69
3.44,11.729631908152601,evening,medium,stormy,high,city_center,20.75
21.0,31.57736708992455,evening,low,clear,normal,airport,41.01
2.25,5.021714391437523,evening,low,clear,low,airport,12.56
23.2,39.17854476672724,afternoon,low,clear,low,airport,30.54
3.38,5.0,evening,medium,clear,high,city_center,7.82
21.25,44.45530689053952,morning,low,clear,high,city_center,51.2
22.66,54.301436708341285,evening,medium,clear,normal,suburbs,47.28
24.51,44.51205529270136,afternoon,medium,stormy,normal,suburbs,39.51
20.25,46.290748521715464,evening,high,rainy,low,airport,49.66
19.71,35.497518562314774,afternoon,high,rainy,low,suburbs,30.86
16.42,37.783236463424934,morning,medium,clear,normal,city_center,34.6
19.7,70.39827599177195,night,medium,clear,high,city_center,56.87
4.23,15.084249473406127,night,medium,rainy,low,airport,14.35
13.87,45.05807571923215,night,medium,rainy,low,city_center,28.82
13.34,33.003093176129724,evening,high,clear,high,suburbs,41.91
21.58,45.90723611953929,morning,high,clear,low,airport,49.67
12.11,30.50298230942209,evening,low,clear,low,airport,25.21
10.24,35.16759685914117,afternoon,medium,rainy,normal,city_center,23.56
16.35,31.36404015205368,afternoon,low,clear,normal,city_center,27.44
7.4,9.49352118011452,morning,medium,clear,normal,city_center,15.86
4.35,10.351049248030414,morning,medium,clear,normal,airport,13.02
12.47,30.997908788614115,morning,high,clear,normal,suburbs,23.46
11.01,6.8785855849424316,morning,medium,rainy,low,city_center,13.15
6.58,15.741820579283829,evening,medium,rainy,high,suburbs,18.4
9.82,19.982268629114593,night,medium,clear,normal,suburbs,17.35
9.79,25.257085798897304,afternoon,low,clear,high,city_center,26.35
8.86,17.758569186510254,morning,medium,clear,high,suburbs,19.14
10.11,11.712533557468419,morning,low,rainy,low,suburbs,14.25
17.46,24.315925993586387,evening,medium,clear,high,city_center,41.85
8.13,16.09135071217605,afternoon,high,clear,normal,suburbs,14.6
23.77,51.629118748542176,evening,high,stormy,low,suburbs,55.06
22.99,52.73504106584548,morning,low,clear,low,suburbs,39.7
12.54,28.417418285194543,evening,medium,rainy,high,suburbs,37.21
8.88,18.68484293405172,evening,high,clear,normal,city_center,20.2
13.85,16.202473622213542,morning,low,clear,normal,city_center,22.14
21.37,60.07050870622538,night,low,rainy,high,suburbs,52.1
16.66,36.914948763935854,afternoon,medium,rainy,high,city_center,42.49
20.31,55.921508185751776,morning,medium,clear,high,airport,59.98
13.79,43.32719560872184,evening,medium,clear,high,suburbs,40.86
16.19,42.35138752908675,afternoon,high,rainy,low,suburbs,25.24
7.92,17.281903464088625,night,high,rainy,normal,airport,18.88
18.64,39.05789395158901,afternoon,high,clear,normal,airport,41.95
5.86,18.620207086851387,night,high,rainy,normal,suburbs,18.57
17.68,48.88640285303775,evening,low,rainy,high,suburbs,48.89
21.66,44.6206346503204,evening,low,clear,high,city_center,57.37
4.17,17.52954178282059,morning,high,clear,normal,suburbs,13.98
15.75,36.037719199053846,morning,high,rainy,high,suburbs,49.73
3.28,5.0,night,medium,stormy,high,city_center,13.1
18.42,40.089495655813124,evening,low,clear,normal,airport,40.69
3.03,5.0,night,low,rainy,normal,city_center,10.08
23.46,46.56859498409192,afternoon,high,clear,high,airport,56.39
4.3,20.606807660217346,evening,low,rainy,normal,city_center,12.94
24.01,34.95230603996363,night,high,clear,normal,airport,44.75
20.22,37.91160209683783,evening,medium,stormy,high,airport,60.12
15.25,37.63668141633448,afternoon,high,rainy,high,city_center,47.99
19.78,36.72396718632596,evening,low,rainy,high,airport,52.13
20.08,41.59337180827631,afternoon,high,clear,normal,city_center,37.26
23.7,64.78829437037398,afternoon,medium,clear,normal,suburbs,42.02
7.08,11.04724997750913,morning,high,clear,low,suburbs,15.86
15.16,25.186187948508408,night,low,clear,normal,airport,27.04
3.28,15.664003790559157,night,low,clear,normal,city_center,13.12
15.79,37.09455481610025,night,low,rainy,low,city_center,22.17
5.11,15.312590861830058,afternoon,high,clear,high,airport,18.83
14.56,25.006571035398732,evening,low,clear,normal,city_center,27.15
14.74,32.9628658768704,afternoon,medium,rainy,low,airport,33.92
12.18,22.40419938644924,afternoon,low,clear,low,airport,20.16
13.54,26.151410836140528,evening,medium,clear,normal,airport,31.45
19.33,37.24464489051109,morning,medium,rainy,normal,city_center,41.39
20.18,41.352930670953626,morning,high,clear,high,city_center,57.49
12.81,41.47838457034189,evening,medium,clear,low,airport,31.87
15.39,38.76619841729237,evening,high,clear,normal,airport,44.36
23.35,48.493478981948215,afternoon,medium,clear,high,city_center,46.6
3.87,5.0,evening,low,rainy,normal,suburbs,5.0
3.81,6.33069665685199,night,high,stormy,normal,city_center,8.14
3.11,5.0,morning,medium,clear,normal,suburbs,5.0
16.79,27.708396887726728,evening,medium,rainy,high,suburbs,36.97
11.05,19.456353628630403,evening,medium,rainy,high,city_center,28.64
19.58,35.319125593737034,afternoon,high,clear,normal,city_center,34.02
17.11,35.677751438679174,morning,low,clear,low,city_center,22.74
9.01,13.007996413634942,afternoon,low,clear,low,airport,16.15
22.56,46.558899102892184,evening,high,clear,normal,city_center,48.26
19.3,36.02621931009397,afternoon,medium,clear,high,city_center,41.77
7.49,17.991493294504952,morning,medium,clear,high,city_center,25.31
9.74,13.511405809515034,morning,high,clear,high,suburbs,26.52
8.55,7.221221710403938,evening,low,clear,normal,airport,10.96
4.78,24.76503594634878,afternoon,low,clear,normal,airport,16.46
4.55,11.361376259557126,morning,low,clear,normal,suburbs,9.11
23.47,45.979080296792034,night,high,clear,normal,city_center,42.23
11.51,20.86212550249832,afternoon,high,clear,high,city_center,32.7
10.2,17.48634718344425,evening,high,clear,low,city_center,19.55
18.51,23.584177320168696,morning,medium,clear,high,suburbs,34.97
14.27,32.729624405166774,afternoon,medium,clear,normal,suburbs,25.65
23.47,65.00014952534245,afternoon,high,clear,normal,suburbs,44.42
19.73,30.280779491618926,night,high,clear,normal,airport,36.42
12.5,24.153635550062965,evening,low,stormy,high,city_center,35.56
10.03,22.49314981431045,afternoon,low,clear,normal,city_center,15.85
24.68,42.87496265558406,evening,medium,rainy,normal,suburbs,48.11
18.23,47.34996751613195,evening,high,rainy,normal,airport,51.11
23.83,62.85527723801362,afternoon,medium,clear,normal,suburbs,42.13
3.84,7.489708300532493,afternoon,low,clear,normal,airport,13.0
21.41,44.69751992033904,afternoon,high,rainy,normal,city_center,38.96
16.29,29.80444889361018,morning,medium,clear,low,city_center,27.44
3.93,8.614848391480166,evening,low,clear,low,city_center,6.4
15.12,30.15532693335454,evening,medium,clear,high,city_center,40.89
17.47,54.90097888924686,evening,high,clear,high,city_center,64.93
1.3,12.70525974368032,evening,medium,rainy,high,suburbs,8.16
11.9,27.59114245503993,evening,high,clear,normal,suburbs,26.04
20.81,55.82084079028913,evening,high,clear,normal,city_center,50.8
8.09,5.0,night,low,clear,high,airport,21.6
12.01,6.964160497532934,evening,medium,rainy,high,city_center,29.13
11.62,24.028710360139172,evening,low,clear,normal,airport,26.25
8.25,24.23769776534282,evening,medium,clear,normal,city_center,24.34
23.04,43.081079950265895,afternoon,medium,clear,normal,city_center,36.84
19.75,49.656496790529296,evening,high,clear,normal,suburbs,44.14
3.65,16.656265131916903,evening,medium,clear,normal,city_center,9.66
24.93,53.390622803445325,morning,low,clear,high,suburbs,55.04
22.1,47.13372441592379,afternoon,low,clear,high,airport,48.95
7.81,5.0,morning,medium,clear,low,suburbs,9.51
21.09,48.31381178188279,morning,low,rainy,high,airport,64.18
3.55,15.751150543024925,afternoon,low,clear,low,city_center,10.81
24.98,51.306599290549414,afternoon,high,clear,normal,suburbs,44.23
16.98,39.46156502464071,evening,medium,clear,normal,suburbs,29.3
16.6,33.78779549965345,evening,medium,clear,high,city_center,40.42
3.17,7.923536999283978,afternoon,low,clear,normal,airport,10.49
22.53,50.065599007327314,morning,high,rainy,normal,suburbs,50.55
1.7,5.0,afternoon,high,clear,normal,city_center,12.1
6.78,10.794928900193778,afternoon,medium,rainy,normal,airport,18.44
4.43,5.583997419453708,evening,low,clear,normal,city_center,10.65
19.64,33.65246930914466,evening,high,clear,normal,airport,42.73
5.76,5.0,morning,medium,clear,normal,suburbs,8.88
22.86,58.98900391840747,afternoon,high,clear,normal,suburbs,46.38
16.75,32.131498840149256,night,medium,rainy,normal,airport,35.48
1.87,8.678330981721867,night,high,clear,low,airport,13.53
1.13,5.0,evening,high,rainy,normal,city_center,10.07
2.24,9.566003684438453,afternoon,medium,clear,high,city_center,12.86
15.54,32.309844297877184,morning,high,clear,normal,suburbs,29.94
20.24,37.99815441608019,afternoon,medium,clear,high,suburbs,41.09
6.73,11.440479499318105,afternoon,medium,clear,low,suburbs,13.17
21.39,40.72563586865018,evening,medium,clear,normal,suburbs,36.55
2.37,11.321011606178672,morning,medium,rainy,normal,suburbs,7.18
20.22,46.142263456442734,night,high,rainy,normal,city_center,39.41
23.27,39.05769200110689,evening,low,clear,normal,suburbs,34.88
19.53,48.450057406961314,night,medium,clear,normal,suburbs,34.91
17.75,49.657404256170125,night,medium,rainy,low,airport,40.21
21.11,32.14871540715721,afternoon,low,rainy,low,suburbs,23.31
1.96,10.161474288392904,evening,low,clear,normal,city_center,12.02
5.84,8.717993829522584,evening,high,rainy,high,airport,22.7
4.0,7.855063631088506,morning,medium,clear,normal,city_center,6.89
13.11,26.842100988066186,morning,high,clear,high,suburbs,38.46
18.88,34.947496828902445,afternoon,high,stormy,normal,suburbs,39.73
16.12,52.101552627953495,afternoon,medium,clear,high,suburbs,42.24
21.43,47.615589594179376,evening,low,rainy,high,airport,58.52
4.73,19.758213480017275,afternoon,low,clear,high,city_center,18.57
18.63,59.578444173621826,afternoon,medium,rainy,normal,airport,43.78
5.63,16.84035605761213,evening,medium,clear,low,city_center,16.39
7.5,17.528435614275605,evening,medium,rainy,high,suburbs,18.78
18.04,28.88740555111342,morning,medium,stormy,normal,suburbs,35.76
24.52,55.664027467985164,evening,low,rainy,normal,city_center,48.71
15.68,25.538847959576536,night,medium,clear,normal,suburbs,27.22
2.31,5.0,afternoon,low,rainy,normal,suburbs,7.36
15.79,29.90944333562473,evening,medium,clear,normal,city_center,29.01
2.02,10.316789455564567,morning,medium,clear,high,suburbs,12.03
22.22,46.05366066492185,evening,medium,rainy,normal,suburbs,40.52
18.03,38.23100916759457,night,high,clear,normal,city_center,34.34
5.16,6.7679230673026325,morning,medium,clear,high,suburbs,12.61
3.2,7.964469891693239,evening,high,clear,normal,airport,12.09
5.4,8.931503078965894,morning,low,stormy,normal,airport,16.28
24.52,48.87697189998575,evening,high,rainy,normal,city_center,55.72
12.01,21.866219225873095,afternoon,medium,clear,normal,airport,26.38
19.82,43.8115922447856,afternoon,medium,rainy,normal,city_center,33.02
16.27,32.117270657605076,night,low,clear,low,suburbs,18.11
14.74,29.562501747417034,evening,low,clear,normal,suburbs,23.65
4.48,5.0,morning,high,clear,normal,airport,13.9
23.7,44.10086954400168,evening,low,clear,low,city_center,42.63
8.23,12.656802985302859,morning,medium,stormy,low,airport,18.68
14.87,27.849725427878845,night,low,clear,normal,suburbs,27.72
17.79,42.14464780803736,morning,low,rainy,low,suburbs,33.25
16.58,47.24038376720408,afternoon,high,clear,normal,suburbs,35.18
23.57,41.5937250676872,afternoon,medium,clear,normal,city_center,36.11
4.56,5.0,evening,medium,clear,low,airport,15.72
13.2,19.948425416864144,afternoon,low,clear,high,city_center,24.2
10.7,17.93192448746847,afternoon,low,clear,high,suburbs,25.51
12.38,49.52436693375331,evening,medium,clear,normal,suburbs,33.81
3.86,8.552617444524383,morning,low,clear,normal,suburbs,8.06
4.22,5.0,evening,low,rainy,normal,suburbs,8.72
7.67,21.092027966148997,morning,medium,clear,low,city_center,20.06
8.31,14.428328135109396,evening,low,clear,normal,suburbs,19.4
11.27,20.166475521485324,evening,high,clear,high,airport,36.64
15.66,29.371788616113538,evening,medium,rainy,high,suburbs,37.33
16.23,31.64495805502394,afternoon,low,rainy,normal,suburbs,26.37
10.88,16.704319530092384,evening,medium,clear,normal,city_center,17.71
10.81,26.924176180268216,evening,medium,clear,low,suburbs,22.26
6.22,17.65438662952344,night,medium,clear,normal,airport,16.96
15.12,43.747212137489846,morning,high,rainy,normal,city_center,39.83
8.61,21.934593274105353,evening,medium,clear,high,city_center,28.12
1.87,10.212513019605897,evening,low,clear,high,city_center,13.54
11.04,21.0377194525477,night,medium,rainy,normal,suburbs,17.74
12.38,29.32156581538289,afternoon,high,rainy,normal,city_center,28.24
6.41,12.490609797290633,afternoon,medium,clear,low,city_center,12.05
14.74,25.899116319705264,night,high,clear,normal,airport,30.65
14.58,23.338570559896205,afternoon,low,clear,high,city_center,28.98
17.85,37.04261576911631,evening,low,clear,normal,city_center,33.02
16.55,28.38069973014578,afternoon,high,rainy,normal,suburbs,29.35
16.66,25.261275473590498,night,low,rainy,normal,city_center,29.07
8.59,14.44650638019463,afternoon,low,rainy,normal,city_center,12.15
19.9,61.14942486413141,afternoon,low,clear,high,suburbs,46.18
14.18,14.412309002431718,evening,high,rainy,normal,city_center,25.64
11.35,23.92840820587101,morning,medium,clear,normal,city_center,20.31
16.02,25.361345271569597,morning,high,clear,high,suburbs,40.69
9.66,17.652496499077223,evening,medium,clear,normal,suburbs,15.99
13.31,20.34248733021306,afternoon,high,clear,normal,airport,26.03
18.68,48.504960726189786,morning,high,clear,high,city_center,59.68
22.27,47.35375600481835,evening,high,clear,normal,city_center,44.53
23.11,50.269589545011854,afternoon,low,clear,low,city_center,34.92
13.09,31.645234689857347,night,high,clear,normal,suburbs,31.29
13.49,15.741418835404133,evening,medium,clear,low,city_center,21.33
20.2,49.79909926731413,night,high,rainy,high,suburbs,58.93
8.55,17.338173970496783,evening,medium,clear,high,suburbs,28.64
21.1,32.47471202035776,night,low,clear,high,airport,44.71
12.86,22.741630839480628,afternoon,medium,clear,normal,suburbs,21.11
3.78,7.625350362982128,evening,medium,clear,high,suburbs,14.14
2.73,7.154553871280969,night,high,clear,normal,city_center,8.27
21.21,33.537007366587765,evening,medium,clear,low,airport,34.76
2.33,5.0,night,high,stormy,low,city_center,8.46
7.73,18.13949903497351,night,medium,clear,high,city_center,20.32
9.02,21.37937854873983,morning,medium,clear,high,city_center,23.02
5.15,9.909060450842222,afternoon,medium,clear,normal,suburbs,6.35
8.53,17.035024208333972,afternoon,medium,rainy,normal,suburbs,11.94
18.82,41.465579315384495,night,high,clear,high,city_center,48.55
1.35,7.173130354490905,night,medium,stormy,high,city_center,7.44
20.85,44.59045231534278,evening,medium,rainy,high,airport,59.26
21.56,41.34630500211738,morning,high,stormy,high,suburbs,68.89
9.93,16.353680740737676,afternoon,medium,clear,low,suburbs,15.28
4.69,12.721441521490956,morning,high,clear,high,city_center,16.88
15.42,21.442643811129585,afternoon,high,rainy,high,city_center,40.89
3.87,13.270705308156604,night,medium,clear,normal,city_center,10.05
9.76,13.666373113525804,afternoon,medium,clear,high,airport,22.94
24.0,50.194400848162516,evening,high,clear,low,suburbs,44.37
24.89,59.57113127030753,evening,medium,rainy,low,city_center,49.3
19.53,57.37429944395338,evening,medium,rainy,high,suburbs,55.39
8.46,18.491165176466883,morning,low,rainy,high,city_center,28.23
17.5,33.75779748621049,morning,low,clear,normal,city_center,26.82
17.93,49.48531806605801,morning,high,rainy,high,airport,62.03
10.31,20.911156771647793,afternoon,high,clear,low,suburbs,20.11
16.38,28.387987948750713,morning,high,rainy,normal,city_center,41.84
1.26,5.0,afternoon,high,clear,low,city_center,10.33
6.02,13.16969491380095,evening,high,rainy,high,airport,26.83
13.6,22.33409065642936,afternoon,medium,stormy,high,suburbs,28.76
4.93,10.039244388584276,evening,low,clear,low,city_center,9.25
4.98,18.462871213990034,afternoon,medium,clear,high,city_center,19.23
21.07,70.78490170820638,morning,high,clear,low,airport,56.83
24.74,55.86558271031599,morning,medium,clear,high,city_center,61.04
14.34,23.066920475783068,morning,high,clear,high,suburbs,35.6
21.14,24.108099852297013,afternoon,high,stormy,high,city_center,51.19
24.77,39.83982536297962,evening,low,rainy,low,airport,43.74
4.4,16.436057953939084,afternoon,medium,stormy,normal,suburbs,13.64
11.76,31.759986252413547,morning,medium,clear,normal,suburbs,23.55
10.42,16.0264109703289,afternoon,medium,clear,normal,city_center,18.54
2.92,5.0,morning,low,clear,normal,suburbs,5.66
19.13,34.720495732993,evening,medium,clear,normal,suburbs,33.46
11.41,27.11975871714136,evening,high,rainy,low,suburbs,25.7
12.26,27.766120464779274,evening,medium,rainy,normal,city_center,28.54
4.62,5.382722867031218,evening,high,clear,low,city_center,5.7
5.34,10.641692981071143,afternoon,high,clear,normal,city_center,15.49
22.77,54.37501880777157,morning,high,clear,normal,suburbs,52.87
2.07,5.0,evening,low,clear,normal,city_center,9.31
6.59,13.400283215423759,evening,low,rainy,normal,suburbs,14.64
8.01,17.178382755545535,evening,medium,rainy,normal,city_center,15.5
12.76,17.4818685944746,evening,high,clear,high,airport,38.75
15.07,33.246606848961676,evening,medium,clear,normal,city_center,29.19
12.84,27.52111285026905,evening,high,clear,normal,city_center,28.17
3.02,5.0,evening,medium,rainy,normal,suburbs,12.46
6.85,9.978406523842711,night,medium,clear,low,suburbs,11.12
21.25,29.748606128099222,morning,medium,rainy,normal,city_center,36.32
16.3,48.61484855050466,morning,medium,clear,high,city_center,46.86
16.58,22.294004794188755,evening,medium,clear,high,city_center,36.44
17.08,52.12754200976453,afternoon,low,clear,low,suburbs,26.37
19.31,41.87974288262034,afternoon,medium,rainy,high,city_center,38.42
2.39,5.0,evening,low,rainy,low,city_center,5.0
9.8,22.078560373889722,afternoon,medium,clear,high,airport,27.47
13.95,37.103993850852284,afternoon,high,stormy,high,city_center,47.01
9.12,16.934818286845697,morning,low,rainy,high,city_center,25.68
21.27,43.70558796151136,afternoon,medium,rainy,low,suburbs,33.52
12.58,27.184663345627406,evening,high,rainy,low,city_center,25.65
19.45,42.36621616458811,afternoon,medium,clear,normal,city_center,33.85
21.45,40.99269126041015,morning,medium,clear,normal,suburbs,39.69
13.11,38.43833884371816,evening,medium,clear,normal,city_center,32.29
22.83,30.267231826308183,night,high,clear,low,suburbs,31.93
15.09,38.27256858496947,morning,high,rainy,high,suburbs,49.7
21.41,42.23892970201923,afternoon,low,clear,normal,suburbs,32.12
9.17,24.210759847509706,morning,high,clear,normal,airport,27.05
12.97,28.9317760774409,afternoon,low,clear,high,city_center,26.21
13.75,36.14840665939446,evening,low,clear,normal,suburbs,26.84
3.52,5.0,afternoon,high,clear,normal,suburbs,5.97
10.57,19.871971083437636,afternoon,high,clear,normal,suburbs,17.2
23.02,60.26238184074398,night,low,clear,normal,city_center,41.08
16.14,38.99265207661845,afternoon,medium,clear,low,city_center,25.55
5.26,9.792171674160024,afternoon,low,clear,normal,city_center,16.23
9.13,19.233486219858484,night,medium,clear,normal,city_center,20.36
5.6,20.50828141046261,afternoon,medium,clear,normal,airport,16.67
1.6,5.0,morning,medium,clear,high,suburbs,10.28
23.26,42.13333899101704,morning,low,rainy,low,city_center,38.71
11.76,35.19190199983864,night,low,clear,normal,suburbs,19.69
8.38,23.74625317533873,night,high,clear,normal,suburbs,20.15
15.36,39.316705292647015,afternoon,low,clear,normal,suburbs,26.69
1.18,12.146505319179903,evening,low,clear,normal,city_center,8.39
7.67,16.692314727956308,morning,medium,rainy,high,suburbs,17.16
17.87,32.529728901340945,morning,medium,clear,high,airport,40.59
16.21,15.651391028194176,night,high,clear,normal,suburbs,26.62
24.56,44.46121345648502,afternoon,low,clear,high,city_center,47.17
15.89,40.37606961511266,morning,medium,clear,high,airport,45.37
12.46,14.996052861863763,afternoon,high,rainy,normal,city_center,24.89
19.27,23.912366928737818,night,high,clear,normal,city_center,32.64
22.68,43.99740822505707,evening,medium,clear,high,city_center,50.86
18.3,42.05116714652183,evening,low,rainy,normal,airport,40.73
24.12,42.47285280042437,evening,medium,clear,low,city_center,40.65
19.77,45.46567422077937,evening,high,clear,high,suburbs,50.94
21.8,69.40662046817896,night,medium,clear,normal,suburbs,47.05
3.74,12.584008547510592,evening,high,clear,high,city_center,20.1
18.58,43.21656328415053,evening,medium,rainy,normal,city_center,40.71
11.56,31.712570216266823,night,medium,clear,normal,city_center,24.24
14.27,36.15639123833124,afternoon,medium,clear,normal,suburbs,26.14
16.7,29.887494797389216,afternoon,high,clear,low,city_center,25.43
24.28,46.94319790616529,night,medium,clear,normal,city_center,38.47
24.63,56.435117546373775,night,medium,clear,normal,city_center,47.73
7.92,11.076350697193025,afternoon,medium,clear,normal,city_center,12.38
18.61,44.22935544981815,evening,high,rainy,high,city_center,57.3
19.0,35.855015586382464,evening,medium,clear,high,city_center,47.19
9.32,17.727425072432425,afternoon,low,rainy,high,suburbs,15.25
3.97,5.0,afternoon,medium,rainy,normal,city_center,7.38
1.98,5.0,morning,medium,stormy,low,city_center,6.63
19.66,39.088352495655634,morning,medium,clear,normal,suburbs,35.64
12.75,33.94723524691236,afternoon,high,rainy,normal,city_center,31.16
24.65,50.9219538836748,afternoon,medium,clear,normal,airport,43.64
12.16,41.347515849289636,evening,medium,clear,normal,city_center,30.7
24.47,45.87885301157536,morning,high,clear,high,airport,64.74
10.88,14.809125750719064,morning,medium,rainy,low,suburbs,10.65
20.05,42.43227526790885,evening,medium,clear,normal,suburbs,36.51
3.04,9.484450846554193,morning,medium,clear,high,city_center,10.71
14.33,27.732009232881502,night,medium,stormy,normal,city_center,28.42
20.25,33.543334697164,afternoon,medium,clear,normal,airport,35.75
23.19,57.88366437996963,evening,high,clear,normal,city_center,50.51
20.74,52.019727330123445,afternoon,low,clear,normal,suburbs,37.64
1.89,5.0,night,low,stormy,high,suburbs,9.3
9.94,9.465370216378329,afternoon,low,rainy,high,city_center,18.54
2.17,11.749344987416649,night,high,stormy,normal,city_center,12.87
3.62,5.0,afternoon,low,clear,high,city_center,8.31
17.21,27.211469342905996,evening,medium,clear,low,suburbs,24.46
18.12,65.08662147200619,morning,high,rainy,high,airport,67.96
19.57,46.90597263934788,afternoon,low,rainy,high,city_center,38.81
21.77,40.81803388886353,afternoon,high,rainy,normal,suburbs,39.68
18.75,38.563771278911155,evening,high,clear,high,city_center,48.48
20.22,45.294837539728114,afternoon,low,clear,high,suburbs,43.03
2.18,5.0,evening,high,clear,normal,city_center,8.09
6.63,12.248967504575415,afternoon,high,clear,normal,airport,16.73
15.93,31.796732818838322,morning,low,stormy,low,suburbs,27.08
21.6,51.602017631537656,evening,high,rainy,normal,suburbs,45.09
1.11,5.0,afternoon,medium,clear,normal,airport,10.78
13.35,29.07505432432078,afternoon,high,clear,low,airport,29.41
17.25,42.67363861340891,night,medium,clear,low,suburbs,25.27
1.71,5.0,morning,high,clear,high,city_center,11.46
10.63,24.089361644520228,evening,high,clear,low,airport,23.66
22.5,46.59549555124882,morning,high,clear,high,airport,62.0
17.12,35.97661411456423,evening,low,clear,high,city_center,44.34
6.7,13.820879187388904,evening,medium,clear,normal,suburbs,9.38
21.47,48.82600306955154,evening,high,clear,normal,city_center,43.54
9.35,22.019988663167165,evening,high,clear,high,city_center,28.24
21.48,45.866652755834274,morning,high,clear,high,suburbs,60.37
8.17,18.287995492132644,afternoon,medium,clear,low,suburbs,12.15
15.17,37.394096912468115,afternoon,high,rainy,normal,city_center,36.0
10.53,34.57015746479098,evening,low,rainy,high,suburbs,35.65
7.6,17.12857611591654,afternoon,high,clear,low,city_center,15.56
22.28,50.74051585217169,afternoon,medium,rainy,normal,suburbs,37.34
5.5,5.186800409204133,afternoon,high,clear,low,suburbs,10.76
3.04,5.992395133924827,evening,medium,clear,high,suburbs,12.49
9.21,21.659751934619187,afternoon,medium,rainy,normal,suburbs,14.37
18.22,42.06971150275728,night,high,clear,normal,suburbs,39.19
20.38,44.55009266290694,night,medium,clear,normal,city_center,35.17
24.97,59.99117450906208,afternoon,medium,clear,high,airport,59.27
8.11,27.85503375239862,night,high,rainy,low,airport,27.43
10.79,18.663844288288562,evening,low,clear,normal,suburbs,16.65
4.28,5.0,morning,medium,clear,high,suburbs,13.6
14.8,22.529642237136056,evening,high,rainy,normal,suburbs,26.75
24.94,52.92403021268908,afternoon,high,clear,high,suburbs,59.1
17.82,35.04199278103884,evening,low,stormy,normal,city_center,33.17
15.29,24.68026308691853,night,medium,clear,normal,suburbs,22.79
10.42,11.785497748715201,evening,medium,clear,high,city_center,25.84
22.97,50.14636628985943,evening,high,clear,normal,suburbs,44.25
12.93,17.501498539388074,evening,medium,clear,normal,city_center,18.66
4.22,11.089670110908546,afternoon,medium,clear,low,airport,15.68
9.77,23.794860919177363,afternoon,high,clear,high,city_center,26.61
2.61,5.0,evening,high,clear,low,airport,11.22
5.85,7.483303070083686,evening,high,stormy,low,suburbs,14.59
1.42,5.0,evening,medium,clear,normal,suburbs,7.28
11.88,21.516428356440194,morning,medium,rainy,high,airport,31.37
16.23,26.88846069347775,morning,low,clear,normal,city_center,27.79
9.24,20.632580348498397,afternoon,medium,clear,normal,city_center,18.04
11.09,21.151719044120178,evening,medium,rainy,high,airport,32.95
24.02,44.97415961560442,afternoon,medium,clear,normal,city_center,36.14
19.05,33.243255957283374,afternoon,high,stormy,low,city_center,36.17
13.98,29.725137544816754,night,high,rainy,normal,suburbs,27.77
7.83,17.94402697121035,night,high,rainy,normal,city_center,19.86
22.53,40.712622631522756,afternoon,high,clear,high,city_center,51.66
6.64,11.79558727021627,evening,medium,clear,normal,suburbs,14.13
8.81,14.690205876479894,afternoon,medium,clear,normal,airport,14.82
22.82,71.74997817652775,evening,medium,clear,high,city_center,67.5
13.71,14.310645709310439,afternoon,low,clear,normal,airport,25.96
18.82,45.82721879070397,afternoon,medium,rainy,high,suburbs,46.96
15.18,50.70677580635752,evening,medium,clear,normal,airport,38.86
16.68,33.72728245823114,afternoon,low,clear,normal,airport,31.33
8.19,26.822315115643875,evening,high,rainy,normal,suburbs,22.82
6.79,14.57091194930862,afternoon,medium,clear,low,airport,14.39
8.74,12.255578467587705,morning,medium,rainy,normal,city_center,18.01
4.73,14.597180222912785,night,medium,rainy,low,airport,14.99
21.98,56.69656351807895,afternoon,medium,rainy,normal,airport,40.42
7.8,31.087462351853816,afternoon,high,clear,high,suburbs,29.74
14.48,31.792234490447036,afternoon,low,clear,low,suburbs,21.83
20.01,41.867447399145064,morning,high,clear,normal,suburbs,44.3
19.81,49.23602837722215,evening,low,rainy,normal,airport,45.83
11.52,22.587632777015777,afternoon,low,clear,normal,suburbs,20.81
12.43,38.08980682299172,night,low,clear,low,suburbs,23.3
24.87,26.70586638189511,afternoon,medium,clear,normal,city_center,30.12
17.19,33.84359443502909,afternoon,high,clear,low,city_center,26.63
20.55,38.53958706189598,afternoon,low,rainy,high,city_center,41.34
22.66,45.46646137455905,morning,medium,clear,high,suburbs,50.8
19.9,41.430464315664636,morning,medium,clear,normal,city_center,32.36
5.44,7.641065963703719,morning,low,clear,high,suburbs,10.32
14.49,25.101112204129983,morning,medium,stormy,low,airport,34.19
3.45,7.335719419963003,evening,high,clear,normal,city_center,8.4
16.67,36.39285063401232,night,medium,clear,normal,city_center,31.03
23.93,72.68745388106859,afternoon,medium,stormy,normal,airport,54.73
13.31,36.836612677885334,afternoon,low,clear,low,airport,26.37
11.39,21.989095744877766,evening,medium,rainy,low,suburbs,19.28
1.86,5.0,morning,low,clear,normal,city_center,5.29
24.03,64.41316108822295,afternoon,low,clear,normal,suburbs,41.52
3.47,10.897625253999008,night,low,clear,normal,airport,12.14
1.99,16.796234381854156,morning,low,clear,high,suburbs,9.93
6.91,10.427453597088988,morning,high,clear,high,city_center,20.34
2.57,7.032314839864716,afternoon,medium,rainy,low,city_center,11.3
11.92,15.560886570243422,afternoon,low,clear,low,city_center,14.23
13.39,26.995116822956348,night,medium,clear,high,suburbs,29.56
8.5,14.793300967983585,afternoon,medium,rainy,normal,city_center,17.94
2.22,18.88360804015029,afternoon,medium,clear,high,city_center,14.41
3.68,5.0,afternoon,medium,clear,low,suburbs,5.0
10.23,19.869934576159693,evening,low,rainy,high,suburbs,22.25
2.45,5.0,afternoon,high,clear,normal,city_center,5.0
17.76,30.71386765550645,afternoon,medium,rainy,normal,suburbs,27.45
5.97,6.37099366247385,morning,high,rainy,normal,city_center,10.66
8.25,22.243379922573013,morning,medium,stormy,normal,airport,24.27
10.46,14.533593054734654,night,medium,clear,normal,city_center,18.35
11.0,18.182193282788052,afternoon,medium,clear,normal,city_center,18.03
1.04,5.0,morning,medium,clear,high,suburbs,5.0
3.69,5.134242731673681,night,medium,clear,high,city_center,10.35
21.71,41.16754287831916,night,medium,clear,normal,suburbs,34.68
1.03,5.0,morning,high,clear,normal,suburbs,9.54
13.2,24.15073008210999,afternoon,medium,clear,high,city_center,28.81
12.75,26.09496553807078,night,low,rainy,normal,suburbs,24.26
8.99,25.733129831175837,morning,medium,stormy,normal,city_center,29.62
11.35,22.54808727665871,afternoon,low,clear,normal,suburbs,20.85
19.73,27.804056161004127,afternoon,medium,clear,normal,city_center,26.11
21.19,42.64045656040058,evening,high,clear,high,airport,61.37
7.25,11.232495075988684,afternoon,low,stormy,normal,suburbs,19.95
8.74,19.420289192961768,afternoon,low,clear,normal,airport,17.65
6.82,13.09902314030213,evening,low,clear,normal,city_center,14.39
12.52,13.834567554718204,evening,medium,clear,normal,city_center,23.35
17.4,36.97724232160754,morning,high,rainy,high,city_center,53.36
6.48,14.606572687271054,morning,medium,rainy,normal,airport,18.44
8.94,27.12240048028246,evening,medium,clear,normal,suburbs,23.27
23.33,45.316952987397435,afternoon,high,clear,normal,city_center,39.13
2.17,6.005784476057359,evening,high,stormy,normal,airport,12.76
12.06,19.7724457035488,morning,medium,rainy,normal,suburbs,23.42
18.08,53.83195103942771,evening,medium,clear,low,city_center,34.29
4.61,9.486081144031026,afternoon,medium,clear,normal,city_center,13.7
2.14,5.0,afternoon,medium,clear,high,suburbs,8.79
4.32,10.113896855810715,morning,medium,clear,high,suburbs,16.52
23.05,61.257565497558524,morning,medium,rainy,normal,city_center,55.62
1.22,5.0,evening,low,clear,normal,city_center,7.32
5.52,19.690143369748505,evening,low,clear,normal,city_center,12.2
1.75,5.0,evening,high,clear,high,suburbs,9.73
3.66,7.754583423215031,evening,low,clear,low,city_center,9.77
15.88,28.62518475280445,afternoon,medium,clear,normal,city_center,28.74
6.8,17.635098867169187,evening,low,clear,normal,suburbs,12.69
14.66,26.11941946585719,morning,high,clear,normal,airport,31.52
15.16,31.53903751601364,evening,medium,clear,high,city_center,37.71
21.39,42.98109608951508,afternoon,low,stormy,normal,airport,45.37
1.11,5.0,morning,high,stormy,low,suburbs,6.91
21.48,31.88223152433033,evening,low,clear,low,suburbs,29.21
15.86,32.18358408307054,night,high,clear,normal,city_center,31.94
4.91,7.021194194109157,afternoon,high,clear,normal,airport,14.7
19.55,49.59581168526477,evening,medium,clear,low,city_center,39.7
21.53,42.46882909606451,afternoon,high,clear,normal,airport,43.9
7.1,7.126768243945963,afternoon,high,clear,high,suburbs,19.95
23.05,32.51915887569887,afternoon,medium,rainy,low,airport,34.99
11.91,29.50461708819169,morning,low,rainy,normal,city_center,26.01
15.48,38.19046772424746,morning,low,clear,normal,suburbs,31.98
24.63,47.83725038819043,evening,low,rainy,normal,airport,48.64
9.68,16.739009984429376,afternoon,medium,rainy,high,airport,32.52
20.52,56.1738748794541,afternoon,low,rainy,low,city_center,33.3
8.64,18.26755952094872,morning,medium,rainy,high,suburbs,23.0
20.18,28.964814004553457,morning,low,clear,normal,city_center,28.06
15.42,41.57090414813419,evening,high,clear,high,suburbs,51.35
6.19,11.186136749973311,evening,low,clear,high,suburbs,20.13
10.94,23.321382766770743,afternoon,medium,clear,normal,suburbs,19.56
8.62,14.836622746868873,evening,low,clear,normal,city_center,20.57
2.87,9.461397019007146,evening,medium,clear,low,city_center,5.67
1.72,11.902312322423635,morning,medium,rainy,low,suburbs,10.0
9.32,9.432401056113005,morning,medium,clear,normal,city_center,17.82
1.46,8.7605287287105,afternoon,low,clear,high,suburbs,12.56
4.97,10.335051967140593,afternoon,medium,rainy,high,suburbs,14.7
18.4,35.04146746498217,morning,medium,clear,normal,suburbs,34.52
17.99,44.008965222321386,afternoon,high,clear,low,suburbs,31.24
18.73,19.484298542516758,morning,low,clear,low,airport,31.15
8.61,26.506686407668088,afternoon,low,clear,high,suburbs,18.64
22.36,60.22200372480904,afternoon,high,clear,high,suburbs,58.33
15.25,36.41689168707767,night,medium,clear,high,airport,40.46
4.02,5.0,night,high,clear,normal,suburbs,5.0
4.45,20.144718798838863,night,low,clear,low,suburbs,12.59
17.63,31.073596583005198,evening,medium,clear,high,suburbs,36.1
5.15,14.724850139797702,night,medium,rainy,high,city_center,20.25
13.18,26.260842029233576,morning,high,clear,normal,city_center,27.22
24.8,61.392260340204366,afternoon,medium,rainy,low,suburbs,39.79
1.1,5.6236568485050755,evening,medium,stormy,normal,city_center,9.9
1.4,5.0,afternoon,medium,clear,high,city_center,13.27
24.83,41.07605077135182,morning,low,rainy,high,airport,57.39
15.03,27.110623740290823,evening,low,clear,high,city_center,33.02
4.05,5.257888303242874,night,medium,clear,high,city_center,14.05
22.54,37.27675473743308,afternoon,medium,clear,normal,suburbs,33.41
22.13,30.90955437774863,morning,high,stormy,high,city_center,62.86
13.87,28.788585857158818,morning,high,rainy,high,city_center,43.48
15.92,22.858769355265224,morning,low,stormy,normal,suburbs,28.49
7.56,15.866213557751621,evening,high,clear,high,city_center,24.02
2.21,8.00084300177074,afternoon,high,clear,normal,suburbs,11.67
15.27,30.110162594391156,morning,high,clear,normal,suburbs,28.86
8.07,6.861251414776717,night,medium,rainy,normal,suburbs,8.64
16.93,25.781693642501605,afternoon,high,clear,normal,suburbs,25.67
21.07,42.47459620038202,evening,high,clear,low,city_center,45.13
1.44,5.9735217514786445,evening,medium,rainy,low,suburbs,10.85
15.3,32.7579621650094,evening,medium,rainy,normal,airport,37.89
6.55,15.301376560710695,night,medium,clear,high,suburbs,12.4
21.97,46.54423587097195,night,low,clear,normal,city_center,38.47
7.09,19.010979872869445,morning,low,clear,high,city_center,21.38
15.66,27.727843982547352,afternoon,medium,clear,high,airport,33.93
14.28,22.840247465332993,night,medium,clear,low,city_center,25.35
10.51,24.29240164582075,evening,medium,clear,normal,suburbs,24.99
17.26,35.990126842800464,afternoon,high,clear,normal,airport,35.43
18.42,46.421164470936006,night,high,clear,normal,city_center,42.79
14.61,48.41506117623246,evening,low,clear,high,city_center,42.34
19.2,49.122586017850196,afternoon,low,rainy,normal,city_center,35.54
24.6,64.11412694872743,afternoon,medium,clear,high,airport,57.58
11.06,17.653077543603818,night,medium,stormy,low,suburbs,16.6
13.35,25.97456973084999,evening,high,rainy,normal,airport,31.19
1.3,5.0,night,medium,rainy,high,suburbs,5.82
20.1,37.677871016968396,evening,low,clear,high,suburbs,39.68
13.49,23.99447035006547,morning,low,clear,normal,suburbs,29.83
10.79,22.126763535369218,afternoon,high,clear,low,city_center,18.8
3.26,5.0,afternoon,medium,clear,normal,city_center,8.88
22.35,46.53704586957926,afternoon,low,clear,normal,city_center,36.81
10.48,18.322822756140088,evening,low,clear,normal,city_center,15.89
17.38,28.556052782159743,morning,medium,clear,normal,city_center,32.44
4.58,14.472701128694833,afternoon,medium,rainy,low,airport,13.22
24.08,38.46199831267549,night,low,clear,low,suburbs,31.62
5.28,18.575197139718902,evening,medium,clear,high,city_center,19.97
5.79,18.933529607009927,afternoon,medium,clear,normal,airport,17.26
21.62,56.67511551165217,morning,high,rainy,normal,suburbs,50.73
22.9,43.427572801820276,afternoon,low,stormy,low,airport,42.79
6.09,12.895172203849526,evening,low,rainy,low,city_center,16.91
12.28,20.94512785616833,night,high,clear,normal,city_center,25.93
18.6,31.608252252808292,afternoon,medium,rainy,normal,airport,35.07
22.08,46.18071354285491,afternoon,high,rainy,normal,city_center,41.49
10.1,23.33706568613256,evening,medium,clear,high,suburbs,28.05
13.41,31.72836882027225,afternoon,low,clear,high,city_center,29.44
18.8,30.380944462286514,evening,medium,rainy,normal,airport,33.75
18.55,28.250384124248797,morning,low,rainy,normal,city_center,30.82
19.79,43.72530027144245,afternoon,high,clear,low,city_center,34.56
14.68,23.24679958567401,afternoon,low,clear,low,suburbs,21.08
3.51,13.152756187903638,evening,high,stormy,low,airport,18.04
22.7,41.66741497711219,afternoon,high,clear,low,city_center,36.47
21.77,26.445892752015908,afternoon,medium,rainy,normal,city_center,31.41
20.15,27.576845294954964,evening,medium,clear,normal,suburbs,34.27
3.4,5.0,morning,high,clear,normal,city_center,7.6
5.91,16.025958772013322,morning,high,clear,normal,city_center,17.8
18.85,34.86735544900062,morning,high,clear,normal,airport,45.9
1.56,11.074678741931319,afternoon,high,clear,high,city_center,12.06
24.5,44.11212147292583,afternoon,medium,rainy,normal,suburbs,37.98
10.05,26.258049474821505,morning,low,clear,normal,city_center,21.66
18.26,33.56499069391752,morning,low,clear,low,suburbs,22.94
22.3,66.15172427016087,night,high,clear,high,suburbs,65.5
10.47,26.577343012954604,afternoon,high,clear,high,suburbs,25.55
8.66,18.249431889985203,evening,low,rainy,normal,suburbs,17.64
15.61,29.3133658138645,evening,low,rainy,low,suburbs,23.88
14.94,38.32443820592243,morning,medium,clear,normal,city_center,37.16
10.82,29.910703658366142,afternoon,medium,clear,low,suburbs,17.79
15.44,36.46616609420323,evening,medium,rainy,low,city_center,24.87
23.45,58.384264584636334,morning,high,rainy,normal,airport,60.3
12.22,29.8574405001459,morning,medium,rainy,normal,airport,27.79
5.72,9.86737376559023,afternoon,medium,clear,high,city_center,15.56
10.05,22.395137125461645,afternoon,medium,stormy,normal,suburbs,22.5
10.46,10.578046957121973,afternoon,medium,clear,normal,city_center,13.33
4.15,5.0,afternoon,medium,rainy,high,city_center,12.09
4.91,5.0,afternoon,high,clear,high,city_center,13.71
17.43,33.67762316889528,afternoon,high,clear,high,city_center,39.52
9.15,18.573700112648126,evening,high,clear,normal,airport,24.33
23.92,50.313310814819204,morning,medium,clear,normal,suburbs,47.25
6.85,12.368065739700565,evening,low,clear,high,airport,21.31
3.37,5.0,evening,high,clear,normal,city_center,9.22
19.08,63.4870655078476,afternoon,medium,clear,low,suburbs,34.73
22.14,31.35777702071394,afternoon,medium,stormy,high,city_center,46.44
7.67,14.711533229353687,afternoon,medium,clear,normal,city_center,14.28
5.85,12.839516687673251,afternoon,medium,clear,high,suburbs,15.56
5.46,12.89506303236282,morning,high,clear,high,suburbs,18.77
13.53,37.04048601559156,evening,medium,clear,normal,suburbs,35.56
12.24,22.13338674427327,evening,medium,clear,normal,airport,31.37
7.23,19.04584381436243,afternoon,high,clear,normal,suburbs,16.34
2.08,5.0,night,low,clear,normal,airport,11.16
12.56,14.686565208244444,night,medium,clear,normal,city_center,16.93
24.02,44.39445482952976,afternoon,medium,clear,normal,airport,39.75
16.66,28.843536088882644,evening,medium,clear,low,city_center,27.54
12.89,26.773572675787772,morning,low,rainy,high,suburbs,34.54
3.66,13.268471881672856,evening,low,clear,high,suburbs,14.23
7.06,19.531236494810496,evening,medium,clear,low,airport,20.31
8.07,27.79639470359113,afternoon,medium,clear,low,city_center,16.46
19.36,57.15814945877537,afternoon,high,rainy,high,city_center,55.13
22.04,49.530665394800565,evening,medium,clear,high,airport,57.43
22.64,50.5591877538794,afternoon,low,clear,low,city_center,31.89
24.63,55.48007068154164,evening,medium,rainy,high,suburbs,64.7
24.58,54.140304052406144,night,low,clear,high,city_center,57.13
23.87,35.816703899584866,afternoon,low,clear,high,city_center,40.77
2.72,8.561513261576053,morning,medium,clear,normal,suburbs,8.52
4.31,5.0,evening,medium,clear,high,city_center,16.79
8.31,19.290726138695433,evening,medium,clear,low,city_center,16.76
14.27,19.89931548861745,afternoon,high,clear,high,city_center,33.92
3.33,5.0,morning,medium,stormy,normal,suburbs,5.26
21.3,44.99467932869779,evening,low,clear,normal,city_center,44.02
15.8,42.0429089421733,morning,low,clear,high,city_center,40.62
14.02,30.524251499746512,afternoon,high,clear,high,airport,37.9
4.97,21.821929532450447,afternoon,low,rainy,high,city_center,23.09
7.08,18.21304832705566,evening,medium,clear,normal,city_center,19.71
4.85,13.44673954255649,night,low,clear,normal,suburbs,8.4
21.45,51.03086062543726,evening,medium,clear,normal,city_center,44.25
15.02,39.99839149308515,evening,low,clear,normal,suburbs,31.36
18.64,42.335906598226224,morning,low,stormy,high,airport,52.94
8.1,25.418062196551823,evening,medium,clear,normal,airport,21.73
9.91,12.736652988686814,evening,high,clear,high,airport,32.07
10.72,9.820263516708753,evening,medium,clear,low,suburbs,16.35
19.24,35.96416137125052,evening,medium,clear,normal,city_center,32.71
19.54,33.17381175109628,morning,high,clear,normal,city_center,39.31
5.96,19.343101103154297,afternoon,low,rainy,high,suburbs,18.99
23.6,33.22869684166011,evening,medium,clear,normal,suburbs,37.65
3.9,5.501218679286199,morning,low,clear,normal,city_center,8.51
22.51,50.584170236421684,morning,medium,clear,normal,airport,45.59
3.41,5.253608114663469,night,medium,clear,normal,suburbs,8.23
7.35,11.985589400964718,night,high,rainy,normal,city_center,16.49
21.32,48.86531438533449,afternoon,medium,rainy,normal,suburbs,36.9
5.31,12.656940942983983,morning,low,clear,normal,city_center,13.33
10.93,28.79434560040019,afternoon,high,rainy,normal,city_center,28.2
11.8,20.08131029300492,morning,low,stormy,low,city_center,17.34
6.89,17.413954013407192,morning,low,rainy,high,suburbs,18.72
18.05,38.42499582452777,morning,high,clear,low,suburbs,35.57
21.43,46.28360119043254,evening,medium,clear,normal,city_center,41.88
21.99,37.354447396943826,afternoon,high,rainy,normal,city_center,45.21
9.14,11.928944662993969,morning,low,clear,low,suburbs,14.18
13.74,32.2311124032469,evening,low,clear,high,suburbs,37.03
6.96,16.87757262145523,morning,medium,clear,low,suburbs,15.83
6.88,11.302197045619709,night,low,rainy,normal,suburbs,14.84
4.87,11.375832066480834,morning,high,rainy,low,city_center,13.16
23.56,57.82393054814342,morning,low,rainy,high,airport,62.19
22.31,51.15122529725858,afternoon,low,clear,high,airport,55.65
19.66,27.95220152046047,morning,medium,rainy,normal,suburbs,33.32
13.42,23.093573997726015,morning,low,rainy,high,city_center,31.96
12.77,22.45956813682588,night,low,rainy,high,city_center,26.07
13.71,22.701066689724712,night,medium,clear,normal,suburbs,23.49
13.88,30.201479314457856,night,medium,clear,normal,suburbs,17.63
11.43,16.577535241481865,evening,medium,rainy,low,suburbs,14.43
4.16,5.0,morning,medium,clear,normal,airport,8.99
4.02,9.689512153561619,night,medium,clear,normal,city_center,7.49
23.85,47.28890424013153,evening,medium,clear,normal,city_center,43.26
12.57,29.48252047508917,afternoon,low,rainy,low,suburbs,21.45
23.88,53.49489209966027,evening,low,clear,low,city_center,39.33
4.93,10.224101352445095,evening,high,clear,high,suburbs,18.56
14.31,35.302130506780706,evening,low,rainy,high,airport,48.35
5.99,18.847275068398453,evening,high,clear,high,city_center,24.46
7.08,12.10629410571926,night,low,clear,normal,suburbs,14.47
1.72,5.0,evening,medium,rainy,low,airport,12.59
3.85,12.301768154401678,night,medium,clear,high,city_center,15.11
23.0,54.35100268110029,evening,medium,clear,normal,suburbs,41.12
8.72,15.904177053028755,afternoon,medium,clear,low,suburbs,13.0
15.6,21.42293158452165,evening,high,rainy,low,city_center,26.6
12.16,24.903214367858908,evening,high,clear,normal,city_center,29.08
10.61,29.481792035204464,morning,medium,clear,high,city_center,32.81
13.77,33.00267250586383,evening,high,clear,normal,suburbs,30.52
5.49,10.003460691991535,afternoon,low,clear,normal,suburbs,11.18
24.73,50.312503344419106,afternoon,high,clear,high,city_center,58.18
20.64,35.93433078248868,evening,high,clear,normal,suburbs,41.36
18.8,54.17786164258043,night,high,clear,normal,suburbs,39.03
12.25,22.898008451535436,morning,low,stormy,normal,suburbs,20.79
4.67,11.555271242178412,evening,high,rainy,normal,suburbs,17.09
23.1,63.91283744242527,morning,low,rainy,normal,city_center,52.13
9.19,15.683637528711298,evening,medium,stormy,low,suburbs,18.85
2.2,5.0,evening,medium,clear,normal,city_center,5.75
9.22,18.29650226156666,night,medium,rainy,low,city_center,14.66
20.07,38.80418460972625,afternoon,medium,clear,low,suburbs,24.77
15.95,32.472619506915464,evening,low,clear,normal,city_center,29.35
19.02,35.20982158807262,night,medium,clear,normal,city_center,33.19
20.05,49.68111635633991,morning,low,clear,low,suburbs,32.94
6.09,8.884530920718898,afternoon,medium,stormy,normal,suburbs,15.35
23.17,32.31333711822477,evening,medium,rainy,low,airport,34.02
11.51,25.76582314977547,morning,medium,rainy,normal,airport,31.06
16.34,37.06267582626529,evening,medium,clear,normal,city_center,32.83
1.06,5.0,afternoon,high,clear,normal,city_center,6.9
24.84,68.07144439072505,afternoon,low,clear,low,suburbs,30.88
7.74,5.0,afternoon,high,rainy,normal,airport,15.37
2.49,5.750041878886627,morning,medium,clear,high,city_center,7.46
12.0,28.64097636157102,afternoon,low,clear,normal,suburbs,23.44
4.1,11.789846176573946,night,low,clear,normal,airport,12.71
4.66,7.122457332193658,evening,high,clear,high,suburbs,9.35
16.17,30.803674191896015,afternoon,medium,clear,high,city_center,35.3
10.43,18.512547838499014,evening,low,stormy,high,suburbs,29.78
23.12,27.114655501960385,morning,high,rainy,low,city_center,40.52
8.66,20.438229056761678,morning,medium,clear,normal,city_center,19.58
18.43,35.70404947123914,afternoon,medium,clear,low,city_center,29.32
12.07,20.322213253379072,morning,low,rainy,normal,city_center,20.42
16.84,38.44647378457187,morning,medium,rainy,normal,city_center,36.47
15.39,33.12508515026539,evening,medium,clear,high,suburbs,39.22
12.35,23.785510847994747,night,low,rainy,normal,city_center,22.47
23.8,45.14119161264626,afternoon,high,clear,high,airport,57.97
9.23,23.725028734427053,afternoon,low,clear,normal,airport,19.13
5.25,7.39844014501432,evening,low,rainy,low,city_center,9.1
17.27,33.634289247907475,evening,medium,stormy,high,airport,54.47
21.3,45.35916796019951,afternoon,medium,clear,high,airport,47.72
1.97,6.115966802634211,evening,medium,clear,low,city_center,6.46
11.79,15.713678285797576,night,low,clear,normal,city_center,20.1
22.42,48.9779299950609,morning,low,clear,high,suburbs,48.35
18.99,27.138100829119768,morning,high,rainy,normal,city_center,36.1
24.8,59.72156425718868,evening,high,stormy,normal,airport,63.48
13.75,19.61473340216209,morning,medium,clear,low,suburbs,25.78
16.84,19.946781081356228,afternoon,high,rainy,low,city_center,24.99
8.26,15.66197801440227,evening,high,clear,high,suburbs,25.38
23.74,41.73240584302034,evening,low,clear,normal,city_center,45.51
9.79,18.394868632345958,evening,high,rainy,high,suburbs,25.51
18.72,23.978635590306208,evening,low,clear,low,suburbs,24.72
10.68,21.12847055564252,afternoon,high,clear,low,suburbs,16.74
14.48,27.419446037147118,evening,medium,rainy,normal,city_center,28.31
18.27,42.59083135515589,night,high,clear,normal,suburbs,37.13
13.21,31.26036956210393,evening,medium,clear,high,city_center,39.47
22.77,54.02516317802937,afternoon,medium,clear,low,city_center,37.37
11.06,11.528262224043507,evening,high,clear,normal,city_center,25.37
16.53,32.08713311887407,evening,medium,rainy,high,city_center,42.68
9.22,18.01605021007562,afternoon,medium,clear,normal,airport,19.1
10.8,24.165443242154538,afternoon,low,clear,normal,suburbs,20.69
11.56,15.601558142389385,afternoon,high,rainy,high,city_center,26.09
4.02,10.070751427310025,afternoon,low,clear,normal,suburbs,8.43
3.2,6.500380790387784,morning,medium,clear,high,city_center,13.13
17.02,35.61204847739405,morning,high,rainy,high,suburbs,51.75
16.73,39.50417887262621,morning,medium,stormy,normal,airport,42.64
16.91,31.21899040566639,morning,medium,stormy,low,suburbs,32.96
1.47,7.382748598582129,evening,medium,clear,high,city_center,8.29
8.84,21.627333990213856,evening,medium,clear,low,airport,21.07
5.75,11.125668732793752,evening,low,rainy,low,suburbs,12.1
19.68,38.49789396874136,evening,high,clear,normal,airport,45.47
21.66,35.99564153536567,afternoon,high,rainy,normal,city_center,37.73
6.92,19.144251159624748,evening,high,rainy,high,suburbs,27.18
17.03,23.817536537975926,evening,high,rainy,normal,suburbs,33.52
4.1,6.1298225413560665,evening,high,clear,high,city_center,10.56
7.6,9.357356510722212,evening,medium,stormy,normal,suburbs,16.18
4.33,16.492434258265995,morning,medium,clear,normal,suburbs,13.87
7.8,11.991357633921005,evening,medium,clear,normal,city_center,15.68
17.19,44.9446718932669,evening,low,rainy,high,suburbs,46.52
22.85,53.67033719511049,morning,low,stormy,normal,suburbs,51.07
5.86,15.2837458395583,morning,low,clear,high,airport,17.5
14.01,22.299530229280847,afternoon,medium,clear,normal,city_center,24.57
17.83,33.54333545619141,afternoon,medium,stormy,normal,airport,30.65
23.87,44.85026603312326,night,low,rainy,normal,suburbs,36.27
15.64,28.101081207125194,evening,low,clear,normal,city_center,23.37
7.12,16.158149703719676,morning,high,rainy,normal,suburbs,21.76
16.01,36.0458073786833,afternoon,medium,clear,normal,suburbs,26.12
8.69,17.982875309984376,evening,high,clear,normal,airport,24.74
24.43,48.31594046514608,evening,low,clear,low,airport,41.53
10.59,20.4632370152178,afternoon,medium,clear,high,airport,27.29
17.45,37.481552276702274,morning,low,clear,normal,city_center,32.45
1.56,5.0,night,high,clear,normal,city_center,9.71
10.6,14.221478512329167,afternoon,high,clear,normal,airport,23.36
22.0,64.15200601888911,morning,medium,rainy,normal,airport,52.33
15.65,22.40429430503752,morning,low,rainy,high,suburbs,29.07
11.65,19.340028714629714,evening,low,clear,normal,city_center,24.2
23.46,44.125936764178505,evening,low,rainy,normal,city_center,43.74
21.5,18.155089021313785,afternoon,medium,rainy,normal,city_center,27.93
8.73,21.429059309260445,afternoon,low,rainy,normal,suburbs,18.74
14.07,28.86684481587901,night,low,clear,normal,city_center,29.97
12.76,15.26957960992926,afternoon,medium,rainy,normal,airport,23.62
16.17,29.274333270844444,afternoon,high,rainy,normal,city_center,34.74
9.02,22.152422425254564,afternoon,low,clear,high,city_center,22.23
6.86,6.0023067251281885,morning,low,rainy,low,suburbs,14.56
22.9,39.004067559115626,night,low,clear,normal,airport,38.94
23.17,42.76016656195676,morning,low,rainy,low,city_center,36.71
21.24,55.04547782067231,morning,low,clear,normal,suburbs,44.21
24.48,49.09674817031311,morning,high,clear,normal,city_center,51.96
18.88,41.15351440430541,morning,high,rainy,normal,city_center,44.28
19.35,44.9388764114936,afternoon,low,clear,normal,city_center,34.6
19.3,53.38382168307046,night,low,rainy,normal,airport,41.68
12.53,32.197156488353485,morning,low,clear,normal,airport,25.57
11.95,25.528971324444132,morning,low,clear,low,suburbs,19.04
6.77,11.519748519701114,afternoon,high,clear,high,airport,20.43
16.48,30.00215737608903,night,medium,clear,normal,suburbs,24.5
7.94,11.394111667164061,night,medium,clear,normal,city_center,17.11
7.19,10.051314170773983,night,low,clear,normal,airport,15.1
15.06,41.5577960172458,morning,low,clear,low,airport,31.28
10.84,27.103582655755957,evening,low,clear,normal,suburbs,21.44
6.25,5.0,evening,medium,rainy,normal,city_center,13.12
20.59,47.29991609538688,morning,medium,clear,normal,city_center,42.14
21.65,48.98340167222302,evening,low,clear,normal,city_center,41.03
5.02,5.378270026318152,evening,low,rainy,high,airport,17.37
1.18,5.0,evening,high,clear,normal,city_center,5.0
9.07,17.13116697604899,morning,medium,clear,normal,airport,23.62
20.14,51.81075074792739,afternoon,low,clear,high,airport,46.31
21.14,46.3766350467454,evening,medium,clear,normal,suburbs,42.5
4.32,5.0,morning,high,rainy,normal,airport,14.4
19.58,23.83774322077818,morning,medium,clear,normal,suburbs,26.72
3.78,10.154638544811474,evening,high,clear,normal,suburbs,11.7
10.36,18.344851947684724,morning,high,clear,low,city_center,23.05
24.97,51.90265697423736,morning,medium,clear,low,city_center,41.47
5.62,5.011659919239904,morning,high,clear,normal,suburbs,12.65
4.7,13.848841303687522,morning,medium,rainy,normal,suburbs,16.13
11.15,15.942684700247248,afternoon,low,clear,high,airport,26.24
15.87,38.75282478982384,evening,high,clear,low,city_center,30.97
23.39,61.7808994132704,evening,low,rainy,high,city_center,63.05
24.54,48.629763777404136,morning,low,rainy,high,suburbs,55.64
2.67,8.981069654636881,evening,medium,clear,high,city_center,7.38
4.31,6.462516474345087,morning,medium,clear,high,city_center,9.67
19.98,47.520823008063516,morning,low,rainy,high,suburbs,55.14
7.5,12.126030904334627,evening,high,rainy,low,city_center,15.74
22.24,30.973217981896184,night,low,clear,normal,suburbs,30.05
16.92,40.721791245475075,afternoon,low,clear,high,city_center,34.51
3.68,14.08768879071262,evening,medium,clear,high,suburbs,19.42
20.98,41.027234731166565,afternoon,high,clear,high,airport,54.51
5.23,11.121296858842062,evening,medium,clear,normal,city_center,12.14
11.16,30.108424488232583,evening,medium,clear,high,suburbs,33.31
14.25,39.71751992437486,afternoon,high,clear,normal,airport,38.62
13.02,24.20441427201358,evening,medium,rainy,normal,city_center,21.28
17.47,35.41144479373588,evening,medium,clear,high,city_center,46.33
16.66,26.1835877718309,night,medium,clear,normal,suburbs,23.34
24.81,72.42774929528828,afternoon,high,clear,high,suburbs,63.86
24.99,53.16684242099167,night,high,clear,normal,airport,57.92
13.4,41.09712026842679,evening,low,clear,high,airport,43.31
3.28,14.83314771562925,afternoon,high,clear,normal,airport,14.24
18.47,40.94853196112751,afternoon,medium,clear,normal,city_center,36.68
24.44,50.936578048359046,night,high,clear,high,airport,64.15
8.64,21.775787531677135,evening,low,clear,high,city_center,22.06
12.07,46.83989416272708,afternoon,high,rainy,high,suburbs,44.33
11.19,28.703951616081156,morning,high,clear,normal,city_center,24.53
2.23,5.0,afternoon,high,rainy,low,city_center,7.6
17.13,40.90304348536945,morning,high,clear,high,airport,51.6
9.48,24.42583767845711,morning,low,clear,high,city_center,23.99
19.9,34.188066123806955,evening,high,clear,normal,suburbs,40.35
20.97,40.258900623681406,afternoon,high,clear,high,city_center,47.21
20.71,39.934626943259914,morning,medium,clear,normal,airport,43.9
11.0,27.419354752726328,afternoon,medium,rainy,normal,airport,20.57
8.72,20.470822020439762,morning,low,clear,low,airport,20.1
18.97,37.95779606710575,evening,medium,stormy,high,suburbs,50.18
20.23,42.26017135934934,afternoon,low,rainy,high,city_center,43.01
12.79,30.93071994978874,night,high,clear,normal,suburbs,26.01
22.43,41.656516282468914,evening,medium,clear,low,city_center,37.68
4.45,5.0,evening,medium,stormy,normal,city_center,12.34
22.1,62.44892832107277,afternoon,low,stormy,high,city_center,57.92
3.31,6.085463484906674,evening,low,clear,high,airport,13.37
4.68,17.731950448528213,evening,low,rainy,normal,suburbs,14.38
13.81,34.98059516328257,night,low,rainy,high,suburbs,35.06
2.62,5.0,evening,medium,rainy,normal,city_center,5.0
2.27,5.0,night,high,clear,normal,suburbs,5.0
1.01,5.0,night,high,clear,normal,airport,7.3
11.47,25.299036904175715,night,medium,clear,low,city_center,18.94
19.59,43.71403617918327,evening,medium,rainy,low,city_center,31.72
1.84,5.0,morning,low,clear,low,airport,11.26
16.65,40.736174924708166,evening,high,rainy,high,suburbs,49.38
20.76,67.06611717138263,night,medium,clear,normal,suburbs,44.44
5.03,13.69099606170098,night,high,clear,normal,suburbs,11.04
4.52,9.374679326950563,night,high,rainy,normal,city_center,14.8
21.66,51.47924933633737,afternoon,low,rainy,high,city_center,48.02
20.75,44.70636284699918,evening,medium,clear,low,suburbs,34.22
13.93,26.912286848212084,afternoon,high,rainy,high,suburbs,36.38
20.66,63.28788572261691,evening,medium,clear,normal,city_center,45.53
3.23,6.798474092041686,afternoon,medium,clear,normal,airport,7.76
10.47,15.702595167358158,afternoon,medium,clear,normal,suburbs,11.68
18.71,38.15580643792255,afternoon,low,clear,low,airport,32.95
7.18,12.640157022288783,afternoon,low,rainy,high,suburbs,12.49
19.06,28.423328564294494,afternoon,high,clear,normal,suburbs,29.79
13.1,31.105325568839557,evening,medium,rainy,low,suburbs,28.34
19.01,44.49073620493688,morning,low,clear,high,city_center,45.63
12.15,32.251170971578176,evening,medium,clear,normal,city_center,25.36
9.83,23.398946030441046,morning,medium,clear,normal,city_center,22.4
6.26,10.752873636077478,morning,medium,clear,low,suburbs,14.39
6.0,6.743599434466453,morning,low,clear,normal,suburbs,14.23
19.04,55.85117436493221,morning,medium,clear,normal,city_center,40.52
3.85,14.56637404985403,evening,high,clear,high,suburbs,18.29
3.06,14.5516952034991,evening,low,stormy,low,city_center,11.63
5.23,7.443675301598587,evening,medium,stormy,high,airport,19.93
5.21,18.556279374313114,evening,high,clear,normal,airport,22.28
20.75,36.71573771799345,evening,low,rainy,low,airport,37.95
10.56,15.433397313526017,evening,high,clear,high,airport,29.38
24.77,47.518546571600965,afternoon,medium,clear,normal,suburbs,35.22
4.29,5.0,morning,medium,rainy,low,city_center,13.42
16.68,32.16581551031907,night,low,stormy,low,airport,30.74
11.77,20.562364627088787,afternoon,low,clear,high,suburbs,24.25
10.43,18.05071138008545,night,high,clear,normal,suburbs,23.54
22.0,38.22466546856419,night,low,stormy,high,suburbs,48.25
24.41,57.113208266581466,afternoon,medium,rainy,high,suburbs,58.87
21.95,45.572844775104905,night,medium,clear,normal,suburbs,34.94
5.62,15.131295489844277,morning,low,clear,low,suburbs,14.0
6.3,20.066030123231908,evening,high,clear,normal,suburbs,18.25
16.75,42.311236310659346,evening,medium,clear,normal,suburbs,33.27
7.94,16.175164088079384,evening,high,clear,low,suburbs,18.34
18.63,31.890084649060654,afternoon,low,clear,normal,suburbs,25.86
14.59,27.020542655875445,morning,low,clear,normal,city_center,24.74
14.22,39.47759747283445,morning,low,clear,high,suburbs,33.48
20.89,32.46749508678809,afternoon,medium,clear,low,airport,33.31
18.05,34.05217412154464,afternoon,high,rainy,low,city_center,33.38
1.64,12.175813176242686,afternoon,medium,clear,normal,suburbs,11.76
2.19,5.0,evening,low,clear,low,suburbs,6.51
15.44,50.70129912617316,afternoon,low,rainy,normal,suburbs,28.98
12.67,26.607093346838386,morning,medium,clear,high,suburbs,31.84
7.24,29.934127330519345,morning,low,rainy,low,city_center,19.32
11.05,20.735068717553226,night,low,clear,low,airport,23.96
19.19,29.674440623597384,evening,medium,clear,high,suburbs,44.15
20.84,45.019931314303896,afternoon,medium,clear,high,suburbs,49.9
14.47,44.02708013948517,afternoon,low,stormy,normal,city_center,31.88
10.25,31.822129500569226,morning,medium,clear,normal,airport,31.8
7.5,16.60847606775618,afternoon,medium,clear,low,suburbs,15.98
13.53,14.436745381096268,evening,medium,clear,high,suburbs,28.81
8.55,18.740793515342535,morning,low,rainy,low,city_center,15.98
14.54,29.893051620503012,morning,high,clear,high,airport,44.57
17.24,34.03247840565155,evening,medium,clear,normal,airport,38.38
2.59,5.403393962550025,evening,medium,clear,low,suburbs,7.66
1.03,5.0,afternoon,medium,clear,normal,suburbs,5.0
6.09,14.515187817162774,evening,medium,clear,normal,suburbs,10.81
22.47,41.57842945424778,night,high,clear,high,suburbs,54.42
16.51,34.36440302712234,night,medium,rainy,low,suburbs,20.9
5.13,5.0,afternoon,low,clear,low,city_center,8.81
22.37,40.1837264609607,afternoon,low,rainy,normal,suburbs,32.02
12.28,11.29881303972753,evening,medium,clear,low,airport,19.26
12.43,43.35023981473123,night,low,clear,normal,suburbs,24.88
23.45,43.21472825737362,evening,medium,clear,normal,airport,46.19
2.43,5.0,night,medium,clear,normal,suburbs,5.9
6.16,10.095670275403819,evening,medium,clear,high,city_center,13.92
15.06,28.1103030274415,morning,high,stormy,normal,suburbs,31.17
5.69,10.573666260150627,afternoon,high,rainy,normal,suburbs,12.63
17.31,42.92477673652313,night,medium,rainy,normal,city_center,35.88
6.14,15.56007617672805,morning,medium,clear,normal,suburbs,15.75
3.38,8.35269091518407,evening,low,rainy,high,suburbs,7.07
5.97,10.11140047325354,afternoon,high,clear,low,suburbs,11.19
11.15,21.741482409106542,afternoon,low,rainy,low,suburbs,17.9
5.23,9.668242938093865,evening,medium,rainy,low,airport,13.97
4.23,5.0,afternoon,medium,clear,normal,city_center,7.66
21.65,67.29199881447097,night,medium,clear,low,suburbs,37.91
8.69,14.639483882028134,afternoon,low,clear,low,suburbs,10.46
9.66,11.017841538501441,evening,medium,clear,high,city_center,25.01
2.33,5.0,morning,medium,rainy,high,suburbs,7.24
9.58,20.493901895320842,afternoon,low,clear,low,city_center,13.69
7.36,22.55535331433524,morning,high,clear,low,city_center,14.01
15.65,34.553612502853184,morning,medium,clear,normal,suburbs,31.55
5.93,14.35521251409088,evening,high,clear,high,suburbs,17.63
22.32,53.57557389226328,afternoon,medium,clear,normal,suburbs,35.51
23.31,38.42593050485041,morning,low,stormy,normal,suburbs,46.26
3.4,14.559496059738313,night,low,clear,high,suburbs,9.23
3.58,8.838497039600906,evening,medium,clear,high,city_center,9.39
3.77,14.430263037018555,night,low,stormy,high,city_center,12.3
15.87,31.014323234325893,evening,high,clear,normal,suburbs,29.24
3.93,5.0,evening,low,clear,normal,airport,10.65
21.46,52.4124227768592,afternoon,low,rainy,low,city_center,34.04
19.1,49.53219671970198,night,high,rainy,normal,suburbs,41.49
20.68,54.69201303181353,afternoon,high,rainy,high,city_center,60.72
13.63,22.226072935279443,afternoon,high,clear,high,city_center,32.94
24.92,49.62167805212323,afternoon,low,clear,normal,suburbs,37.16
2.06,5.0,afternoon,low,clear,high,suburbs,7.35
10.63,21.64901598376364,evening,high,clear,low,suburbs,22.38
8.77,26.57611336764791,morning,high,clear,high,city_center,31.41
23.77,58.22220597436501,morning,medium,clear,high,city_center,65.74
14.84,18.785467489688976,evening,high,clear,high,city_center,34.66
20.35,49.140818025459225,evening,high,rainy,low,suburbs,41.42
5.09,18.62592730597252,night,medium,clear,normal,city_center,11.96
24.49,40.60417598504743,evening,high,clear,normal,city_center,45.83
12.97,18.386468750129275,afternoon,low,clear,normal,city_center,16.17
12.85,20.984754997880742,afternoon,medium,clear,normal,suburbs,16.39
24.3,42.69323432084365,morning,low,stormy,low,airport,45.08
10.14,21.679443124764795,morning,medium,clear,normal,suburbs,19.32
10.54,10.050319259716222,night,low,rainy,normal,suburbs,13.37
15.03,26.217651416145408,evening,high,clear,normal,city_center,29.41
4.07,13.717902647368076,afternoon,high,stormy,high,airport,24.87
8.71,25.667647662316547,afternoon,low,clear,normal,city_center,21.77
5.64,19.80934414896452,night,medium,rainy,high,city_center,21.8
3.48,11.957950378637094,afternoon,medium,rainy,high,airport,17.58
21.79,44.150286068227096,afternoon,low,rainy,high,airport,53.21
15.14,31.433159354041408,morning,medium,rainy,normal,suburbs,30.46
9.61,20.327860298378535,afternoon,low,clear,normal,city_center,13.69
10.81,21.86311900096542,afternoon,medium,clear,high,city_center,22.37
11.36,23.381687517212875,evening,high,clear,low,suburbs,22.54
16.2,43.85301477845385,afternoon,medium,clear,normal,city_center,32.52
23.24,72.88033180071902,afternoon,medium,rainy,low,suburbs,45.29
23.39,51.45654803073115,afternoon,high,rainy,high,suburbs,62.32
10.4,21.678946293634485,afternoon,high,clear,high,city_center,29.9
8.9,22.805013566456548,afternoon,medium,clear,high,city_center,25.75
11.83,17.646085889302004,afternoon,low,clear,high,suburbs,20.86
14.63,28.975407187476826,afternoon,low,clear,normal,airport,26.35
12.08,33.58123595921042,morning,low,rainy,normal,suburbs,25.05
16.81,27.379090102636646,night,low,stormy,normal,suburbs,28.67
14.31,34.26659228441197,afternoon,medium,clear,normal,city_center,28.29
8.7,15.482794611357734,evening,medium,rainy,low,city_center,24.98
9.3,13.431775859001467,night,medium,clear,normal,airport,18.77
10.09,15.903109810306773,morning,low,rainy,high,suburbs,21.68
3.27,5.0,morning,high,clear,normal,airport,15.05
4.99,16.034453176719623,morning,low,clear,high,suburbs,15.06
18.35,43.893405143074745,night,medium,clear,normal,city_center,37.65
10.34,10.812805798137052,afternoon,medium,clear,normal,suburbs,17.79
6.15,21.80686264612246,afternoon,medium,clear,low,suburbs,17.46
14.5,33.47815364739398,morning,low,clear,normal,city_center,29.88
19.13,24.54361878878986,morning,medium,clear,normal,suburbs,33.77
7.18,6.823567493938369,evening,high,clear,high,suburbs,14.39
20.84,25.905611352329245,evening,high,clear,low,city_center,37.66
23.26,48.2962419341391,afternoon,low,clear,low,city_center,35.16
15.34,30.795154740479905,afternoon,medium,clear,high,city_center,34.24
17.05,58.19316576574438,evening,high,clear,normal,city_center,46.76
2.26,5.0,night,low,clear,normal,city_center,5.0
23.69,32.95262359291777,afternoon,high,clear,low,airport,40.14
10.42,19.430825796933608,evening,high,clear,normal,suburbs,21.0
23.17,50.12885056536207,night,low,clear,high,city_center,49.26
14.9,13.124318199274988,afternoon,low,clear,normal,airport,23.49
1.11,5.0,morning,medium,clear,low,airport,10.68
1.93,9.495224834898892,afternoon,medium,clear,normal,airport,9.81
17.33,31.471523891984393,morning,medium,rainy,normal,city_center,31.55
14.5,35.6002616911208,morning,medium,clear,low,city_center,25.54
1.64,5.0,evening,medium,clear,normal,airport,11.07
18.84,40.10885349974912,night,low,clear,low,city_center,32.01
21.45,28.85620677129471,evening,low,clear,high,suburbs,42.06
12.91,26.21316756871645,night,medium,clear,normal,suburbs,23.07
12.18,29.29961277900553,night,low,clear,normal,airport,26.04
1.13,6.598412450170541,evening,high,clear,low,suburbs,5.0
19.88,35.093422028213496,night,medium,clear,high,suburbs,39.16
8.94,14.096815362832043,night,low,clear,high,airport,22.29
22.09,52.93930278119604,afternoon,high,clear,low,airport,39.87
9.95,13.806520905407899,night,medium,clear,normal,airport,23.86
14.56,29.92758651830688,night,high,clear,high,city_center,39.25
7.49,11.161662039831972,afternoon,low,clear,high,suburbs,15.28
4.85,9.69431854887707,evening,medium,rainy,low,suburbs,11.0
19.6,42.14976655051409,morning,low,clear,normal,suburbs,33.85
12.92,26.228898701418785,afternoon,high,clear,normal,suburbs,25.06
13.88,22.083745873902885,evening,medium,clear,normal,suburbs,22.22
24.17,43.58152258767509,morning,low,clear,high,city_center,51.66
24.13,50.642126330174946,evening,medium,rainy,low,suburbs,41.59
21.54,42.58941605560246,afternoon,high,clear,high,city_center,51.61
5.5,9.666248376656144,morning,high,clear,normal,airport,21.55
15.26,27.624566148890842,evening,low,clear,low,city_center,22.5
22.08,33.57573124718784,night,low,clear,normal,airport,33.82
9.99,18.610086385574046,morning,medium,stormy,high,city_center,28.53
3.43,5.0,afternoon,medium,clear,normal,suburbs,9.15
20.46,44.086243910325464,morning,high,clear,high,airport,62.41
12.56,25.523850205420626,morning,high,clear,normal,airport,37.84
14.55,23.61563083579667,afternoon,low,clear,normal,suburbs,20.56
24.57,52.14938245398673,afternoon,medium,rainy,low,city_center,39.45
15.57,31.11361808210867,evening,low,clear,low,suburbs,24.84
11.2,16.89665603950043,afternoon,high,rainy,normal,suburbs,20.89
9.88,7.834324327276587,evening,medium,clear,low,city_center,12.92
11.02,22.290427352442478,morning,high,clear,high,city_center,33.12
3.84,13.6184510720767,night,medium,rainy,normal,airport,12.79
20.07,35.48260608340414,afternoon,medium,clear,normal,suburbs,31.0
21.11,58.58684373365871,morning,medium,clear,low,city_center,42.24
7.83,16.35460716261874,morning,medium,clear,normal,suburbs,15.41
8.29,22.311554789042685,afternoon,medium,clear,normal,suburbs,14.44
21.98,43.67766015548995,night,medium,clear,high,city_center,46.47
1.58,9.744781750930805,afternoon,low,clear,low,suburbs,5.0
13.49,34.839661566080636,afternoon,medium,clear,normal,city_center,24.09
12.13,21.969535952595194,evening,high,clear,high,suburbs,39.07
17.56,33.66347017315698,morning,medium,clear,high,suburbs,41.76
4.92,8.73963528524159,evening,high,clear,high,city_center,16.24
17.04,54.5027745364549,morning,medium,clear,low,city_center,34.44
10.04,19.095252204143662,evening,low,clear,low,suburbs,15.94
15.85,25.047066729202612,night,low,rainy,normal,city_center,27.44
1.96,6.8609540978156165,morning,low,clear,high,city_center,11.24
12.08,31.493790036874664,morning,low,rainy,high,airport,40.55
13.53,23.449267166363477,evening,low,rainy,normal,airport,31.51
6.14,20.518975770378415,evening,high,rainy,high,city_center,26.07
4.35,7.16107687472265,evening,medium,clear,normal,city_center,8.96
5.52,16.805444448361055,afternoon,high,rainy,high,city_center,19.67
9.26,13.648982646013724,morning,medium,rainy,low,city_center,18.87
3.32,10.977768989061717,evening,medium,clear,high,city_center,12.34
23.74,63.87557424149609,morning,medium,rainy,normal,city_center,57.67
10.72,17.15875741483253,afternoon,medium,clear,normal,city_center,16.29
20.42,36.13280507545807,afternoon,medium,rainy,normal,city_center,34.93
24.39,52.38228921405018,afternoon,medium,clear,normal,suburbs,39.82
2.94,5.0,evening,high,clear,high,city_center,13.99
16.64,21.525380519394403,afternoon,high,clear,normal,city_center,22.49
21.91,47.352854223901815,afternoon,medium,rainy,low,city_center,37.35
16.22,23.7495695390422,night,high,rainy,normal,airport,33.32
11.3,32.38095480282796,evening,medium,clear,high,city_center,31.95
11.35,27.269280972709034,evening,medium,clear,normal,city_center,27.18
1.86,8.739029187388722,night,high,rainy,normal,city_center,5.05
13.83,30.434143706293977,evening,medium,clear,normal,airport,36.6
24.85,74.42882073298567,morning,medium,clear,high,suburbs,69.92
24.01,47.279182525577276,morning,medium,clear,high,city_center,56.69
1.97,5.0,afternoon,medium,clear,high,city_center,5.27
17.94,42.64834983793032,morning,low,clear,normal,suburbs,32.85
8.24,7.27986295367335,afternoon,medium,clear,normal,city_center,15.75
22.67,39.0118386969261,morning,high,clear,normal,airport,49.59
2.08,5.0,morning,medium,clear,normal,city_center,9.14
23.46,52.2723564972591,afternoon,high,rainy,low,city_center,45.36
21.1,34.33580784805182,morning,high,rainy,normal,suburbs,40.16
3.82,5.34519204469814,morning,medium,rainy,normal,city_center,5.89
2.44,5.0,evening,medium,clear,high,suburbs,6.06
21.03,28.565305819768444,night,medium,clear,high,suburbs,39.19
4.74,10.150073016747138,evening,high,rainy,normal,suburbs,12.21
13.84,34.00930238628113,night,medium,clear,low,suburbs,22.46
22.98,48.79542761684008,morning,low,clear,normal,city_center,43.06
14.62,29.781287835558874,evening,low,clear,high,suburbs,32.76
10.53,24.306829310456767,afternoon,medium,clear,low,suburbs,14.09
11.68,21.828738324990578,afternoon,medium,stormy,high,city_center,27.12
2.51,6.770455522555515,evening,medium,rainy,low,city_center,9.93
24.25,40.849720017783476,evening,medium,clear,normal,suburbs,43.32
8.46,21.177676799236018,morning,medium,clear,high,city_center,28.74
5.54,12.47159426875624,afternoon,medium,stormy,normal,city_center,12.6
7.87,11.773304079940354,evening,medium,rainy,low,city_center,15.44
24.14,46.31711907212272,afternoon,medium,clear,high,suburbs,49.24
3.26,7.39552803804045,afternoon,medium,clear,high,suburbs,10.04
21.82,54.62015639826077,morning,medium,clear,low,suburbs,40.35
17.99,36.59706489055164,morning,medium,stormy,normal,city_center,41.25
20.92,56.7178104577258,afternoon,high,clear,normal,city_center,42.49
24.42,52.97225499783036,afternoon,medium,clear,normal,city_center,39.25
21.21,38.795897197928085,morning,high,clear,normal,city_center,44.8
23.64,37.249384367075784,evening,high,clear,high,suburbs,55.08
4.05,5.0,evening,high,clear,normal,city_center,9.25
20.1,38.480032583611035,morning,high,clear,normal,city_center,42.77
14.1,26.70378260997716,morning,high,clear,normal,city_center,29.65
14.04,41.574857019366476,night,medium,clear,low,suburbs,26.39
22.57,56.86913088691053,night,high,stormy,low,suburbs,46.65
24.32,45.011861112240034,night,low,rainy,high,city_center,45.65
17.92,34.915765892417184,evening,low,clear,normal,city_center,33.07
12.59,38.220836086559736,night,low,clear,normal,city_center,26.03
11.95,16.743837806020444,morning,medium,clear,high,suburbs,29.17
10.27,16.306755935836794,morning,high,clear,high,city_center,27.67
9.68,19.392928163842193,morning,low,rainy,high,suburbs,24.63
10.4,18.864567499011223,afternoon,high,rainy,normal,suburbs,19.13
3.15,11.749375687151092,morning,medium,clear,normal,suburbs,7.94
2.86,5.0,evening,high,rainy,low,city_center,7.84
19.72,41.26929579718741,morning,medium,rainy,low,suburbs,31.95
11.71,18.061470050126726,afternoon,medium,clear,normal,airport,22.93
23.34,54.601701347077814,night,high,clear,normal,suburbs,46.94
15.69,28.39098134004428,evening,high,rainy,high,suburbs,41.04
1.84,5.0,afternoon,medium,clear,high,suburbs,8.88
4.78,14.037798899157703,morning,low,rainy,normal,city_center,11.79
5.94,6.290387841667636,morning,low,clear,normal,city_center,11.37
24.42,43.142230005528,afternoon,low,clear,normal,city_center,38.05
6.25,10.854978348381051,afternoon,low,clear,low,airport,17.45
13.38,36.293515158970045,evening,medium,clear,high,suburbs,31.11
23.47,66.72814430595193,night,medium,clear,low,suburbs,42.63
24.45,69.19865603313247,morning,medium,clear,normal,city_center,53.19
6.67,12.839852087665363,morning,high,clear,low,suburbs,15.09
2.18,10.388321021617394,morning,medium,clear,high,airport,14.53
4.69,9.629821588385798,evening,high,clear,normal,airport,18.67
2.52,6.906917030282402,morning,high,clear,normal,city_center,12.52
5.68,5.648828821414021,evening,medium,rainy,high,city_center,16.48
14.65,17.86271839117756,afternoon,high,rainy,high,city_center,34.83
22.9,55.10719558090643,afternoon,high,clear,normal,suburbs,48.89
13.89,30.231183764396107,evening,medium,clear,normal,suburbs,30.24
16.02,40.35286820541012,afternoon,medium,clear,low,city_center,25.25
5.84,5.0,evening,medium,clear,normal,airport,16.59
20.21,46.464641709772984,morning,medium,clear,normal,airport,46.5
15.83,21.962699476218056,evening,high,stormy,low,city_center,32.59
21.74,59.50713374003751,night,low,rainy,normal,city_center,44.14
23.77,36.583008210863795,morning,medium,rainy,normal,suburbs,36.68
9.35,20.690070439088043,evening,high,clear,high,suburbs,27.96
3.17,5.0,evening,high,rainy,normal,suburbs,8.03
6.42,19.61024071964259,morning,low,rainy,high,suburbs,17.99
11.51,28.774638482540492,afternoon,medium,clear,high,suburbs,29.45
23.7,44.30491947117626,afternoon,low,clear,normal,airport,36.23
10.08,25.166433051676037,evening,medium,rainy,high,city_center,32.81
19.5,37.11467636940664,evening,high,clear,normal,suburbs,39.24
13.97,27.07184130611858,afternoon,medium,clear,normal,airport,30.18
5.39,6.3133512988463565,evening,high,stormy,normal,suburbs,13.96
8.7,19.556881724267036,evening,low,clear,normal,city_center,18.88
16.68,34.23885580780702,morning,medium,clear,high,city_center,41.58
17.15,34.57594178995688,morning,medium,clear,normal,suburbs,30.32
11.43,12.666092664859349,morning,low,clear,normal,suburbs,17.73
6.49,11.779489961029194,night,high,clear,normal,city_center,9.83
18.33,32.11701728517014,afternoon,low,rainy,high,city_center,36.61
5.05,5.337526356444611,morning,high,clear,normal,airport,17.11
23.48,35.976501273490115,afternoon,low,rainy,low,city_center,31.08
5.51,5.716869663916891,afternoon,high,clear,low,airport,15.98
3.58,6.363542774745996,afternoon,high,clear,high,suburbs,8.55
12.94,10.952862044527048,afternoon,high,rainy,normal,suburbs,17.17
13.47,14.889188728083012,afternoon,medium,clear,normal,suburbs,18.41
13.2,45.51511480019128,afternoon,medium,clear,high,suburbs,34.26
11.48,22.27943838882499,evening,medium,clear,normal,suburbs,22.98
24.88,47.51351007675678,evening,medium,clear,normal,city_center,43.95
12.67,32.51202874764048,evening,low,clear,normal,city_center,27.18
12.47,22.58383236718779,morning,low,clear,low,suburbs,13.39
11.12,27.12751377211105,night,medium,rainy,normal,suburbs,21.23
2.6,5.0,morning,medium,clear,low,suburbs,5.29
15.23,34.75353669235624,evening,high,clear,normal,suburbs,29.6
6.47,13.190071326098078,evening,high,rainy,high,suburbs,21.54
16.3,55.508986849899024,afternoon,medium,clear,normal,suburbs,32.95
2.22,7.243857584946478,morning,medium,clear,low,suburbs,5.0
24.55,33.55278638144809,evening,high,clear,high,suburbs,60.09
12.26,22.750302011353327,evening,low,clear,high,city_center,26.87
22.52,39.57511584289871,night,medium,clear,normal,suburbs,37.43
12.41,21.10360552715788,evening,low,clear,normal,city_center,22.23
2.45,17.35881253208149,night,low,clear,high,airport,19.86
20.73,39.79864789057799,evening,medium,clear,low,city_center,36.08
16.56,40.50899895027007,afternoon,medium,clear,normal,suburbs,23.89
19.76,55.45753281303848,night,high,clear,low,airport,41.49
11.28,30.491528326206893,evening,high,clear,high,airport,39.11
16.31,39.304114226949906,morning,high,clear,high,airport,58.99
21.55,46.80359786662763,evening,medium,rainy,high,suburbs,57.42
16.15,20.978167689843623,morning,low,rainy,high,city_center,38.49
9.34,17.65684978660139,night,low,clear,high,city_center,18.84
16.9,33.2767833131487,evening,low,clear,normal,city_center,31.33
17.12,33.36210524832113,afternoon,low,clear,normal,city_center,25.37
24.05,50.65226210640617,night,medium,clear,high,airport,61.18
9.9,22.84382675553511,afternoon,medium,clear,low,airport,22.1
11.2,18.6380289156224,afternoon,low,clear,low,city_center,15.82
20.49,51.57667374010137,afternoon,low,rainy,high,suburbs,44.58
13.14,15.027245485572784,morning,low,clear,normal,suburbs,21.25
18.68,60.54774536664734,morning,low,clear,normal,city_center,42.77
12.03,38.38635203071054,evening,low,clear,low,suburbs,23.14
6.17,9.025341510921248,morning,low,clear,high,airport,17.54
18.88,43.24969905112789,night,medium,rainy,normal,city_center,37.98
4.15,9.199907818039522,afternoon,medium,clear,high,suburbs,10.93
5.77,14.591585853150976,afternoon,medium,rainy,normal,city_center,11.99
16.04,37.01701067148413,morning,low,rainy,high,suburbs,41.27
18.93,30.07426458324441,afternoon,medium,clear,low,suburbs,26.59
22.47,48.64093531122686,evening,medium,clear,normal,suburbs,41.77
7.54,7.644872043624781,night,high,clear,high,city_center,20.05
3.66,5.0,morning,low,clear,normal,airport,10.2
23.95,58.0167125805348,morning,high,clear,high,city_center,74.39
4.71,13.039339803512233,morning,low,clear,normal,airport,14.04
5.74,7.565775832048416,evening,high,clear,low,suburbs,12.41
7.99,20.03391716092821,morning,medium,clear,high,suburbs,22.3
13.71,31.969242937755062,morning,low,clear,normal,suburbs,23.61
22.19,41.1521649864318,evening,low,clear,normal,airport,41.0
19.25,30.45666829701345,evening,low,clear,high,city_center,45.55
18.0,37.85691086807415,afternoon,medium,rainy,low,city_center,26.62
5.2,9.419572247235063,evening,high,clear,normal,suburbs,9.99
9.58,11.950884967355282,evening,high,rainy,low,suburbs,15.1
12.48,29.3631490586934,morning,high,clear,high,city_center,41.29
4.54,15.393346085085067,evening,medium,clear,high,city_center,18.04
7.56,17.989110772373685,afternoon,medium,clear,normal,city_center,14.61
8.4,16.41465314768414,afternoon,high,clear,normal,airport,20.65
4.05,5.0,afternoon,low,clear,high,city_center,9.15
14.21,25.652648197070995,evening,medium,clear,high,airport,37.58
17.92,33.278820772380314,afternoon,low,clear,normal,city_center,25.15
2.68,7.4789763252872365,evening,medium,rainy,low,city_center,5.36
12.55,27.457052443135414,afternoon,high,clear,high,city_center,33.71
19.77,41.82368215804827,afternoon,low,clear,normal,suburbs,28.81
18.95,35.56817772420109,night,low,clear,normal,suburbs,30.26
20.56,37.62561938962446,afternoon,low,rainy,normal,suburbs,31.64
11.76,23.651008439309475,evening,medium,rainy,high,city_center,34.91
20.69,42.897758620892475,evening,medium,stormy,normal,city_center,45.52
6.78,14.595146511640952,night,medium,rainy,high,city_center,20.74
9.66,18.676893057701886,evening,medium,clear,low,city_center,16.77
5.23,17.144882758169192,evening,low,clear,normal,city_center,10.3
12.22,17.280604026652703,evening,high,clear,normal,suburbs,22.75
10.41,14.673068661971453,night,low,rainy,normal,city_center,16.42
6.78,10.25861833385244,night,medium,clear,high,airport,17.62
19.04,60.86807811616724,morning,high,clear,normal,suburbs,51.07
8.53,6.768771551869861,evening,low,clear,normal,airport,16.67
7.55,18.091773112889985,afternoon,high,clear,normal,suburbs,17.0
4.14,5.0,afternoon,low,clear,high,suburbs,5.98
11.53,25.10496229565305,evening,medium,clear,normal,suburbs,23.12
8.27,14.597711306531778,morning,high,clear,normal,city_center,21.82
9.86,24.114998656754928,evening,low,clear,normal,city_center,26.17
6.66,18.389345591558538,afternoon,medium,rainy,normal,airport,15.69
19.32,47.405888991777104,evening,low,clear,high,city_center,49.6
23.32,50.113116628633364,afternoon,low,clear,normal,airport,37.14
12.95,25.684662772136583,morning,medium,clear,high,city_center,29.92
16.43,51.49491664986582,evening,low,clear,normal,suburbs,35.88
21.81,50.0581241432614,evening,low,rainy,low,airport,43.47
24.97,45.52970007837289,evening,low,clear,high,suburbs,55.17
15.72,22.866457087861146,evening,high,rainy,normal,suburbs,30.72
22.35,38.33725458508344,evening,high,clear,high,city_center,60.77
22.81,53.31950723791475,morning,high,rainy,normal,airport,59.41
19.99,30.844600428713196,morning,high,clear,low,suburbs,33.65
12.06,20.845118447828753,morning,medium,clear,normal,city_center,24.9
2.95,5.0,morning,medium,clear,normal,airport,11.18
1.38,9.036685053059696,evening,medium,stormy,normal,airport,15.79
12.45,35.978664463658816,morning,high,clear,normal,suburbs,32.05
12.86,28.24971154919749,afternoon,medium,rainy,normal,suburbs,22.27
10.78,23.936032473157773,afternoon,high,clear,normal,airport,24.57
14.64,25.575255619433097,evening,high,rainy,normal,suburbs,30.44
14.25,38.56185145565957,night,high,rainy,high,suburbs,43.73
21.08,27.24767315083988,evening,low,clear,normal,city_center,32.6
3.61,10.942426457586498,afternoon,low,clear,normal,suburbs,9.96
6.4,9.099699219653315,afternoon,medium,clear,high,airport,17.65
20.03,47.43814576468427,morning,high,rainy,low,city_center,44.92
21.35,57.67781011355376,afternoon,high,clear,high,city_center,52.33
24.88,32.1127831831583,evening,low,stormy,normal,suburbs,41.03
21.95,42.13747736229977,night,high,clear,high,airport,56.9
22.36,39.151597433386065,afternoon,medium,clear,normal,city_center,29.72
8.54,32.51065234924551,morning,high,clear,high,suburbs,35.79
10.64,20.835486604766587,morning,high,clear,normal,city_center,24.55
7.43,7.293503694109578,evening,high,clear,high,suburbs,19.38
15.55,50.896895213388646,night,high,clear,high,airport,52.65
23.53,48.07528207071695,afternoon,high,clear,normal,city_center,45.81
9.27,11.827775646646248,afternoon,medium,clear,normal,suburbs,13.84
14.37,22.633237905779428,morning,medium,clear,normal,city_center,27.56
8.11,13.727417113192224,evening,medium,rainy,normal,suburbs,16.36
5.08,10.923386051322614,morning,medium,clear,high,airport,20.86
5.68,8.657355596469042,morning,low,clear,normal,airport,15.77
2.39,5.0,evening,medium,rainy,high,suburbs,9.89
23.78,51.526317898124674,morning,low,clear,high,airport,59.73
10.67,28.6599260908884,morning,high,clear,normal,city_center,24.01
21.02,46.3727278696509,morning,medium,rainy,normal,city_center,39.36
17.35,33.56222426293382,morning,low,clear,normal,city_center,30.07
5.61,9.93433312858056,evening,high,clear,high,suburbs,19.74
5.21,12.882191982686175,afternoon,high,clear,high,suburbs,15.63
20.49,46.795161318056685,evening,low,clear,normal,city_center,35.45
7.35,6.939696668664837,afternoon,high,clear,high,suburbs,14.81
22.92,44.61638535448636,afternoon,low,clear,high,city_center,44.25
4.36,6.863193905490487,morning,high,clear,normal,city_center,11.36
17.27,24.38041234580938,evening,high,clear,normal,suburbs,33.73
20.55,25.57853449118887,afternoon,low,clear,low,city_center,26.29
6.65,22.993930334762254,evening,high,clear,high,city_center,29.59
7.63,18.040818774935026,afternoon,high,clear,normal,suburbs,15.59
24.15,49.96634065129563,evening,high,clear,normal,suburbs,51.07
7.35,14.552562701355052,afternoon,low,clear,normal,city_center,16.21
11.32,19.45854579113037,evening,low,clear,normal,city_center,20.75
11.38,32.1548030247415,afternoon,medium,stormy,high,city_center,29.12
7.07,12.023223127030075,night,medium,clear,normal,airport,16.6
19.62,20.70711408066105,night,high,rainy,high,city_center,46.98
19.52,44.139910795441835,afternoon,medium,clear,high,airport,47.88
10.08,12.109693437101173,evening,low,clear,high,suburbs,20.62
21.04,43.37803609939182,morning,medium,clear,low,airport,38.1
6.11,5.0598884165830444,night,medium,rainy,low,airport,12.52
1.1,5.0,afternoon,medium,clear,high,airport,11.31
14.71,20.20520379111039,afternoon,medium,clear,low,city_center,22.27
24.86,39.9511182871811,morning,medium,stormy,normal,city_center,44.9
1.93,8.528183506812844,night,high,clear,normal,suburbs,5.08
5.99,16.09947772507604,night,low,clear,high,city_center,18.13
13.45,24.38145877985592,afternoon,low,clear,normal,suburbs,20.27
20.44,51.38778706929719,morning,medium,clear,normal,city_center,37.6
3.14,9.43533867622593,evening,medium,clear,high,suburbs,10.53
10.49,19.96259160805033,afternoon,high,clear,high,suburbs,28.81
18.93,39.954754528865486,night,low,clear,low,suburbs,27.42
9.92,22.634941829046195,afternoon,high,clear,normal,city_center,19.37
5.53,8.810566444738477,evening,low,clear,low,suburbs,8.98
5.69,11.626519423623535,morning,medium,clear,low,suburbs,14.1
10.84,28.131484770972282,night,low,rainy,low,city_center,21.78
12.51,21.7031134258171,evening,medium,clear,high,city_center,28.71
21.68,38.546216461991875,night,high,clear,normal,city_center,41.67
16.41,33.93138040579642,afternoon,medium,rainy,normal,city_center,28.54
17.57,33.97856905137684,afternoon,low,stormy,normal,suburbs,27.14
24.59,44.81877956809418,morning,high,rainy,low,city_center,49.69
10.88,22.38269294742614,evening,low,clear,normal,suburbs,21.28
10.68,29.29140908943875,morning,high,stormy,normal,city_center,29.9
23.16,41.23325159279617,afternoon,high,clear,high,suburbs,53.6
6.9,28.020785375684138,evening,high,clear,low,city_center,15.71
18.52,49.34042831015492,morning,high,clear,normal,suburbs,43.57
19.11,43.11862232029822,evening,low,clear,low,suburbs,36.74
3.35,14.358285271818154,evening,high,clear,high,city_center,22.64
12.24,20.0361973039854,afternoon,low,stormy,low,city_center,19.16
5.81,13.667851742936293,evening,medium,rainy,low,airport,23.87
5.45,23.430160373997634,morning,low,clear,normal,city_center,18.37
12.13,34.322637047246126,afternoon,medium,clear,normal,airport,27.6
7.95,29.796029827330536,evening,high,rainy,normal,suburbs,25.61
20.11,31.997220032833948,morning,high,clear,high,city_center,50.06
22.78,52.84188153240224,night,medium,clear,normal,airport,46.79
20.27,41.09620230227206,afternoon,medium,clear,low,city_center,29.59
7.38,16.21660380458961,morning,high,rainy,normal,suburbs,19.23
7.58,19.367751391081228,afternoon,medium,clear,high,city_center,19.84
7.11,12.106802189131741,afternoon,high,rainy,low,suburbs,8.71
4.24,7.399091807025862,night,medium,clear,high,suburbs,9.4
23.65,53.812930199471225,evening,low,clear,normal,city_center,43.9
10.65,28.676044161675122,evening,medium,clear,normal,suburbs,22.91
6.39,10.406307042297565,night,medium,clear,normal,city_center,14.92
21.32,49.98367653877358,afternoon,high,stormy,normal,city_center,49.99
10.58,29.886503650244414,afternoon,low,clear,low,suburbs,16.63
1.84,5.738294389926136,evening,low,clear,normal,city_center,6.46
4.89,9.987812880530122,evening,low,clear,normal,airport,15.78
16.34,34.89612260145708,morning,medium,clear,high,airport,44.44
19.79,38.76471841826973,evening,medium,clear,low,city_center,32.44
6.06,9.058981109747302,afternoon,low,clear,normal,suburbs,7.61
23.02,45.95888241347583,evening,high,clear,high,suburbs,60.51
21.42,62.92295419536826,night,high,stormy,high,city_center,74.47
21.36,46.96864356661376,afternoon,high,clear,normal,airport,42.35
6.46,5.0986855820467145,evening,low,clear,high,city_center,15.81
2.21,5.0,night,medium,clear,high,city_center,15.88
21.82,40.767206934363294,afternoon,medium,clear,normal,airport,37.05
8.34,19.332621991496403,morning,low,clear,normal,city_center,17.59
15.85,32.048019776057444,night,high,rainy,normal,city_center,32.59
19.24,43.02437107881107,afternoon,high,clear,normal,suburbs,37.22
4.08,12.537375430276143,afternoon,medium,rainy,high,city_center,13.7
19.74,36.16705007792614,morning,high,clear,normal,airport,43.97
23.52,40.54202934630251,morning,high,clear,high,suburbs,55.36
18.48,33.476462180142505,afternoon,medium,clear,normal,suburbs,27.57
11.59,19.14823310596254,evening,low,clear,normal,suburbs,16.66
22.04,52.61486765559358,afternoon,low,clear,high,airport,49.2
13.66,33.64957289838918,afternoon,low,clear,normal,suburbs,26.0
18.87,23.43365079337754,night,high,clear,high,city_center,38.86
20.69,36.30163594192527,afternoon,medium,clear,normal,suburbs,30.01
18.98,34.75027796487148,morning,high,clear,normal,suburbs,39.57
7.91,18.6311903740552,night,high,clear,low,airport,20.11
3.83,5.0,afternoon,high,clear,high,airport,16.69
6.72,16.776300169932966,afternoon,low,stormy,normal,airport,23.52
13.07,34.048062815329104,evening,high,rainy,normal,suburbs,33.99
13.13,25.82232675548836,afternoon,low,rainy,normal,suburbs,18.15
14.98,25.90083998628791,afternoon,medium,stormy,normal,suburbs,28.73
10.48,26.963312344389976,night,medium,clear,high,airport,30.62
19.89,29.34191992906493,afternoon,medium,clear,high,city_center,33.31
22.92,32.62687003617324,night,medium,clear,normal,suburbs,30.32
6.92,16.043685639779113,morning,low,clear,high,airport,22.91
18.68,34.449883111797455,night,high,rainy,normal,airport,42.77
17.27,14.649118186564138,afternoon,medium,clear,low,airport,23.16
13.55,24.595047075916025,afternoon,medium,clear,normal,city_center,23.39
5.52,22.22453996359652,evening,medium,clear,normal,suburbs,14.68
20.09,52.470324696057105,morning,low,clear,normal,suburbs,43.52
24.06,35.047096313514004,morning,medium,clear,high,city_center,49.59
18.32,42.14998476362912,evening,low,clear,low,city_center,35.27
23.03,50.37461340592971,evening,high,clear,low,city_center,45.57
24.62,50.583137924364635,morning,high,clear,high,suburbs,67.15
9.45,24.006643472676124,evening,high,clear,low,suburbs,14.47
16.32,40.57138876205619,afternoon,high,rainy,low,suburbs,34.87
12.37,25.97915402579135,evening,low,clear,normal,city_center,21.73
24.68,49.46033895300778,afternoon,medium,clear,low,suburbs,36.28
3.25,5.0,evening,high,clear,normal,city_center,8.3
10.9,24.88538138693935,afternoon,medium,rainy,normal,suburbs,16.66
22.01,37.5190859159562,morning,medium,clear,high,airport,55.7
7.82,11.600958977422,afternoon,medium,clear,low,airport,14.73
19.91,42.2062838314865,afternoon,medium,clear,low,city_center,30.12
10.19,28.460608379258517,evening,medium,rainy,high,city_center,31.55
24.52,52.03490379711896,morning,low,clear,normal,airport,43.25
22.2,43.53293140901984,afternoon,medium,rainy,normal,suburbs,33.15
8.23,20.383226924854295,morning,medium,clear,low,suburbs,10.82
19.48,40.41591227001443,afternoon,medium,clear,high,suburbs,38.24
9.08,23.597573010134248,afternoon,low,clear,normal,city_center,21.75
15.55,25.57209644306979,night,high,clear,normal,city_center,32.39
16.8,20.248558912783928,morning,high,clear,high,city_center,44.86
20.91,34.135933852337146,morning,low,clear,normal,city_center,37.28
1.59,8.160168893813985,afternoon,high,rainy,normal,suburbs,7.99
6.28,13.034027614075686,evening,high,stormy,normal,suburbs,21.08
18.09,29.67424642268317,evening,high,rainy,high,city_center,48.1
14.52,19.311316711379902,afternoon,high,clear,low,suburbs,24.75
12.89,34.36105898369811,morning,medium,clear,normal,suburbs,27.51
2.33,5.830489452381482,night,low,clear,high,suburbs,7.72
9.36,20.25225422882338,afternoon,low,rainy,low,city_center,16.33
21.76,41.84635657094091,evening,low,rainy,high,suburbs,53.61
1.74,5.0,afternoon,medium,clear,normal,airport,15.28
10.51,14.307921599060858,evening,low,clear,low,airport,17.06
23.68,39.02365152704742,evening,low,clear,low,city_center,37.81
2.22,5.0,morning,medium,clear,normal,suburbs,5.73
18.99,31.47405573282144,morning,medium,rainy,low,city_center,31.81
7.18,22.565876301226623,morning,low,stormy,normal,suburbs,19.37
21.8,37.22350680193755,evening,high,clear,high,suburbs,57.39
18.91,26.96070732433884,afternoon,medium,clear,low,city_center,21.98
22.26,44.604059747624305,afternoon,medium,clear,low,suburbs,27.98
6.18,6.008663789040114,evening,medium,rainy,low,city_center,11.67
13.75,25.25548611337815,evening,high,clear,low,city_center,23.4
19.7,38.51749667008665,afternoon,low,clear,normal,suburbs,29.78
6.9,13.440193301339633,afternoon,medium,clear,normal,suburbs,14.64
6.54,10.176539360705783,afternoon,medium,rainy,high,airport,20.82
1.65,5.0,morning,high,clear,low,suburbs,6.95
24.0,52.8110057791494,morning,low,clear,normal,suburbs,40.52
18.04,33.63235803931521,night,high,clear,low,suburbs,34.21
16.25,28.60359607504309,night,low,clear,high,city_center,36.92
18.86,50.24626044884118,evening,medium,clear,normal,city_center,43.67
13.76,25.79683914273455,afternoon,medium,clear,low,suburbs,21.08
12.43,24.137341987896743,morning,medium,rainy,low,suburbs,19.44
11.79,39.877515998389384,afternoon,high,clear,normal,airport,29.85
16.37,37.33775282841578,morning,medium,clear,high,suburbs,44.29
5.84,7.734676348915895,night,medium,rainy,high,city_center,13.82
22.31,41.8721292968363,evening,high,clear,normal,city_center,42.72
20.48,48.35867882649247,night,low,clear,high,suburbs,38.78
9.39,19.659722445221995,night,medium,clear,high,airport,29.76
14.89,36.01261553805067,afternoon,medium,clear,normal,airport,33.75
4.38,6.196593065113577,afternoon,high,clear,normal,suburbs,14.4
24.34,37.61708439382349,evening,high,rainy,high,suburbs,62.25
22.67,40.05258566910421,evening,medium,clear,normal,city_center,40.58
23.13,41.38672532747611,night,low,stormy,normal,suburbs,34.7
8.97,23.652050061041294,afternoon,high,clear,normal,suburbs,22.19
5.06,10.555746680395758,afternoon,high,clear,high,suburbs,13.9
6.08,20.243488531527483,afternoon,low,clear,low,city_center,13.04
3.16,5.0,morning,low,rainy,high,suburbs,7.43
3.88,10.045003216936802,afternoon,low,clear,high,city_center,11.84
2.71,5.0,morning,low,clear,normal,suburbs,7.34
24.76,39.31695301861096,afternoon,low,clear,low,airport,34.37
2.78,5.0,afternoon,high,clear,high,suburbs,5.39
4.18,5.004531757812219,morning,low,clear,high,suburbs,12.3
20.85,43.1485767712261,evening,high,clear,normal,city_center,46.32
14.93,35.32979052977853,morning,medium,clear,high,airport,42.82
19.59,31.08422658965969,evening,high,rainy,high,city_center,55.89
16.14,28.016293016198603,morning,low,clear,normal,city_center,27.71
22.17,37.330334298254286,evening,low,clear,low,airport,37.52
16.32,30.392959560594875,afternoon,low,clear,high,suburbs,25.89
13.53,29.582746360016714,evening,medium,rainy,normal,city_center,26.97
18.11,32.74250987279503,evening,medium,clear,normal,suburbs,32.8
11.74,23.813510702646305,afternoon,medium,rainy,high,suburbs,25.87
9.31,23.900573823548196,evening,medium,clear,normal,airport,26.54
12.22,30.761596357769836,afternoon,medium,clear,normal,suburbs,16.64
5.07,5.0,afternoon,high,clear,low,city_center,11.24
20.12,40.159928891675044,afternoon,low,rainy,low,airport,33.09
7.26,12.032905391377025,evening,low,clear,normal,airport,21.58
4.68,9.631777259016538,evening,medium,clear,high,city_center,14.75
6.91,5.0,night,high,rainy,low,airport,17.26
21.21,44.71203410537706,morning,high,clear,high,city_center,61.06
8.92,24.253813595315428,morning,high,clear,low,city_center,24.26
17.47,33.78531704885487,afternoon,low,clear,high,airport,39.76
21.55,41.236554645924315,evening,high,clear,high,suburbs,56.76
2.87,15.47762000681725,morning,low,clear,low,airport,13.78
19.36,38.50956147171952,afternoon,low,rainy,normal,suburbs,33.17
8.38,18.528331467259072,night,low,clear,normal,suburbs,14.21
6.2,7.797483769638312,afternoon,high,rainy,high,airport,18.82
17.53,25.583810367684016,afternoon,high,rainy,normal,suburbs,31.75
22.84,45.11292820702207,morning,low,clear,normal,airport,46.72
8.08,11.632057353396743,morning,medium,clear,normal,airport,23.35
14.65,27.94605188911151,afternoon,high,clear,normal,suburbs,30.68
7.96,21.39016692557116,morning,high,clear,normal,airport,25.88
14.3,30.259388127169476,afternoon,low,clear,normal,airport,29.16
15.92,29.89582113169333,morning,high,clear,high,city_center,49.34
15.65,39.01132963114014,afternoon,medium,rainy,normal,suburbs,31.51
15.97,29.86900084831964,afternoon,medium,clear,high,suburbs,36.48
4.24,8.708725377043296,night,medium,clear,normal,city_center,12.77
17.64,30.858273648206463,afternoon,high,clear,high,suburbs,37.68
17.19,39.9700791693246,morning,low,clear,high,suburbs,40.92
17.38,38.85676511211749,evening,low,clear,high,suburbs,37.22
2.78,5.0,evening,medium,clear,normal,airport,11.37
11.72,28.469930117470774,evening,medium,rainy,normal,suburbs,23.84
10.82,28.284508041089616,afternoon,high,clear,high,city_center,29.73
3.08,10.5286693813538,evening,high,clear,low,suburbs,8.92
6.34,17.02726672321869,evening,medium,clear,low,city_center,12.63
11.58,30.593931807048016,afternoon,medium,rainy,high,suburbs,26.35
18.83,33.51036170848917,afternoon,medium,clear,high,airport,44.57
6.69,13.55772452834887,morning,low,clear,high,airport,20.58
20.91,41.30922289174988,morning,medium,stormy,high,city_center,57.04
14.1,31.5710185854708,morning,medium,rainy,high,airport,45.59
19.25,45.100497997417754,morning,medium,clear,low,suburbs,31.72
12.34,22.1576759082685,night,high,clear,normal,city_center,26.76
12.98,25.41665644895514,evening,low,clear,high,city_center,28.26
15.87,38.6589122226783,morning,medium,clear,high,city_center,43.1
23.27,57.00084790227976,morning,high,clear,high,suburbs,69.27
12.8,20.572726739500883,evening,medium,clear,high,city_center,28.92
13.69,27.836536674242986,afternoon,low,clear,normal,city_center,25.41
15.45,33.800437571768406,evening,medium,rainy,low,suburbs,29.26
18.7,54.33308133444969,night,high,clear,low,airport,43.61
2.72,6.3637182571611595,afternoon,low,clear,low,airport,13.27
13.38,32.60675600205559,morning,medium,clear,low,suburbs,26.58
12.56,27.543666287167433,night,medium,rainy,normal,airport,28.48
23.12,45.03180709745685,afternoon,low,clear,low,city_center,28.34
12.84,17.23703798916025,afternoon,medium,clear,low,airport,26.29
12.24,20.23592199767297,evening,medium,rainy,normal,suburbs,21.36
24.09,39.9593062145443,afternoon,medium,clear,normal,city_center,30.58
11.81,33.05702025050744,morning,high,clear,high,city_center,43.98
5.34,7.0101505497070145,evening,low,rainy,normal,city_center,13.17
6.21,5.0,morning,low,stormy,normal,city_center,12.8
3.28,8.078825550707457,morning,medium,clear,normal,suburbs,8.37
1.01,5.0,afternoon,low,clear,normal,suburbs,6.56
11.37,19.86349869187502,morning,medium,clear,normal,suburbs,26.18
19.46,38.52515160156848,evening,medium,clear,normal,suburbs,34.23
18.6,24.839304207842595,night,medium,clear,normal,city_center,26.3
1.77,5.0,night,high,clear,low,suburbs,5.03
14.68,29.096458213885658,morning,medium,rainy,high,airport,38.61
4.7,7.837058756953065,night,high,rainy,normal,airport,15.38
23.59,57.37127618987332,morning,low,clear,high,city_center,61.58
5.02,21.261135285802364,afternoon,high,clear,normal,suburbs,15.35
16.04,48.75556530333869,morning,medium,rainy,high,suburbs,49.68
8.83,22.11245831804314,evening,high,clear,low,suburbs,22.04
16.4,37.31004596779284,morning,medium,stormy,normal,suburbs,35.85
10.89,7.064975116027899,evening,high,clear,normal,city_center,16.35
19.23,34.04660804760029,evening,medium,clear,high,city_center,44.38
6.54,20.134980228245773,afternoon,medium,clear,low,airport,17.21
22.74,34.2109976344417,evening,low,rainy,normal,suburbs,38.82
13.01,25.176201275903342,afternoon,medium,clear,high,city_center,30.64
19.15,32.126963245944616,morning,medium,clear,low,suburbs,24.18
21.39,56.40484370942357,afternoon,high,rainy,low,suburbs,36.96
24.97,51.52828414245574,evening,medium,clear,normal,city_center,49.59
6.37,15.840358394027866,morning,medium,clear,low,airport,14.95
7.89,22.85410874179426,evening,high,rainy,low,city_center,23.86
7.01,23.447850274805425,afternoon,high,clear,normal,suburbs,11.18
7.31,9.83667893309129,evening,high,clear,normal,city_center,20.89
14.98,36.106710922531434,morning,low,clear,normal,airport,33.7
24.84,46.74453361274552,afternoon,high,stormy,high,city_center,68.8
24.77,35.02962017240713,afternoon,medium,clear,normal,suburbs,34.4
13.64,18.084671136946273,afternoon,high,stormy,normal,city_center,30.65
16.34,30.798977817784795,afternoon,medium,rainy,normal,suburbs,30.53
21.64,38.70493327521871,afternoon,medium,rainy,low,suburbs,30.43
23.39,55.61475372752995,afternoon,low,clear,normal,airport,38.76
5.89,19.321835117513388,morning,low,clear,normal,city_center,11.63
13.69,27.728474676578706,morning,medium,clear,high,airport,36.05
20.99,39.71691287989032,night,low,clear,high,city_center,41.22
8.28,23.54331491729363,morning,medium,stormy,low,city_center,24.97
11.56,16.528842978265903,afternoon,low,clear,normal,airport,19.91
24.65,54.166315212090836,afternoon,low,clear,normal,city_center,40.42
24.64,48.05544531270254,evening,low,clear,high,airport,55.31
22.75,45.166983177141226,afternoon,low,clear,normal,airport,37.98
20.16,47.33297876108389,afternoon,low,rainy,high,suburbs,44.26
7.46,13.50070945260233,night,high,clear,high,city_center,21.15
8.7,13.979877251767606,night,medium,rainy,high,city_center,18.08
14.13,30.57048805600421,morning,low,clear,normal,city_center,29.04
14.46,32.013847194579945,evening,medium,clear,low,suburbs,27.26
13.13,16.469211127762293,night,high,clear,low,suburbs,19.11
16.28,21.529936034673746,night,low,clear,normal,suburbs,17.27
10.8,15.089401347250647,afternoon,high,rainy,normal,city_center,22.2
18.98,41.486714125630584,evening,high,rainy,low,city_center,40.87
9.01,13.753423093067438,afternoon,low,clear,normal,city_center,18.28
8.94,22.168070021967377,evening,high,clear,low,airport,21.99
4.05,13.947785287411103,afternoon,medium,clear,normal,city_center,15.82
5.53,9.33002792301673,evening,high,rainy,normal,city_center,13.57
21.41,36.403532684706235,night,medium,clear,normal,city_center,40.25
11.71,38.326286175187256,morning,medium,clear,high,suburbs,34.09
6.47,15.665868950924468,morning,medium,clear,normal,city_center,16.87
19.22,34.32301952350444,evening,low,clear,high,city_center,38.46
14.3,29.894971199298126,afternoon,high,clear,normal,suburbs,26.31
1.51,6.458197610763694,evening,high,rainy,high,city_center,10.75
8.59,13.760949031600267,evening,medium,stormy,low,suburbs,17.27
5.25,8.522842989331815,evening,high,clear,normal,suburbs,11.19
16.74,43.56446458106646,evening,low,rainy,normal,suburbs,33.91
7.6,23.969381926399876,morning,high,clear,normal,city_center,25.39
2.56,15.718096114756396,morning,low,clear,normal,city_center,9.88
2.32,5.0,night,high,rainy,normal,airport,11.02
14.96,39.860356154585965,afternoon,medium,rainy,normal,suburbs,29.61
1.52,5.0,evening,high,clear,low,city_center,7.58
21.37,42.85895894218254,morning,low,rainy,normal,airport,43.21
4.73,10.198284952688596,evening,medium,clear,low,city_center,11.27
15.56,29.459726663956157,morning,high,clear,normal,city_center,30.25
11.67,28.02186134072297,evening,medium,clear,high,suburbs,35.88
11.63,21.552367344312522,morning,low,clear,normal,suburbs,19.11
2.72,5.0,morning,medium,clear,normal,suburbs,5.0
20.27,53.51856596108727,afternoon,low,rainy,normal,suburbs,36.55
22.43,38.06755207124326,morning,medium,clear,normal,city_center,36.46
1.26,6.296557536438119,night,high,clear,low,city_center,6.08
5.29,7.150299244262126,afternoon,medium,rainy,normal,suburbs,12.29
22.69,38.87235820031001,afternoon,medium,rainy,normal,airport,40.13
14.19,26.07793829533646,morning,low,rainy,normal,suburbs,23.71
4.6,11.025278363954307,afternoon,low,clear,normal,city_center,7.57
5.87,13.311794252325246,morning,low,clear,normal,suburbs,13.14
16.84,27.00542927517062,evening,high,clear,normal,suburbs,30.25
18.4,42.91933645728971,night,low,rainy,normal,city_center,31.74
15.39,22.1430387548139,afternoon,high,clear,high,city_center,35.03
23.88,53.51349981620135,evening,medium,clear,high,airport,65.45
12.86,26.04969048581719,night,high,clear,normal,airport,28.48
8.21,5.233127573647863,night,low,clear,low,suburbs,5.73
12.45,37.91923281064953,evening,high,clear,high,city_center,42.43
9.63,26.300199385122344,night,high,clear,normal,suburbs,23.7
6.39,19.05783025273766,afternoon,medium,clear,normal,city_center,15.8
2.1,15.814551124535113,evening,high,rainy,normal,city_center,11.96
9.45,21.819834908133508,evening,low,clear,normal,airport,24.44
18.07,38.8214926120094,morning,low,clear,normal,suburbs,30.56
1.44,5.0,afternoon,high,rainy,normal,airport,8.12
11.54,20.50436918086295,afternoon,low,clear,normal,airport,26.0
16.46,40.191589692346504,morning,low,clear,normal,suburbs,34.23
15.65,30.219360184152535,afternoon,medium,clear,normal,suburbs,22.45
19.64,44.93545319987372,evening,high,rainy,normal,city_center,47.97
20.45,33.154738406922846,evening,high,rainy,normal,city_center,39.1
18.08,42.65620099501446,evening,low,clear,normal,city_center,38.77
3.47,5.0,evening,medium,clear,normal,city_center,10.68
12.4,20.476069349985284,morning,medium,clear,high,city_center,30.38
15.48,37.11904713254184,morning,high,rainy,normal,city_center,35.1
6.89,10.628995897497763,morning,low,stormy,normal,airport,21.86
2.02,15.462740170017781,night,low,clear,normal,suburbs,9.49
6.37,12.692803113283228,night,high,clear,normal,city_center,16.53
11.92,24.985254332396554,evening,low,clear,low,city_center,24.13
10.93,20.091409197861513,afternoon,medium,clear,normal,suburbs,19.11
5.24,9.013538320318004,night,high,clear,high,city_center,12.96
20.79,32.86279832825162,morning,medium,clear,high,airport,52.55
23.22,52.80547727947557,morning,medium,clear,low,airport,42.64
5.83,12.245133053011124,evening,high,rainy,high,suburbs,18.69
23.31,48.2357135039898,afternoon,medium,clear,normal,city_center,37.51
1.43,5.0,night,high,clear,high,airport,9.27
23.2,36.895185078576766,evening,medium,clear,normal,city_center,37.74
23.85,40.79563198961258,night,medium,clear,normal,suburbs,33.98
1.29,5.0,evening,medium,clear,normal,city_center,5.0
19.31,47.15735041532266,night,medium,clear,normal,suburbs,34.55
24.28,62.02196011533939,evening,low,clear,normal,city_center,49.53
22.74,44.05366529793881,afternoon,medium,clear,normal,suburbs,39.78
24.3,42.769670520120506,evening,high,rainy,high,suburbs,65.95
14.21,31.065295771039175,night,medium,clear,normal,suburbs,29.22
2.88,11.38973830426823,morning,high,rainy,normal,suburbs,8.22
21.39,35.15002208230337,evening,medium,clear,normal,city_center,41.72
15.73,40.51030696546682,afternoon,medium,rainy,normal,city_center,30.19
15.75,37.19730932982767,evening,medium,clear,low,city_center,35.05
11.01,23.076046206001084,evening,low,rainy,high,suburbs,25.41
14.72,39.81088852734518,afternoon,low,clear,high,city_center,37.61
4.69,5.06093677627318,evening,high,clear,high,suburbs,10.04
18.75,41.872580095133884,afternoon,low,clear,high,suburbs,35.6
2.8,5.0,morning,medium,clear,high,airport,19.59
18.51,37.98078056356024,evening,medium,clear,low,city_center,30.01
21.38,35.78760647931744,morning,low,clear,normal,suburbs,34.94
12.34,19.144956881508694,evening,low,clear,low,city_center,16.8
13.24,20.901396365447727,night,high,clear,high,suburbs,30.98
8.49,18.6385181615955,morning,medium,clear,normal,city_center,23.95
24.27,46.28934470713253,afternoon,medium,clear,low,city_center,35.57
18.59,70.5490676096751,morning,low,clear,normal,suburbs,42.41
9.86,21.418797027850616,evening,low,rainy,normal,city_center,20.21
5.2,12.756352844087905,morning,high,clear,high,suburbs,17.61
6.27,21.692489359870354,afternoon,high,clear,normal,suburbs,16.35
12.13,29.906041837064237,afternoon,low,clear,high,suburbs,27.89
23.62,47.09046016953432,evening,medium,clear,high,city_center,58.47
18.62,35.238299141780786,evening,medium,clear,high,airport,46.55
6.17,21.011887063053738,afternoon,low,clear,low,city_center,14.92
21.63,43.363871114013996,afternoon,medium,clear,normal,city_center,31.24
10.08,14.796457953341214,evening,medium,clear,high,suburbs,23.26
21.44,35.87758248423344,afternoon,medium,clear,high,suburbs,38.96
6.8,9.68476773283597,afternoon,high,clear,low,city_center,12.25
15.85,29.23724731499464,morning,medium,clear,low,city_center,28.28
23.24,47.408212408097285,afternoon,low,rainy,high,airport,55.96
7.19,16.103610747782977,afternoon,medium,clear,normal,suburbs,12.52
17.63,42.307136085154085,evening,low,clear,normal,city_center,35.49
24.7,48.004021543208815,evening,low,rainy,high,suburbs,57.26
4.61,13.113071076574968,night,medium,rainy,high,city_center,11.54
3.12,5.0,afternoon,low,clear,low,suburbs,6.06
17.18,31.4776406463879,afternoon,medium,clear,high,city_center,40.98
9.15,31.439812328119107,evening,medium,clear,normal,city_center,26.52
2.71,5.0,afternoon,high,clear,high,suburbs,7.85
12.41,23.868013919803158,afternoon,low,rainy,low,airport,22.01
19.09,32.24425378760914,afternoon,medium,clear,normal,airport,31.88
7.84,12.97215838515864,afternoon,medium,clear,low,suburbs,13.12
9.04,19.57926972172108,morning,high,rainy,normal,suburbs,22.06
21.3,51.480099536973064,morning,medium,clear,normal,suburbs,37.97
13.48,31.51612383950471,afternoon,high,clear,high,city_center,37.91
21.23,49.66358703991459,night,medium,clear,normal,city_center,40.26
11.71,24.80879500999395,morning,low,clear,high,airport,33.14
23.87,43.431387245372335,morning,medium,clear,low,airport,42.63
16.62,33.50478147996899,evening,medium,clear,normal,airport,33.5
3.78,13.038423468517713,night,low,stormy,low,city_center,14.99
22.24,30.481098432948016,morning,low,clear,normal,city_center,31.14
12.74,38.51413851430906,evening,low,clear,high,suburbs,35.38
4.4,8.881761163869367,morning,medium,rainy,normal,airport,15.43
4.66,5.0,morning,medium,rainy,normal,city_center,9.71
17.5,33.57940602230911,night,high,clear,normal,city_center,34.52
2.14,9.24528282876832,evening,medium,rainy,high,city_center,9.72
7.88,13.660662208986164,evening,high,clear,normal,airport,20.72
4.35,8.943400827555873,morning,high,clear,normal,suburbs,8.84
11.59,28.592838889104247,evening,low,stormy,normal,city_center,27.3
10.94,22.031018700256517,morning,low,stormy,normal,suburbs,26.51
13.53,37.91067797471376,afternoon,low,clear,high,city_center,34.27
7.71,25.63678850434042,evening,high,rainy,normal,airport,24.82
1.77,5.0,evening,low,clear,normal,suburbs,5.02
15.75,34.820514516673505,evening,medium,clear,normal,suburbs,30.17
9.97,17.265843040205404,morning,low,clear,low,airport,19.03
16.63,27.467166504262384,evening,medium,clear,normal,city_center,28.79
3.61,9.739111810664335,night,low,clear,low,city_center,12.11
1.33,5.0,night,high,clear,normal,city_center,5.0
6.96,10.733188242950593,morning,medium,clear,low,city_center,14.28
11.96,25.377532364155456,morning,high,clear,low,city_center,20.79
10.46,24.137288796877566,afternoon,high,clear,normal,suburbs,21.87
20.45,30.972387933388948,afternoon,high,rainy,high,airport,48.14
10.07,22.218862988934887,night,low,rainy,normal,city_center,21.54
13.73,31.421839584049437,afternoon,low,rainy,high,city_center,37.0
15.24,41.099500233827264,afternoon,low,clear,normal,city_center,27.89
1.52,5.0,morning,medium,rainy,low,airport,13.72
13.36,38.136632487713634,night,low,rainy,low,city_center,27.17
9.28,19.817676441779504,morning,low,clear,normal,airport,23.82
11.11,26.82995300918692,night,low,clear,normal,city_center,18.76
3.41,10.322513313210713,night,low,clear,normal,city_center,12.49
19.79,20.722786656589868,morning,medium,clear,high,suburbs,38.82
23.62,51.67747779628248,evening,medium,clear,normal,suburbs,41.35
1.53,5.8540835031743566,afternoon,low,rainy,normal,suburbs,5.0
15.43,29.823980147804175,morning,high,clear,high,city_center,41.9
19.33,33.11218413942166,afternoon,medium,clear,normal,city_center,28.1
7.84,20.45292784353929,night,low,rainy,low,city_center,15.45
19.9,36.04802090264127,afternoon,high,rainy,high,suburbs,48.51
16.18,27.746194913812474,morning,medium,clear,normal,city_center,29.04
23.3,29.753696475034033,afternoon,medium,stormy,normal,airport,41.25
24.54,37.88717391862295,afternoon,high,rainy,low,city_center,35.81
2.02,5.0,morning,medium,clear,normal,suburbs,8.78
11.68,23.667541583293655,morning,high,rainy,normal,suburbs,28.93
14.13,45.8484120526438,morning,low,clear,high,suburbs,45.69
4.52,5.0,afternoon,low,rainy,normal,suburbs,5.0
9.07,11.096702808972784,evening,medium,clear,high,city_center,18.37
24.7,43.779781869128385,evening,high,clear,normal,city_center,46.36
1.39,8.253673572150282,morning,high,rainy,high,suburbs,13.6
11.86,20.205024672084708,evening,high,clear,normal,city_center,22.21
21.22,52.94647178544954,afternoon,low,rainy,normal,suburbs,35.5
8.77,5.139980713460581,morning,high,clear,normal,suburbs,10.62
12.52,34.51378263270614,night,low,clear,high,city_center,32.23
24.47,33.27584175685955,evening,low,clear,low,suburbs,33.22
12.4,31.240085463109832,evening,medium,rainy,normal,airport,33.16
4.14,14.950012380763837,morning,low,clear,normal,city_center,12.52
2.24,5.0,morning,low,clear,low,airport,7.62
23.69,50.16725431123695,evening,medium,rainy,high,city_center,62.11
7.38,10.796287319322918,night,medium,clear,high,suburbs,16.12
13.1,22.20604617950677,evening,high,stormy,normal,city_center,32.0
3.18,5.0,morning,high,clear,high,city_center,10.14
11.17,18.490173825411002,evening,high,clear,normal,city_center,25.25
23.32,58.166347484576555,afternoon,medium,rainy,normal,city_center,45.59
13.06,32.939872941853984,morning,medium,rainy,normal,city_center,27.72
24.31,46.749765829128535,evening,high,rainy,normal,suburbs,48.03
7.21,10.674989489671104,evening,medium,clear,normal,airport,20.12
13.11,21.48271347550868,evening,medium,rainy,low,airport,22.11
21.63,37.34216347439536,morning,medium,clear,high,airport,50.38
11.76,17.69902863335509,morning,medium,clear,high,suburbs,24.33
7.71,5.0,afternoon,low,rainy,low,city_center,8.5
21.53,45.42405328839127,afternoon,low,clear,normal,suburbs,34.69
10.36,19.214247325589167,evening,low,rainy,normal,suburbs,22.27
13.74,20.930833980261095,evening,low,clear,normal,airport,29.67
24.44,70.64937234226448,evening,medium,rainy,normal,suburbs,51.86
5.48,14.34503060897171,evening,high,clear,low,suburbs,17.0
8.23,12.543801706575902,morning,high,clear,high,airport,23.94
1.75,5.0,afternoon,low,clear,normal,suburbs,5.51
10.4,20.570828810372586,evening,low,clear,normal,airport,24.43
5.8,11.360199679184598,afternoon,high,clear,normal,airport,20.85
17.32,31.03090141739075,afternoon,high,rainy,low,airport,34.8
5.35,18.295945038041243,night,medium,clear,normal,suburbs,17.2
17.2,39.030862743292545,morning,high,clear,high,city_center,48.61
7.32,19.446915983836476,night,high,clear,normal,suburbs,19.39
9.53,16.09383649690836,evening,low,rainy,normal,airport,25.3
9.37,21.680663722651204,evening,medium,stormy,normal,city_center,25.08
18.2,39.51148616678578,morning,medium,rainy,normal,city_center,35.47
12.2,18.94313314056349,evening,high,rainy,high,suburbs,32.18
9.67,15.03750551548255,morning,medium,clear,normal,city_center,20.28
21.46,30.93681136257912,night,medium,clear,normal,suburbs,33.29
14.73,34.62057997409944,afternoon,medium,clear,high,suburbs,30.6
6.13,26.149746883740335,afternoon,medium,clear,low,suburbs,11.1
22.6,42.061562353216075,evening,medium,rainy,high,city_center,58.58
9.22,19.83131937162112,morning,low,stormy,normal,city_center,24.24
1.94,11.780432446772899,afternoon,high,stormy,high,suburbs,15.92
12.87,26.92402394300317,evening,medium,clear,high,city_center,38.07
3.97,6.211300678261171,morning,high,clear,normal,suburbs,10.12
6.72,10.87736721655678,morning,high,clear,low,suburbs,9.34
18.93,38.2732085075371,afternoon,medium,clear,high,city_center,44.21
4.14,5.0,afternoon,medium,rainy,high,city_center,10.93
20.37,28.29817802350944,afternoon,high,clear,low,city_center,34.75
23.49,38.88854271899215,afternoon,medium,clear,normal,suburbs,32.03
15.56,33.402951609106104,afternoon,high,rainy,normal,suburbs,33.27
18.05,48.4232133702691,afternoon,high,clear,high,city_center,47.2
18.13,29.78768044152181,morning,low,stormy,high,city_center,48.98
24.83,45.48148286619863,afternoon,medium,clear,normal,airport,38.44
9.2,8.230190177739015,afternoon,low,clear,high,city_center,17.06
4.91,7.888717586065245,afternoon,medium,rainy,low,airport,12.97
13.46,26.10303153651268,morning,high,rainy,normal,city_center,29.74
13.8,41.972314520135264,evening,low,clear,normal,suburbs,29.45
5.27,5.0,morning,low,clear,normal,airport,12.02
15.71,32.66528685691476,morning,low,clear,normal,airport,32.29
1.34,5.0,evening,high,clear,low,suburbs,6.05
23.26,30.83274111977469,night,low,rainy,normal,airport,35.78
7.35,18.350766560294574,night,medium,clear,normal,airport,19.5
1.95,5.0,evening,high,rainy,normal,city_center,10.62
3.6,14.357773129559206,afternoon,medium,clear,normal,city_center,8.92
6.77,10.178325806747747,evening,high,clear,low,suburbs,13.23
7.57,16.475232808813274,evening,high,clear,normal,suburbs,15.22
1.79,5.0,night,low,rainy,normal,suburbs,9.51
7.7,16.554524219866664,afternoon,high,clear,high,city_center,23.01
5.63,6.1911638770261685,afternoon,medium,clear,normal,city_center,6.95
10.09,23.37627274045142,morning,high,clear,high,suburbs,35.25
10.24,24.29423064890989,morning,high,clear,high,city_center,33.76
9.14,17.596912362300376,evening,low,stormy,normal,suburbs,17.11
8.87,14.755955594195882,night,low,clear,low,suburbs,18.89
3.15,5.0,afternoon,medium,clear,normal,suburbs,5.93
1.6,8.322296733225961,morning,low,rainy,normal,suburbs,5.0
5.85,8.660777414772397,afternoon,medium,clear,normal,suburbs,12.84
19.16,38.59751277930625,morning,high,clear,normal,city_center,42.14
24.78,69.09225748903421,night,medium,rainy,high,city_center,68.95
23.28,38.72150839083722,morning,medium,clear,normal,suburbs,39.25
13.1,22.954926947448488,morning,low,rainy,normal,airport,26.62
13.76,35.766557556291964,afternoon,high,clear,high,airport,39.04
8.55,15.24512815241761,afternoon,high,clear,normal,city_center,15.65
19.57,29.741264326996507,evening,high,clear,normal,suburbs,34.94
19.35,25.643359129363695,afternoon,low,rainy,low,city_center,21.25
21.26,33.733455310206445,night,low,clear,high,suburbs,37.84
22.49,49.96452181500748,evening,high,clear,low,city_center,44.49
11.42,31.101328724219883,morning,high,clear,normal,city_center,28.99
19.41,42.62142279744043,morning,low,clear,high,airport,42.29
20.35,31.007061620738604,afternoon,low,clear,low,suburbs,22.05
8.4,11.204594601577089,afternoon,medium,clear,normal,city_center,13.76
23.3,36.78798891442317,afternoon,medium,clear,high,city_center,43.03
3.26,5.0,morning,high,clear,normal,city_center,11.22
24.86,75.61686479984299,morning,low,clear,normal,city_center,51.29
19.48,44.59513613127627,morning,high,stormy,high,suburbs,63.58
3.24,13.020812113706885,evening,low,rainy,high,city_center,15.79
16.75,31.684252881591178,evening,low,rainy,normal,city_center,33.99
1.82,5.0,morning,medium,rainy,high,suburbs,8.3
19.48,31.244494447693526,afternoon,low,rainy,normal,suburbs,23.94
20.18,44.58773474435927,night,medium,rainy,high,city_center,52.38
15.46,37.454766073829646,morning,low,clear,high,airport,45.76
21.56,53.90228775818269,morning,low,clear,normal,suburbs,38.16
3.35,5.0,afternoon,high,rainy,normal,suburbs,8.43
7.62,9.990066862216041,morning,medium,clear,normal,suburbs,11.05
10.94,14.440392083543427,morning,medium,rainy,low,suburbs,15.9
2.02,15.095466153710724,night,low,stormy,normal,suburbs,11.59
11.76,31.587645592562815,evening,high,clear,low,city_center,27.91
7.37,8.732018523286289,evening,high,rainy,low,suburbs,14.52
10.43,17.157994577881567,night,medium,clear,normal,airport,23.16
11.2,23.0117676289375,morning,high,clear,normal,suburbs,28.15
22.11,35.411566478464366,night,high,clear,normal,airport,44.85
7.49,22.16266064753809,night,high,rainy,normal,city_center,20.93
22.45,41.92225677927868,evening,high,stormy,normal,city_center,52.3
11.22,11.82104752134579,night,medium,clear,normal,airport,20.6
8.87,24.82334438480919,evening,medium,clear,normal,suburbs,19.15
13.06,25.937961759778133,afternoon,high,clear,normal,suburbs,24.49
11.03,21.85914592681037,afternoon,medium,rainy,normal,city_center,17.38
7.18,13.512406087262868,evening,medium,rainy,normal,suburbs,15.01
13.06,47.586249816067635,evening,low,clear,high,city_center,44.56
4.64,5.0,afternoon,low,clear,normal,suburbs,7.29
9.45,21.21762085995855,morning,low,clear,high,city_center,25.17
14.58,21.798536517415393,morning,low,rainy,high,airport,32.43
10.92,25.96421693908384,morning,medium,rainy,high,airport,32.02
20.77,49.719387310117625,afternoon,medium,clear,high,suburbs,42.52
7.16,8.299162265486393,morning,high,rainy,normal,suburbs,13.92
24.27,44.230228458270425,morning,medium,clear,normal,suburbs,40.87
19.83,51.359981324884345,night,high,clear,normal,suburbs,40.65
24.22,37.98139512227993,afternoon,low,clear,high,airport,47.71
21.12,38.552308767030546,night,high,clear,normal,city_center,42.76
4.41,7.994110081739048,morning,low,clear,normal,city_center,12.19
13.64,36.33835189975174,afternoon,low,rainy,normal,suburbs,29.12
5.08,12.684029380905255,evening,medium,rainy,normal,airport,13.47
20.64,33.94977271690022,night,high,clear,normal,city_center,38.21
15.02,25.762723772041994,evening,low,clear,low,airport,26.79
7.32,17.642456015641113,night,low,clear,high,airport,24.51
23.31,76.19098416312526,morning,low,clear,high,suburbs,63.24
3.76,5.0,afternoon,medium,clear,low,suburbs,6.45
14.53,24.37021134915667,night,medium,clear,high,suburbs,28.81
18.3,32.29148556564947,afternoon,low,rainy,normal,suburbs,28.69
2.41,5.0,morning,medium,clear,low,city_center,10.49
15.35,27.311556703418304,morning,medium,clear,high,airport,35.23
20.58,41.957270602318985,evening,medium,clear,high,suburbs,47.73
2.62,5.0,morning,high,clear,low,city_center,12.73
13.29,27.38335645882219,afternoon,high,stormy,low,suburbs,28.35
7.21,7.650719537313423,morning,low,clear,normal,city_center,14.48
16.91,13.723917534751532,morning,medium,clear,low,suburbs,19.19
3.85,7.29439063035129,afternoon,high,clear,normal,airport,11.85
23.49,58.40785314004802,morning,medium,clear,high,suburbs,60.48
22.47,23.52331980608731,evening,medium,rainy,low,city_center,32.03
5.46,21.377333207501298,morning,medium,clear,normal,suburbs,12.53
8.76,15.867753802382458,evening,high,rainy,normal,city_center,20.24
15.1,28.03137882081277,afternoon,high,clear,high,city_center,42.59
18.23,27.404020134426748,afternoon,low,rainy,high,city_center,36.38
11.62,22.358468608937194,evening,medium,clear,normal,airport,22.87
4.75,9.110769384713446,afternoon,medium,clear,normal,city_center,14.67
3.5,13.747556186380713,morning,low,stormy,high,suburbs,13.85
24.99,40.95442846063635,afternoon,high,stormy,normal,city_center,53.4
11.93,31.62765411655686,afternoon,low,clear,normal,city_center,24.9
21.94,34.90577665376158,morning,medium,rainy,normal,city_center,32.24
12.58,29.961238569367907,evening,high,clear,high,airport,37.55
23.14,47.712387901957584,afternoon,high,clear,normal,suburbs,41.72
3.11,5.0,morning,medium,rainy,normal,suburbs,8.73
3.74,8.62263757979959,morning,medium,clear,low,city_center,11.26
23.31,50.692840451960244,morning,medium,rainy,low,city_center,44.93
23.74,37.640576630173484,morning,high,clear,normal,city_center,45.6
8.55,13.620480396492296,afternoon,low,clear,normal,airport,14.22
9.52,13.227451388870442,morning,medium,rainy,normal,suburbs,16.25
11.86,26.840906391163177,afternoon,high,clear,normal,city_center,20.12
10.99,11.978623864358454,morning,high,rainy,high,airport,31.21
5.56,15.520732672993129,night,medium,clear,low,suburbs,14.04
22.56,38.665259461142476,evening,high,clear,low,airport,48.08
7.08,17.520667008043073,evening,medium,clear,low,city_center,14.33
17.93,49.35347425040068,afternoon,medium,rainy,normal,city_center,36.85
2.61,5.0,morning,high,rainy,low,airport,8.81
1.93,5.0,afternoon,low,clear,normal,suburbs,7.38
16.69,35.167856366387035,afternoon,high,rainy,low,suburbs,27.43
9.14,18.073517939431827,evening,medium,rainy,normal,city_center,19.14
16.73,41.333285679157015,night,medium,clear,normal,airport,37.27
3.26,5.0,morning,high,clear,high,airport,14.87
23.8,71.55501718255773,morning,high,clear,normal,suburbs,59.83
18.96,35.12316400466989,evening,high,clear,high,suburbs,48.79
22.03,51.68604782938022,morning,medium,clear,normal,suburbs,43.46
4.28,5.437842483894629,evening,high,rainy,normal,city_center,11.69
8.68,17.58886000986336,evening,high,stormy,high,city_center,33.67
9.84,22.49266507060644,evening,medium,rainy,high,city_center,26.97
13.89,25.81920273103799,morning,medium,clear,low,city_center,26.04
8.12,13.363869022116534,morning,high,clear,normal,suburbs,17.17
2.46,11.416202902016723,evening,medium,clear,high,airport,17.66
9.85,8.341755808909438,afternoon,low,clear,high,city_center,15.8
7.11,9.964936804741653,evening,high,clear,normal,suburbs,18.61
10.26,24.924686377672653,afternoon,medium,clear,normal,city_center,21.33
5.73,6.604203436526238,afternoon,high,clear,high,suburbs,10.19
7.29,10.321247639686863,morning,low,clear,normal,suburbs,14.83
16.05,24.74709562111042,evening,high,stormy,low,suburbs,36.68
10.32,16.395244816159007,afternoon,medium,rainy,normal,city_center,15.81
9.29,20.669852807340774,afternoon,low,clear,low,city_center,13.17
13.81,40.569143070372675,afternoon,medium,clear,normal,city_center,31.58
19.52,34.178035162403305,evening,medium,stormy,normal,suburbs,37.06
10.09,27.617453470357404,evening,medium,clear,high,suburbs,31.22
15.1,29.619640653098465,morning,medium,clear,normal,suburbs,28.33
24.19,38.34346395596732,morning,medium,clear,low,city_center,36.06
13.53,30.981208880675755,evening,medium,clear,normal,airport,31.83
22.84,44.16709969896484,evening,medium,stormy,low,city_center,46.19
20.05,44.45781129289049,afternoon,low,clear,normal,airport,37.47
2.41,5.0,afternoon,medium,rainy,normal,city_center,5.06
11.3,28.29060177043734,evening,medium,rainy,high,city_center,32.77
17.76,29.303873554492554,evening,low,clear,normal,suburbs,31.2
24.68,44.49826144453289,afternoon,medium,stormy,normal,city_center,48.31
12.0,30.83025407632213,morning,low,clear,high,airport,38.01
3.23,5.0,evening,medium,rainy,normal,city_center,15.23
14.49,20.686638841297714,afternoon,high,clear,normal,airport,28.21
4.04,19.763247690607415,evening,low,clear,normal,airport,19.66
19.04,55.84281312336398,evening,medium,clear,high,suburbs,54.14
13.18,36.14172677577293,afternoon,low,clear,high,suburbs,35.17
18.36,38.630095724520835,afternoon,medium,rainy,normal,airport,36.32
21.86,34.99768478588088,morning,high,clear,normal,suburbs,44.26
16.09,29.936603437394997,evening,medium,clear,normal,suburbs,28.62
15.7,28.897606339665604,night,high,clear,normal,suburbs,27.55
19.11,33.77217502028685,night,medium,clear,normal,city_center,36.14
21.22,42.276280732095294,evening,low,clear,low,city_center,33.96
21.86,26.732901334683312,evening,medium,clear,low,city_center,31.88
1.87,6.588149224211424,night,low,clear,low,suburbs,5.0
14.35,24.14430154373096,afternoon,medium,rainy,low,city_center,24.47
6.19,18.239319473370216,night,low,clear,normal,airport,14.89
21.65,40.31242157538175,afternoon,low,clear,normal,city_center,29.85
16.56,34.39863230430403,evening,low,clear,high,airport,46.2
11.09,20.487282361491225,morning,medium,clear,high,suburbs,26.89
5.51,12.429705359475356,afternoon,high,clear,normal,airport,16.27
9.14,20.631634401682923,afternoon,high,rainy,low,city_center,16.26
17.89,38.85782305042385,afternoon,low,clear,low,airport,31.55
5.9,18.824938552932245,evening,high,clear,high,suburbs,24.42
3.25,5.0,night,low,clear,high,city_center,10.95
22.31,31.717663191779774,evening,low,rainy,high,suburbs,41.73
19.34,45.46587553858979,afternoon,high,clear,high,suburbs,51.42
5.8,10.78507000903419,evening,medium,stormy,high,city_center,20.21
8.02,21.096340379434952,afternoon,medium,clear,normal,suburbs,14.33
24.33,45.15482761411868,afternoon,medium,clear,normal,city_center,38.59
18.0,38.775150198794925,night,medium,clear,high,suburbs,37.49
15.65,35.48898138693517,morning,medium,clear,high,suburbs,41.07
8.38,19.329414177380137,evening,medium,clear,normal,city_center,18.48
8.18,7.848710656629734,morning,low,clear,normal,city_center,16.15
1.95,5.0,night,low,rainy,low,suburbs,6.16
18.48,29.663894587573328,evening,medium,clear,low,city_center,30.17
2.04,10.372232667316087,afternoon,high,clear,normal,city_center,11.06
1.12,10.543627356380743,morning,high,clear,high,airport,18.0
18.51,43.954153727241774,morning,low,clear,normal,suburbs,31.48
23.77,34.93193835299576,morning,low,clear,high,airport,54.64
19.16,35.696400949038505,evening,medium,rainy,normal,suburbs,31.13
12.32,22.853488104391392,evening,high,rainy,low,city_center,25.57
12.67,24.129860176434356,morning,high,rainy,normal,suburbs,31.58
11.47,30.325510409883144,afternoon,low,clear,normal,city_center,22.33
8.79,25.88977145481889,afternoon,medium,clear,normal,city_center,18.53
13.52,26.653218106186138,evening,medium,clear,high,city_center,33.01
11.35,28.731784429181367,afternoon,medium,rainy,normal,suburbs,18.95
15.36,26.109230778843138,evening,medium,clear,high,city_center,40.69
22.55,41.39697207970735,evening,high,rainy,high,city_center,58.93
24.88,46.2306990904664,morning,medium,rainy,normal,suburbs,42.42
2.89,6.469322163631797,afternoon,medium,clear,high,suburbs,5.0
10.23,15.236983733373718,afternoon,high,clear,high,suburbs,27.02
5.34,12.50479071295452,night,medium,clear,high,airport,18.74
9.45,24.135919676239027,morning,medium,clear,normal,airport,26.97
7.9,15.730227829069728,afternoon,low,clear,normal,airport,19.6
5.19,16.246896473783625,evening,medium,clear,high,suburbs,18.72
19.34,27.115175560191787,afternoon,medium,rainy,high,city_center,38.57
12.91,27.98498318780863,afternoon,high,clear,high,suburbs,32.84
23.06,39.791012742613994,afternoon,low,stormy,high,suburbs,51.64
1.78,5.307808377549895,morning,high,clear,high,city_center,10.59
2.61,11.167569104803745,evening,medium,rainy,normal,suburbs,7.82
10.68,24.531945047473894,night,high,clear,high,suburbs,32.5
2.93,5.4890137307689395,night,low,clear,high,suburbs,9.44
7.31,17.268260347709113,afternoon,medium,clear,high,city_center,13.82
24.66,60.77972134571691,afternoon,medium,rainy,normal,airport,47.93
6.02,5.139379389885217,afternoon,medium,rainy,high,city_center,12.98
5.75,6.151656102247573,morning,low,clear,high,suburbs,16.28
14.77,37.22210261953952,evening,medium,clear,high,city_center,40.88
12.95,17.056143293884336,morning,medium,clear,high,suburbs,25.64
14.93,37.660381829391554,afternoon,high,clear,normal,suburbs,27.63
10.04,14.887456556233015,morning,high,stormy,low,suburbs,20.79
20.84,38.828064719720466,morning,low,clear,high,suburbs,47.8
4.33,6.281876492590461,evening,medium,clear,high,suburbs,15.95
11.28,25.644296872671976,night,low,clear,normal,suburbs,16.28
17.55,39.84327490377758,evening,medium,clear,normal,suburbs,34.32
21.84,50.03202527125708,morning,medium,clear,low,suburbs,36.46
9.87,17.31783122279963,afternoon,medium,rainy,normal,suburbs,16.38
14.63,29.170479027249968,evening,low,clear,normal,suburbs,23.97
2.66,5.0,night,medium,rainy,high,suburbs,5.0
5.09,24.637837656901638,evening,low,rainy,low,city_center,17.08
2.66,5.0,morning,low,rainy,normal,airport,10.86
18.47,25.835538309935252,evening,high,clear,normal,city_center,37.34
7.91,11.01083603108217,morning,high,rainy,normal,city_center,18.65
18.37,29.6157945723532,afternoon,high,clear,low,suburbs,31.74
2.59,7.105959820802907,night,low,clear,normal,city_center,11.23
21.7,39.096808822476305,night,high,rainy,low,suburbs,42.12
21.05,57.95755497596803,afternoon,medium,clear,high,suburbs,47.25
3.13,6.635089711075094,evening,low,clear,normal,airport,15.71
1.57,9.018935824448075,afternoon,high,clear,high,city_center,11.14
2.35,12.20208137141544,morning,low,clear,normal,city_center,11.66
21.49,37.40930690773449,night,low,clear,normal,city_center,33.51
6.63,14.29348669489428,evening,high,clear,normal,city_center,17.97
14.16,17.981586886921516,afternoon,low,clear,normal,city_center,19.33
11.23,23.25929532828011,evening,medium,clear,high,airport,36.45
20.09,33.98265410100982,morning,medium,stormy,high,suburbs,49.1
12.73,25.80827534202888,afternoon,high,clear,high,city_center,32.71
13.02,18.30413857942287,night,medium,clear,high,suburbs,27.46
24.74,43.95152154954509,evening,medium,clear,low,suburbs,37.22
4.6,5.0,evening,medium,rainy,high,suburbs,14.38
20.94,51.765256992273905,afternoon,medium,clear,normal,city_center,36.7
2.24,5.0,evening,medium,clear,normal,suburbs,5.99
12.46,22.093793197087482,night,high,clear,normal,airport,31.61
22.27,52.756885694618546,morning,high,clear,normal,airport,53.06
16.97,40.8855356339148,morning,high,clear,normal,suburbs,41.1
17.45,28.017693474095378,afternoon,medium,clear,low,city_center,26.3
7.32,10.812574496830731,afternoon,high,clear,normal,city_center,19.97
11.05,18.18808061111354,morning,high,rainy,normal,suburbs,22.32
9.8,29.97945864063464,evening,low,clear,high,city_center,28.98
13.51,20.952760089977673,afternoon,medium,rainy,low,airport,24.73
12.09,28.150417344267886,night,medium,stormy,low,suburbs,22.31
8.85,20.142878256844988,afternoon,medium,rainy,high,suburbs,22.87
8.33,9.31648040728866,evening,medium,rainy,high,suburbs,19.38
7.02,5.0,night,high,rainy,low,city_center,9.45
9.76,14.223577190269852,afternoon,low,clear,high,suburbs,16.45
4.6,19.800109663840402,morning,high,clear,normal,city_center,21.92
21.93,59.74273780683064,night,high,clear,normal,city_center,47.74
15.45,58.13022101902858,afternoon,low,clear,normal,suburbs,32.94
4.21,5.0,afternoon,low,clear,normal,suburbs,5.39
17.65,31.26792508112395,morning,high,clear,normal,city_center,34.88
21.34,46.72826094400014,afternoon,low,rainy,normal,city_center,39.02
6.7,6.554359482370348,evening,medium,clear,normal,city_center,13.49
4.61,6.658570655621685,evening,medium,rainy,normal,airport,12.5
1.21,5.0,night,high,clear,high,airport,12.9
2.13,7.803414410806106,evening,medium,clear,normal,city_center,9.87
19.29,47.26298743995998,afternoon,high,clear,normal,airport,47.27
24.69,59.92430432512439,evening,high,clear,normal,suburbs,49.82
2.08,11.262623445376985,morning,medium,clear,low,city_center,11.95
18.95,33.142102068815795,morning,low,rainy,normal,city_center,33.34
2.72,9.607762458450026,afternoon,low,rainy,high,city_center,16.09
15.21,22.43538795051016,morning,medium,rainy,normal,suburbs,30.67
19.15,37.55334674471309,morning,medium,clear,low,suburbs,35.7
9.62,9.892294881337998,morning,medium,clear,high,suburbs,18.93
1.26,5.0,morning,medium,clear,high,city_center,5.48
15.28,47.013397916264694,evening,medium,clear,high,city_center,46.07
24.79,54.023186011715495,afternoon,low,clear,high,suburbs,47.33
7.18,20.21265223952357,night,medium,clear,high,suburbs,19.71
5.55,5.0,night,medium,rainy,high,city_center,10.24
3.97,5.0,night,medium,rainy,normal,airport,11.79
14.33,28.311419714011784,morning,high,rainy,high,suburbs,44.98
15.31,44.87348018502485,afternoon,low,clear,normal,city_center,29.88
20.01,47.70747575240687,afternoon,medium,clear,high,suburbs,41.53
19.07,43.24985558030272,afternoon,medium,rainy,high,city_center,46.35
22.42,48.219635831686674,morning,high,clear,high,city_center,61.68
20.34,48.497018777838505,morning,medium,clear,normal,airport,47.63
6.93,17.64501929595889,evening,low,clear,normal,city_center,18.74
14.34,24.948274614882706,evening,low,clear,low,city_center,24.88
8.14,7.05328780766515,afternoon,medium,rainy,normal,city_center,17.62
8.91,17.153439371341975,afternoon,high,rainy,high,suburbs,22.93
23.37,45.79621821092436,evening,medium,clear,normal,airport,51.56
17.37,25.345776040944354,evening,medium,clear,high,city_center,39.67
24.39,42.39853182566949,evening,low,clear,normal,suburbs,41.4
11.01,29.80120366869246,evening,low,rainy,low,city_center,17.6
13.9,25.299003489424756,evening,high,clear,normal,airport,33.26
12.69,19.908326586966396,afternoon,medium,rainy,normal,airport,24.38
3.57,6.180448492882999,afternoon,low,clear,normal,suburbs,5.0
6.68,12.429730031913587,morning,low,stormy,normal,city_center,13.83
13.66,28.73492414697094,afternoon,high,stormy,normal,city_center,34.3
2.62,9.307014110370769,night,medium,stormy,normal,city_center,11.89
23.36,56.68784703407068,evening,low,clear,high,suburbs,58.13
3.97,5.0,evening,medium,rainy,normal,city_center,15.25
5.75,8.797734628919978,morning,high,clear,normal,city_center,15.58
19.37,33.45809330957091,evening,medium,clear,normal,city_center,38.28
3.33,10.440615750141028,morning,high,clear,low,suburbs,10.49
22.61,68.78617552524081,afternoon,medium,rainy,normal,airport,48.42
18.42,45.04597914265108,evening,medium,clear,normal,suburbs,36.61
2.65,5.0,morning,high,clear,low,suburbs,8.73
17.6,33.927691245883985,afternoon,low,clear,high,city_center,31.75
16.16,39.546081676873584,morning,high,rainy,high,city_center,52.65
19.18,43.87353454587138,morning,medium,clear,normal,city_center,39.61
20.88,46.92645007678363,afternoon,medium,clear,low,city_center,30.72
18.24,40.904082803880236,evening,medium,clear,high,city_center,43.5
15.07,27.83689740251251,afternoon,medium,clear,high,suburbs,31.97
8.74,16.83047298556499,morning,low,clear,normal,city_center,17.96
17.73,38.49350835574685,afternoon,medium,clear,normal,suburbs,32.13
23.97,57.80816928396101,morning,medium,clear,normal,suburbs,46.95
15.1,27.555995462796496,evening,high,clear,normal,city_center,26.93
16.94,24.65205080266079,evening,low,clear,normal,airport,31.47
11.49,15.763750304173335,evening,medium,clear,normal,city_center,22.67
19.15,37.88134039048829,evening,medium,clear,low,city_center,29.38
24.94,47.77607168528671,evening,high,rainy,high,airport,69.35
4.85,13.54120867904167,afternoon,medium,clear,low,city_center,12.6
5.86,5.0,evening,medium,clear,normal,suburbs,12.68
13.95,26.405309152179758,afternoon,high,rainy,high,suburbs,33.93
12.55,22.544157317372935,afternoon,low,clear,normal,city_center,21.26
14.72,22.293814109627874,evening,high,clear,normal,city_center,27.4
2.18,10.478278181149115,evening,high,clear,normal,city_center,9.62
10.7,6.11509518209728,afternoon,low,clear,normal,suburbs,13.56
14.99,24.874438596495327,night,medium,rainy,high,suburbs,32.78
15.04,37.37497812261015,afternoon,medium,stormy,high,suburbs,40.61
16.78,45.33021308658649,afternoon,high,clear,normal,suburbs,36.04
18.29,22.259687359091053,afternoon,high,clear,low,city_center,32.54
16.4,34.14907480032086,evening,medium,clear,high,suburbs,32.63
19.97,36.2240429052905,night,medium,clear,high,suburbs,42.96
15.99,38.32820926212234,evening,medium,clear,normal,suburbs,30.38
13.9,36.11812636582335,afternoon,low,clear,normal,suburbs,21.9
15.55,43.67584168037018,afternoon,low,clear,normal,airport,33.61
3.43,5.0,afternoon,high,clear,normal,city_center,9.64
7.56,14.592374920005243,evening,medium,clear,high,suburbs,21.5
13.66,22.076155238730156,night,low,stormy,high,suburbs,30.99
21.95,27.28527350373075,night,low,rainy,normal,city_center,29.98
17.3,33.11766873029151,afternoon,high,clear,low,suburbs,24.75
3.17,5.0,afternoon,low,clear,high,airport,11.4
15.21,27.86188142292891,afternoon,medium,rainy,high,suburbs,34.05
6.32,6.264497311199779,afternoon,high,stormy,normal,city_center,16.3
18.62,32.11956683844153,night,high,rainy,low,suburbs,27.22
20.86,31.855756863532616,morning,medium,clear,high,city_center,45.21
15.24,22.02609894700077,evening,medium,clear,normal,airport,29.32
15.19,40.25597642525356,afternoon,low,clear,high,suburbs,34.85
9.13,11.510128368087173,evening,medium,clear,low,city_center,13.66
11.71,20.737849023604383,night,high,clear,normal,suburbs,18.4
21.74,39.55541174580566,evening,medium,clear,high,airport,53.12
18.36,34.92818022110433,evening,medium,rainy,normal,suburbs,37.5
13.47,30.794943444342454,morning,medium,clear,high,city_center,30.73
9.84,17.719363285441847,morning,high,rainy,high,airport,30.66
2.21,5.0,afternoon,high,rainy,normal,city_center,7.83
4.43,23.903824399620746,afternoon,high,clear,high,city_center,19.83
5.63,20.59392872643285,evening,medium,rainy,high,airport,23.02
9.96,30.03488137011246,afternoon,low,clear,high,suburbs,22.89
23.66,48.77838507657611,morning,medium,clear,high,airport,61.61
13.12,27.22580531796098,evening,medium,clear,low,suburbs,23.06
6.64,16.72363614308796,evening,medium,rainy,normal,suburbs,17.78
3.54,5.0,night,medium,clear,normal,city_center,10.06
9.12,12.571212341179354,morning,low,clear,high,city_center,17.58
20.58,49.54857751100978,afternoon,high,rainy,high,city_center,57.43
10.2,19.96236620431524,afternoon,medium,rainy,high,city_center,26.33
19.54,22.469358490082897,night,high,rainy,high,city_center,42.16
20.26,46.3618558122743,evening,low,clear,normal,airport,45.02
3.66,5.0,night,high,stormy,low,suburbs,6.8
15.61,17.9834149370948,night,medium,clear,normal,suburbs,24.57
24.02,42.8745376956342,morning,medium,clear,normal,city_center,44.14
10.65,17.78796507287306,afternoon,low,clear,normal,suburbs,15.42
2.22,5.524532960245241,afternoon,high,clear,normal,city_center,5.53
23.16,45.66600505309586,afternoon,low,clear,low,city_center,30.87
22.21,55.37147810126029,night,low,rainy,normal,airport,43.43
13.53,28.303798776322548,morning,high,clear,high,city_center,44.26
14.25,26.091580000028394,evening,medium,clear,low,city_center,27.27
6.08,24.338007463293255,morning,high,clear,normal,city_center,23.55
20.67,37.98282841590459,evening,high,rainy,normal,city_center,45.68
12.97,18.00423591433697,morning,medium,clear,normal,suburbs,20.23
1.81,5.0,afternoon,high,clear,normal,airport,12.77
17.39,28.931012358498847,evening,low,rainy,low,suburbs,24.41
23.81,34.53909508458882,afternoon,high,clear,normal,suburbs,41.5
20.9,64.6294499311175,night,medium,clear,normal,city_center,39.7
7.65,10.540603770051305,evening,high,clear,low,city_center,12.84
2.28,6.383854652266652,morning,medium,clear,high,suburbs,10.59
23.57,26.5384971013314,afternoon,medium,clear,low,suburbs,26.48
23.49,52.18408009937489,afternoon,high,clear,low,airport,47.41
13.78,17.907543600516764,afternoon,medium,clear,normal,suburbs,22.41
16.42,42.23623334403703,morning,medium,clear,high,city_center,39.03
12.1,26.701512014291815,morning,high,rainy,normal,city_center,27.92
11.07,27.03527941413105,night,high,clear,normal,suburbs,21.74
3.87,7.055834737702034,night,medium,rainy,high,city_center,14.56
3.32,5.074986658196825,morning,medium,clear,high,suburbs,6.21
6.59,12.110214482769521,evening,low,clear,normal,airport,11.49
21.08,42.65617713842883,morning,medium,clear,normal,airport,40.65
4.5,10.574381974892063,afternoon,high,clear,high,suburbs,15.04
6.44,27.54510132016706,morning,low,clear,normal,suburbs,22.57
14.17,19.444496830445594,afternoon,low,clear,low,city_center,14.57
6.16,21.053194081614727,afternoon,low,clear,low,city_center,11.21
4.92,6.121475054198309,evening,medium,rainy,high,city_center,14.63
14.52,23.702640863229462,afternoon,medium,rainy,normal,suburbs,25.51
9.83,18.195803575628155,evening,low,clear,normal,city_center,24.27
16.03,30.413127019300635,morning,medium,clear,low,city_center,28.36
22.89,69.01292015813408,evening,low,clear,low,airport,49.32
4.62,5.975535698651366,morning,high,clear,normal,city_center,12.01
22.92,37.764965902954756,morning,medium,clear,high,suburbs,53.33
22.66,34.572556740214644,afternoon,medium,rainy,normal,city_center,33.72
20.9,34.887474680318974,morning,high,rainy,normal,city_center,43.81
16.15,30.837737872293665,evening,low,rainy,low,suburbs,20.77
15.88,29.330587857811977,afternoon,high,clear,normal,city_center,31.55
16.34,35.78708906485125,evening,low,rainy,low,city_center,33.54
17.57,44.391850777217336,morning,medium,rainy,normal,suburbs,38.9
1.4,14.320858041013498,morning,low,clear,low,city_center,7.28
23.99,48.61142835086952,afternoon,high,clear,normal,city_center,40.9
15.05,44.91249505058847,morning,medium,clear,normal,suburbs,37.46
19.76,53.91328645724356,morning,low,clear,high,city_center,49.83
10.05,11.023283029866944,morning,medium,clear,low,suburbs,13.67
1.3,5.0,night,high,clear,normal,city_center,5.0
13.23,11.461792633379574,afternoon,low,rainy,high,city_center,24.52
13.17,30.346059265120058,morning,medium,clear,high,city_center,39.97
11.49,21.905009650677176,afternoon,low,clear,low,suburbs,16.29
9.15,19.991072111107435,night,low,rainy,normal,city_center,21.74
7.0,29.0779381403923,morning,high,rainy,low,airport,24.0
13.66,35.57480691509188,morning,medium,rainy,low,suburbs,26.7
10.01,22.986639095143595,night,low,stormy,high,suburbs,27.0
24.28,38.434105967801464,night,high,clear,high,city_center,53.47
5.15,17.839903832771864,afternoon,high,clear,normal,suburbs,11.37
8.67,11.29277564897518,morning,high,clear,high,suburbs,20.49
8.06,18.999011893418754,morning,low,clear,normal,airport,20.63
14.04,40.30439670398161,night,medium,rainy,normal,city_center,29.51
12.98,26.285915289527807,evening,high,stormy,normal,suburbs,35.4
16.45,56.10615961932104,afternoon,low,stormy,high,suburbs,42.44
23.8,57.20006761766111,morning,medium,clear,high,suburbs,60.21
7.85,10.476367191861604,morning,high,clear,low,city_center,11.76
17.63,33.95249522534943,evening,low,clear,normal,airport,37.77
1.6,5.0,evening,high,clear,normal,suburbs,5.0
7.3,17.819795673153532,afternoon,high,clear,low,airport,19.11
12.13,17.6806230357017,evening,medium,clear,low,suburbs,21.8
1.74,7.13749680390552,evening,high,clear,high,city_center,7.27
15.82,43.31359201633555,evening,high,clear,normal,suburbs,41.54
17.28,35.07850321191789,morning,high,stormy,high,city_center,57.1
18.92,36.99767328033523,night,medium,clear,normal,city_center,31.5
13.4,28.89213286436981,morning,low,clear,high,suburbs,26.05
15.49,32.11642417880908,evening,medium,clear,low,city_center,32.3
10.51,20.483384695105876,morning,high,clear,high,airport,33.83
1.99,5.0,evening,low,rainy,low,city_center,8.61
3.4,5.0,evening,medium,rainy,low,airport,12.49
16.72,38.07351491791408,morning,medium,clear,high,city_center,48.75
24.89,45.6710203281495,afternoon,medium,clear,high,suburbs,45.9
1.38,5.0,afternoon,high,clear,normal,city_center,9.64
14.38,20.72432335693272,afternoon,high,rainy,high,suburbs,36.92
19.02,44.55953461192881,morning,low,clear,low,airport,33.68
20.84,40.87478953886798,morning,low,rainy,high,suburbs,48.05
14.08,35.715021230341634,night,high,rainy,normal,suburbs,32.58
15.88,30.375513983193475,morning,low,rainy,high,airport,44.21
17.72,41.01596099182813,afternoon,low,clear,normal,city_center,31.41
21.62,47.51243834399164,afternoon,medium,clear,high,suburbs,48.45
3.93,8.695751537735308,evening,low,clear,normal,city_center,10.45
23.23,60.74496526031069,evening,medium,clear,low,city_center,44.68
1.62,5.0,evening,low,clear,normal,suburbs,5.0
21.07,58.32089732317501,evening,medium,rainy,normal,suburbs,43.54
2.84,5.153232572497201,afternoon,medium,clear,normal,city_center,7.38
5.67,15.535655308028693,night,low,rainy,high,city_center,16.67
1.09,5.0,evening,medium,clear,high,city_center,10.05
11.69,28.83724302155015,evening,low,clear,low,city_center,17.55
9.02,20.39612146822697,evening,high,clear,normal,suburbs,22.33
4.98,8.315525058659585,afternoon,low,clear,high,airport,17.92
11.83,24.40385181027004,evening,high,rainy,normal,city_center,23.18
10.66,17.435571636571385,evening,high,clear,high,city_center,33.95
19.42,27.538425538057634,night,medium,clear,low,city_center,32.01
22.44,31.0303218509587,night,high,clear,high,suburbs,50.69
16.66,52.362228344017296,afternoon,medium,clear,normal,airport,37.03
3.99,10.9347688003904,evening,medium,clear,normal,city_center,11.03
8.09,11.049595555163492,afternoon,low,clear,normal,city_center,11.83
22.92,34.784944139662315,evening,high,stormy,high,suburbs,63.47
3.13,14.565824561238276,evening,medium,clear,normal,airport,14.58
10.76,20.082608893964206,night,high,clear,high,suburbs,28.1
23.62,55.2985957447599,evening,high,clear,high,suburbs,67.34
23.82,51.10283285411644,evening,medium,rainy,high,city_center,62.97
10.87,12.16280368237954,morning,medium,stormy,high,airport,29.94
17.02,37.35102800534017,evening,low,clear,normal,city_center,29.8
11.96,30.384964628279917,afternoon,low,rainy,high,suburbs,31.19
19.08,23.049778998402502,afternoon,low,clear,high,suburbs,28.93
1.76,5.0,afternoon,medium,clear,high,airport,11.26
4.46,8.65864301620819,afternoon,low,rainy,normal,city_center,9.67
15.74,40.37532526901559,evening,high,clear,low,city_center,34.92
6.58,23.37106935279592,evening,high,rainy,high,suburbs,26.58
16.99,31.53920937124869,afternoon,low,clear,normal,city_center,25.67
9.43,14.882530026457914,evening,medium,clear,normal,airport,22.41
22.28,45.7114143925268,morning,medium,clear,low,city_center,35.6
20.66,39.300592682721266,afternoon,medium,clear,low,suburbs,28.11
12.83,18.300971079277797,afternoon,high,clear,low,city_center,20.88
19.55,48.351283804647295,morning,medium,clear,normal,suburbs,34.36
7.51,16.22441052397739,evening,medium,clear,normal,city_center,20.26
12.86,24.5802904960062,evening,low,clear,high,airport,39.59
5.74,10.390149992959602,evening,low,rainy,low,suburbs,12.09
21.66,39.334338388470925,evening,high,clear,low,suburbs,37.7
20.75,44.140394699217296,afternoon,high,clear,low,suburbs,33.55
22.65,38.72765972636427,evening,medium,clear,low,city_center,33.39
22.06,40.07426694569467,evening,low,clear,normal,city_center,41.82
24.03,40.508164908410194,afternoon,medium,rainy,high,suburbs,44.49
6.48,14.17133330905352,afternoon,medium,clear,high,city_center,19.45
23.36,44.718863293379535,morning,medium,clear,normal,city_center,41.51
14.71,34.47320087071363,morning,medium,clear,low,airport,34.56
11.14,25.454709931347427,morning,high,clear,normal,city_center,28.75
14.45,15.387175017684134,evening,high,stormy,normal,city_center,32.56
9.22,21.43483566775074,afternoon,high,clear,high,suburbs,25.09
7.93,15.177538331676308,evening,high,clear,high,city_center,28.79
6.79,16.844227993456048,afternoon,low,stormy,normal,suburbs,10.3
2.98,5.0,afternoon,low,rainy,high,suburbs,5.0
12.92,39.61891842420223,evening,high,clear,normal,suburbs,29.58
22.31,22.287459767891114,morning,medium,clear,high,suburbs,40.48
16.12,36.05577482321231,night,high,rainy,normal,airport,37.21
13.5,33.076816148074485,afternoon,low,clear,normal,city_center,22.88
11.29,17.81555987005618,evening,medium,rainy,normal,airport,29.91
12.15,38.103998997968326,morning,medium,clear,normal,city_center,27.92
6.02,15.84537214331242,afternoon,medium,rainy,normal,suburbs,15.05
20.75,30.89437874042603,afternoon,medium,clear,normal,city_center,30.97
5.76,7.603023310618401,afternoon,medium,rainy,normal,city_center,14.04
18.2,46.06201113701721,afternoon,high,clear,normal,suburbs,37.39
19.24,36.41816615670798,afternoon,medium,stormy,normal,city_center,36.6
14.8,33.075480604034304,evening,low,clear,high,city_center,36.32
21.71,43.511842906752804,afternoon,high,clear,normal,city_center,38.1
7.99,19.76599260143797,morning,high,rainy,low,city_center,16.23
22.16,38.81264939411194,morning,medium,clear,normal,suburbs,39.43
18.51,27.01758740048885,night,medium,clear,normal,airport,37.17
20.17,39.6428641259751,morning,medium,clear,low,suburbs,31.27
16.95,33.991494759676414,evening,low,rainy,normal,city_center,32.56
21.31,40.04693875951154,morning,high,clear,normal,suburbs,40.29
24.83,59.21188083001417,afternoon,medium,clear,normal,city_center,42.78
11.08,34.74519206267938,afternoon,high,clear,normal,suburbs,24.69
20.53,46.16118733179608,night,high,clear,high,city_center,52.67
18.87,30.744370578634665,evening,medium,clear,normal,city_center,30.74
11.87,22.074517918880446,morning,low,clear,low,suburbs,21.29
23.25,37.882674746224,evening,high,rainy,normal,city_center,50.37
10.47,26.198365337413577,morning,high,stormy,low,suburbs,29.57
14.57,30.28882831468348,night,low,rainy,normal,city_center,28.67
3.54,7.443023887572227,afternoon,medium,clear,high,city_center,8.91
6.42,9.647176274948183,night,low,clear,normal,suburbs,8.98
21.18,80.28134365153849,evening,low,clear,normal,city_center,51.83
10.52,20.50704912383564,morning,medium,clear,high,city_center,25.52
10.46,15.767317061930514,night,low,rainy,normal,city_center,21.88
6.9,13.855215876545609,night,low,rainy,high,airport,21.69
12.8,32.94172501747025,evening,medium,clear,normal,suburbs,24.45
20.34,41.34505946981374,afternoon,low,clear,normal,suburbs,32.3
22.48,37.45334646241123,evening,medium,clear,normal,airport,44.68
2.68,5.0,morning,high,clear,normal,airport,13.9
14.8,28.870158640828535,night,high,clear,high,suburbs,38.97
12.21,19.269655944067708,morning,medium,rainy,normal,suburbs,23.21
15.74,19.778927512868844,evening,medium,clear,high,city_center,37.72
11.73,16.824734446942315,evening,medium,clear,high,city_center,29.94
10.57,22.081666080895115,night,high,rainy,normal,suburbs,20.97
12.33,31.28765681302969,evening,low,clear,normal,city_center,24.21
14.97,20.755297290241792,evening,low,clear,high,city_center,31.4
13.02,34.86442776191322,evening,low,clear,normal,city_center,27.77
12.33,29.219988196330423,evening,low,clear,normal,suburbs,22.02
20.63,37.835159140959746,morning,medium,rainy,high,city_center,48.23
18.9,39.39915250595876,night,high,clear,normal,city_center,37.4
9.19,21.353839870579236,afternoon,medium,rainy,low,suburbs,13.98
20.21,27.29064009504272,evening,low,rainy,normal,suburbs,31.96
21.49,40.23722982027806,afternoon,high,clear,normal,suburbs,31.77
4.68,12.452138881000185,afternoon,medium,clear,normal,city_center,14.16
14.98,33.84666396454197,afternoon,medium,clear,normal,suburbs,24.51
7.85,7.973162985642743,night,medium,rainy,high,suburbs,16.85
18.74,36.5796176905481,morning,medium,clear,normal,suburbs,27.79
6.73,5.8641378686093,afternoon,low,rainy,low,city_center,10.34
17.11,28.291643103461407,morning,high,clear,high,suburbs,43.0
7.12,18.52041789711621,afternoon,medium,rainy,normal,suburbs,14.46
13.27,32.75773664547515,afternoon,medium,rainy,normal,city_center,26.72
23.77,59.65802269627539,morning,low,rainy,normal,city_center,47.08
10.15,22.290107564204693,evening,medium,clear,low,city_center,20.7
22.02,51.07712439926185,evening,high,rainy,normal,airport,48.92
24.69,48.25313484594642,evening,medium,clear,high,suburbs,57.55
22.0,41.157472046914464,evening,medium,clear,normal,city_center,40.53
4.98,5.0,morning,medium,rainy,normal,airport,18.34
20.67,43.64168993232591,evening,high,clear,low,suburbs,39.98
1.77,5.0,evening,low,clear,high,suburbs,5.0
10.44,15.917524159286875,evening,low,clear,high,airport,26.44
21.9,43.774836247803755,evening,medium,rainy,normal,suburbs,40.25
17.53,24.608719448971595,evening,medium,rainy,low,suburbs,26.46
13.79,26.71127458907233,evening,low,clear,normal,suburbs,23.35
10.31,26.734122312503935,night,medium,clear,normal,airport,25.32
20.5,44.34099483508252,evening,medium,clear,low,airport,37.07
18.03,28.224607293522823,morning,medium,rainy,low,suburbs,32.39
12.24,20.644892525331425,evening,low,clear,low,airport,23.32
22.42,46.5637923456805,evening,low,rainy,high,city_center,60.16
6.52,12.957439639982764,evening,low,rainy,normal,suburbs,10.03
5.09,15.127238509768318,afternoon,high,clear,normal,suburbs,11.68
16.43,20.975596884716467,morning,low,rainy,normal,city_center,29.23
24.33,46.264431093614604,evening,low,rainy,normal,suburbs,38.96
6.93,25.132885977838896,morning,high,rainy,high,suburbs,31.44
6.99,12.255174343114968,afternoon,medium,clear,low,suburbs,11.02
4.35,5.0,afternoon,high,rainy,high,airport,16.76
21.65,39.464856345934585,morning,medium,clear,normal,suburbs,40.91
6.43,11.791701040660588,evening,high,clear,normal,city_center,15.09
13.08,23.127121824210747,morning,medium,clear,normal,airport,27.01
24.78,50.340297100793016,morning,medium,clear,normal,airport,48.57
1.29,5.62165528443437,night,low,clear,normal,city_center,5.68
14.36,29.69962430192457,evening,medium,rainy,low,city_center,23.93
13.29,29.438273234770595,night,low,clear,high,city_center,31.76
20.38,58.00580787281907,afternoon,medium,clear,high,city_center,49.35
9.53,5.786176642198329,evening,medium,stormy,normal,city_center,16.79
10.85,15.901260294066892,morning,low,clear,high,suburbs,22.67
5.03,5.0,afternoon,low,clear,normal,city_center,11.04
18.78,27.37995944965777,afternoon,medium,clear,normal,suburbs,27.28
19.83,33.94093042664012,morning,high,stormy,normal,suburbs,45.68
4.28,10.098935338282992,night,medium,stormy,normal,suburbs,10.3
10.44,29.279140588571778,afternoon,high,clear,normal,city_center,25.69
22.43,40.530638060213846,evening,medium,clear,normal,suburbs,43.69
1.06,5.0,afternoon,medium,clear,normal,suburbs,7.51
8.17,13.484300036031142,morning,medium,clear,high,suburbs,17.4
14.32,32.02120675865912,night,low,clear,high,airport,39.34
9.02,22.44466302873182,evening,medium,clear,normal,suburbs,20.41
7.53,17.92425005051483,morning,low,rainy,normal,airport,21.24
12.04,15.265890030389198,afternoon,medium,rainy,normal,suburbs,19.91
5.36,23.60184212134616,morning,high,rainy,high,airport,31.85
13.71,20.668316892444324,evening,medium,clear,high,airport,35.6
17.96,23.789633258628207,afternoon,high,clear,normal,city_center,28.81
14.81,22.566273298575986,night,low,stormy,low,suburbs,20.55
3.23,8.796251068235874,night,low,clear,normal,airport,14.67
21.27,54.70474957655265,morning,medium,clear,normal,city_center,45.15
5.2,7.966031262991018,morning,high,clear,high,suburbs,14.68
19.36,36.44614730258016,night,low,clear,high,suburbs,38.75
9.65,16.804672850187103,afternoon,low,clear,high,city_center,19.77
19.79,33.37421904623058,afternoon,medium,clear,low,city_center,25.27
5.95,22.305082124276737,evening,medium,clear,normal,city_center,20.83
5.48,5.0,afternoon,medium,clear,high,city_center,12.6
12.93,41.90658559558314,evening,high,clear,normal,suburbs,29.66
1.79,9.379424156606088,night,low,rainy,normal,city_center,10.28
6.41,15.473091345023061,evening,low,clear,high,city_center,19.87
18.38,43.599759539079685,afternoon,medium,clear,normal,city_center,34.17
21.1,47.26499763714023,morning,medium,clear,low,airport,43.61
2.94,8.01971960252439,night,medium,clear,high,city_center,10.81
22.17,40.60469301638066,evening,high,clear,high,suburbs,57.64
20.14,52.22939984227526,evening,high,clear,normal,city_center,44.82
21.87,47.3471205498188,morning,low,rainy,high,suburbs,51.59
17.76,31.546307658942467,night,high,clear,normal,city_center,36.2
17.18,37.87388518744361,afternoon,medium,clear,normal,suburbs,28.37
13.6,22.44782893248926,night,high,clear,normal,suburbs,23.78
16.67,43.4174102199812,morning,medium,clear,high,suburbs,45.2
23.06,30.622623123778574,afternoon,high,clear,normal,suburbs,33.31
3.41,12.578902355839073,morning,high,rainy,low,city_center,11.2
8.58,11.61873766384857,afternoon,medium,clear,normal,city_center,16.45
2.74,6.782850887747261,night,medium,clear,low,city_center,5.0
23.68,41.66112158500606,afternoon,medium,rainy,low,suburbs,31.9
11.69,21.472963730745704,evening,medium,clear,normal,airport,26.76
17.21,34.049769486095194,evening,low,rainy,normal,suburbs,32.37
21.19,46.0117206299284,afternoon,low,clear,normal,suburbs,30.65
24.78,45.344864813417104,evening,medium,clear,normal,city_center,45.52
4.88,7.8804515190879565,night,medium,stormy,normal,city_center,12.09
20.19,40.212653611384894,evening,medium,rainy,low,city_center,39.1
22.3,28.68864333153936,afternoon,medium,clear,normal,city_center,32.99
2.17,6.491551525629717,night,low,rainy,high,suburbs,7.55
19.1,49.95103742250842,evening,high,clear,normal,suburbs,47.28
9.51,22.08053454760157,night,high,clear,normal,airport,25.56
16.57,33.05878468250398,evening,high,clear,low,suburbs,32.32
13.34,25.360749177520397,afternoon,high,stormy,normal,city_center,28.08
7.23,25.653111363728655,afternoon,high,clear,normal,city_center,17.76
4.25,18.726404193916004,night,medium,clear,normal,city_center,9.88
3.81,5.0,night,medium,clear,normal,airport,10.85
3.48,15.837466713563007,afternoon,medium,rainy,high,city_center,15.17
16.31,31.708738500392645,morning,low,clear,normal,city_center,28.25
9.43,13.371526753975061,morning,high,clear,low,suburbs,17.47
6.2,14.994440047786945,afternoon,medium,stormy,high,suburbs,17.54
17.61,26.68068162029231,afternoon,medium,rainy,normal,city_center,28.07
17.48,24.792730029801298,afternoon,medium,clear,high,city_center,36.47
13.94,17.690743907792324,morning,medium,rainy,normal,airport,32.06
23.44,48.83055359336309,afternoon,medium,clear,normal,airport,38.5
10.25,22.418779702300505,night,low,clear,high,city_center,21.8
21.06,50.939709985534805,morning,medium,clear,normal,city_center,43.13
2.8,5.0,evening,high,rainy,normal,city_center,8.85
18.76,29.686893804121034,morning,high,rainy,normal,airport,38.85
24.72,47.033940967066656,evening,low,stormy,high,city_center,64.17
21.32,37.95818993088125,night,medium,rainy,high,suburbs,43.06
14.91,36.10636836798167,afternoon,medium,rainy,high,suburbs,37.14
16.04,28.93512320856643,evening,high,rainy,high,suburbs,46.71
9.48,15.74933311873146,morning,high,clear,high,airport,33.51
17.31,43.06672556362653,afternoon,low,rainy,low,city_center,26.9
19.49,27.732056609938574,morning,low,clear,normal,suburbs,29.87
24.96,53.028691649009694,afternoon,low,clear,normal,suburbs,40.65
12.82,24.007993508250294,afternoon,low,clear,low,suburbs,12.27
2.47,5.0,evening,medium,rainy,normal,suburbs,5.0
15.3,33.142728988230125,afternoon,medium,rainy,normal,suburbs,28.0
3.86,5.0,evening,high,clear,normal,city_center,14.39
6.87,17.29454377644633,afternoon,low,rainy,high,city_center,12.69
8.89,23.91118869305216,morning,low,rainy,normal,city_center,18.27
18.54,33.23589638304947,afternoon,medium,clear,high,city_center,37.22
5.41,14.509799510631867,evening,medium,rainy,high,suburbs,17.89
4.98,16.623313443803614,night,medium,clear,normal,city_center,18.33
2.08,8.637406933096326,evening,low,clear,high,city_center,13.32
21.96,44.045370328693494,afternoon,high,clear,low,suburbs,36.54
17.64,38.32717478961449,night,low,clear,normal,suburbs,25.45
1.96,6.358383079079862,afternoon,medium,clear,normal,airport,10.76
1.68,5.0,night,high,clear,low,airport,12.55
14.41,30.12595320882854,afternoon,low,rainy,high,city_center,29.51
7.78,10.705925302521372,afternoon,high,clear,normal,suburbs,12.7
15.32,45.69013937088284,afternoon,high,clear,high,city_center,44.76
11.43,22.90355829797134,evening,medium,clear,normal,airport,25.06
23.16,54.667944550735896,afternoon,medium,clear,high,city_center,53.69
7.91,8.754966528391652,morning,low,rainy,normal,city_center,16.91
17.3,49.44256210017199,afternoon,high,rainy,normal,city_center,38.07
2.3,5.0,afternoon,medium,rainy,normal,suburbs,5.0
23.94,48.6975507685852,evening,high,clear,high,city_center,65.48
24.54,39.36696478717096,night,high,rainy,low,city_center,42.19
18.74,41.596358624473424,night,high,clear,normal,suburbs,41.86
12.17,30.776388596895845,afternoon,high,clear,low,suburbs,22.7
6.28,5.157379271805317,evening,high,rainy,normal,city_center,13.0
20.5,47.07492584073927,evening,high,clear,low,suburbs,38.44
18.67,22.242940978113847,evening,medium,clear,normal,city_center,30.44
6.33,15.727173866558068,evening,low,rainy,low,suburbs,12.14
11.83,31.600743649772934,evening,low,clear,low,airport,28.63
12.11,28.572382053631863,afternoon,medium,rainy,high,city_center,31.07
20.83,40.3504965244315,night,low,clear,low,suburbs,28.84
17.41,39.289490459067515,evening,high,clear,low,city_center,33.59
16.44,40.555554689279234,morning,high,clear,normal,city_center,40.29
16.6,49.813946629169145,evening,medium,clear,normal,suburbs,36.11
7.49,22.0307962916167,afternoon,high,clear,normal,city_center,20.74
9.92,10.00992332213183,morning,medium,rainy,normal,city_center,14.32
2.1,5.0,evening,medium,clear,normal,suburbs,7.01
19.89,43.90079777562625,evening,high,clear,normal,city_center,46.3
11.39,34.86397819451677,night,high,clear,normal,city_center,28.8
11.52,22.686561169091426,night,high,clear,low,city_center,24.03
6.89,20.536977369792858,afternoon,medium,clear,low,suburbs,13.96
6.03,14.214623812263959,morning,medium,clear,high,suburbs,15.87
15.11,31.88678604372053,morning,medium,rainy,normal,suburbs,27.11
6.58,15.642612929481318,night,medium,rainy,normal,airport,21.3
2.54,7.360925066552214,afternoon,high,clear,normal,city_center,7.57
19.42,33.81630294692245,afternoon,high,clear,normal,city_center,34.41
10.04,30.60347492758145,evening,high,clear,high,city_center,34.64
10.13,5.149355456090706,morning,low,clear,high,city_center,21.56
11.35,23.078412963081526,evening,medium,clear,normal,suburbs,16.07
20.56,50.22676427917917,night,high,clear,normal,airport,49.46
8.7,25.5011953134428,evening,high,rainy,normal,city_center,24.23
19.19,41.53346889785266,afternoon,medium,clear,high,suburbs,45.96
23.55,49.7898339276822,morning,low,clear,high,city_center,57.28
16.86,34.85449041970233,morning,high,clear,low,suburbs,30.21
11.36,22.378489719238573,afternoon,low,clear,low,airport,24.93
18.95,40.23746427351753,afternoon,medium,clear,high,city_center,39.81
11.99,33.84027723998395,morning,medium,clear,normal,city_center,29.23
10.95,18.61991457824879,evening,high,clear,normal,city_center,25.18
13.61,23.246980214573593,afternoon,low,clear,normal,suburbs,25.33
8.63,10.735169182920487,afternoon,medium,clear,low,city_center,10.59
3.5,8.629978738572838,afternoon,medium,rainy,normal,suburbs,5.0
10.96,26.519841217531102,afternoon,medium,clear,low,city_center,16.27
3.97,8.083165100632689,evening,medium,rainy,normal,airport,14.67
10.85,32.787641917407335,morning,medium,stormy,low,airport,28.0
14.37,32.314738108172975,afternoon,high,clear,high,city_center,34.18
23.34,48.627053068003924,evening,high,rainy,normal,suburbs,50.26
1.87,5.0,evening,high,rainy,normal,city_center,11.08
15.92,33.853390343997404,night,high,rainy,high,suburbs,35.56
11.99,18.369548479177496,evening,medium,clear,high,airport,32.28
1.49,5.0,evening,low,clear,normal,suburbs,5.82
6.99,13.345090659222082,night,low,clear,normal,city_center,15.66
3.84,16.240737358457082,night,medium,clear,normal,city_center,9.84
6.2,14.04214745147774,evening,low,clear,normal,city_center,18.66
7.59,7.297627870603777,evening,low,rainy,high,airport,21.57
10.63,18.365045506832878,evening,low,rainy,high,suburbs,26.18
13.7,32.52713083746944,afternoon,medium,clear,high,suburbs,29.7
1.02,5.0,night,low,clear,low,city_center,8.4
4.88,13.456057623839547,morning,low,clear,high,airport,26.02
3.25,9.883117320848555,morning,medium,clear,normal,city_center,9.83
14.19,11.796785985501305,morning,low,clear,high,suburbs,25.91
8.9,23.00027407737146,evening,low,rainy,high,city_center,28.17
14.16,21.849624959066976,afternoon,high,rainy,high,airport,41.12
6.32,10.145038581551185,evening,high,clear,low,city_center,16.58
1.58,10.587785687375249,afternoon,medium,clear,low,city_center,8.88
23.59,62.2337132999068,afternoon,medium,clear,normal,city_center,44.5
3.6,10.957853381540918,night,low,stormy,normal,suburbs,12.09
4.04,11.780002480597362,afternoon,medium,clear,high,suburbs,14.53
4.52,13.957861118330165,evening,low,clear,normal,city_center,15.42
24.55,60.932460540294954,night,medium,clear,high,airport,60.84
15.82,38.20529380211841,morning,medium,clear,normal,airport,43.54
15.65,27.723526957078853,afternoon,medium,clear,high,city_center,33.48
24.68,37.51812620215349,morning,high,clear,high,city_center,62.1
3.12,5.0,afternoon,medium,clear,normal,city_center,10.26
24.39,63.105073983996306,evening,low,rainy,low,airport,50.44
5.9,14.371830626721316,morning,high,clear,normal,city_center,19.1
15.95,28.456948914589603,morning,low,clear,normal,city_center,26.8
11.08,24.051361346555662,evening,low,clear,high,city_center,28.72
10.21,13.426054494399999,evening,medium,clear,low,suburbs,15.5
23.35,51.86469172943121,afternoon,high,clear,normal,suburbs,45.92
4.58,10.397085807077676,afternoon,high,clear,high,city_center,15.49
24.93,46.71927312992511,afternoon,medium,clear,high,suburbs,49.68
10.1,30.206866758110706,morning,high,stormy,high,suburbs,40.2
16.57,27.425163562147088,afternoon,medium,stormy,high,city_center,41.85
24.23,59.40442504682905,evening,low,clear,normal,suburbs,38.46
2.38,5.0,night,medium,clear,high,city_center,10.35
23.15,52.65132465800089,afternoon,high,rainy,high,city_center,60.09
14.63,27.77996612148588,morning,low,rainy,low,airport,24.52
17.91,36.07319269203536,afternoon,medium,clear,normal,city_center,27.36
4.58,5.0,evening,low,clear,normal,airport,10.56
13.8,22.62768531235533,evening,medium,clear,high,suburbs,30.1
17.16,27.300857360695623,evening,medium,clear,low,suburbs,23.93
11.95,23.931039845333753,afternoon,high,rainy,high,airport,35.84
4.72,6.47934783176843,morning,medium,rainy,normal,airport,16.76
6.86,10.216096792689818,night,low,clear,normal,suburbs,11.5
21.51,50.32402840225338,afternoon,medium,clear,high,airport,50.11
1.83,8.423181319349709,morning,low,clear,normal,airport,12.39
18.01,22.144100165503982,evening,low,clear,high,suburbs,36.02
24.99,80.72956819692186,evening,high,clear,high,city_center,87.36
1.18,5.0,afternoon,medium,clear,low,city_center,5.0
4.87,6.481258850149029,evening,medium,clear,low,suburbs,12.79
17.18,34.33167849725195,afternoon,low,clear,high,airport,39.28
2.44,5.0,evening,high,clear,normal,city_center,9.38
15.15,20.415758798068474,evening,high,clear,low,airport,28.39
17.42,31.513936510156338,evening,high,rainy,normal,suburbs,33.48
15.12,13.037543099659276,morning,low,clear,low,suburbs,15.12
9.76,18.78967512496728,afternoon,low,clear,normal,city_center,21.42
17.73,22.156816833996867,evening,medium,clear,low,city_center,29.9
15.26,38.054577397254,morning,low,clear,high,suburbs,39.87
5.98,12.983339538747284,afternoon,medium,clear,high,city_center,13.32
14.52,41.46952624890447,night,high,stormy,high,airport,53.83
22.17,58.500286238633336,evening,high,rainy,low,suburbs,44.93
17.0,40.092889338086835,night,medium,clear,high,suburbs,38.08
12.32,20.124155210976447,afternoon,low,clear,normal,suburbs,13.94
8.72,28.884165859067885,morning,low,clear,normal,suburbs,19.28
3.06,5.0,morning,low,clear,low,airport,10.27
6.87,5.0,evening,low,clear,normal,city_center,10.23
1.27,11.985887569650263,evening,low,clear,normal,airport,10.29
24.68,39.93576976829082,afternoon,low,clear,low,suburbs,29.95
6.34,5.0,afternoon,low,rainy,normal,suburbs,10.32
20.56,27.172970875222756,evening,low,clear,normal,suburbs,33.79
5.05,11.895509099634447,morning,high,rainy,normal,city_center,13.68
7.81,8.462107325316738,morning,medium,clear,high,city_center,19.91
11.04,16.532598701917298,night,high,clear,normal,city_center,22.83
8.79,26.749055849111436,afternoon,medium,rainy,normal,suburbs,19.69
20.16,44.846710900969185,evening,medium,clear,high,suburbs,51.77
23.98,34.64389281076475,night,medium,rainy,normal,city_center,38.42
22.01,45.340139955764585,evening,high,clear,normal,city_center,47.26
4.69,12.794925596789307,afternoon,medium,clear,low,airport,15.53
19.64,36.506333693027415,evening,medium,clear,normal,city_center,40.83
4.55,5.0,evening,low,clear,normal,city_center,5.87
22.92,31.712508264073954,night,high,rainy,high,city_center,53.26
13.43,41.57610398559534,morning,medium,clear,high,suburbs,38.48
9.07,23.175514328077945,evening,low,rainy,high,city_center,24.23
4.77,8.257662410714872,night,high,clear,normal,city_center,13.26
1.28,6.984017075650326,afternoon,low,clear,normal,airport,9.3
6.95,16.59954292424562,evening,high,clear,normal,airport,21.09
22.94,51.44789400781063,morning,medium,rainy,high,airport,64.79
20.13,42.51858387182133,morning,high,rainy,normal,suburbs,46.68
24.28,43.569904944885025,morning,low,clear,low,suburbs,32.96
3.42,5.958766366335984,afternoon,medium,clear,normal,city_center,8.87
15.21,27.13546976605267,morning,low,clear,high,suburbs,36.86
7.17,5.0,evening,medium,rainy,low,suburbs,10.94
14.03,33.00119587747874,afternoon,high,clear,high,suburbs,35.8
8.69,22.02425364660074,morning,low,stormy,high,city_center,27.78
7.8,14.443995734399618,morning,medium,clear,normal,suburbs,10.15
14.77,39.536190560058074,evening,medium,clear,low,airport,28.27
5.4,5.0,afternoon,high,clear,normal,city_center,13.29
12.26,20.90577247482642,evening,medium,rainy,low,suburbs,25.59
16.62,31.31283010824596,evening,medium,clear,normal,city_center,35.31
4.08,5.0,evening,high,clear,normal,city_center,15.62
23.33,45.36639361928328,evening,medium,clear,normal,city_center,42.11
13.14,33.80475765290256,evening,low,clear,normal,suburbs,25.71
20.67,34.431394693014994,evening,medium,clear,normal,city_center,33.37
16.69,50.54926185177821,afternoon,medium,clear,normal,city_center,30.92
18.04,39.36392765767502,morning,low,rainy,high,suburbs,46.25
18.19,32.97618303983417,night,high,rainy,high,airport,48.75
22.0,41.65284788470882,evening,high,rainy,normal,city_center,46.66
15.73,23.60207084118996,evening,medium,clear,low,city_center,24.28
7.68,13.229892237070349,evening,low,clear,low,city_center,16.32
3.39,13.29702114420919,evening,low,rainy,high,suburbs,13.7
15.55,39.33596555580839,morning,medium,clear,normal,city_center,31.72
2.59,5.0,afternoon,low,clear,normal,city_center,7.12
6.79,9.575693917374533,afternoon,medium,clear,low,city_center,13.48
2.46,15.099023785849885,evening,medium,rainy,high,city_center,13.99
14.17,24.721220799991613,evening,medium,clear,low,city_center,21.61
4.85,15.886270268339432,afternoon,low,clear,normal,city_center,9.84
15.65,25.461750879354728,afternoon,medium,clear,normal,airport,33.2
19.98,46.523496526922905,night,low,clear,normal,city_center,33.16
20.73,47.34858661473589,evening,medium,rainy,normal,suburbs,41.62
8.43,12.964041660475507,evening,medium,rainy,normal,suburbs,11.3
14.17,22.78670412694166,afternoon,low,rainy,normal,city_center,28.47
14.51,31.24906866311673,afternoon,high,clear,low,suburbs,23.35
12.35,18.9075375447137,evening,high,clear,low,suburbs,23.02
16.72,34.64064278387842,morning,high,clear,normal,airport,40.33
6.04,9.406105376833228,afternoon,medium,clear,low,city_center,8.78
24.5,44.05527629593786,afternoon,high,clear,normal,city_center,44.99
3.35,10.160604737215705,evening,medium,rainy,normal,suburbs,8.31
20.9,38.806824524526206,afternoon,medium,clear,normal,airport,39.29
15.26,21.925778239476923,morning,medium,clear,normal,city_center,33.13
6.88,14.529574505830915,afternoon,high,rainy,normal,suburbs,17.12
18.9,45.69643729835874,afternoon,high,clear,normal,city_center,36.4
3.03,10.545166868635139,evening,low,rainy,high,airport,16.35
19.59,48.853419068753574,night,low,clear,normal,city_center,31.25
15.16,23.50146316006675,morning,medium,clear,normal,city_center,21.35
3.66,5.0,evening,high,clear,normal,city_center,7.09
2.91,6.744792700339758,afternoon,high,clear,low,suburbs,7.0
19.02,38.04837520050413,evening,low,rainy,normal,city_center,36.91
8.03,25.701326480443015,night,low,rainy,low,suburbs,16.8
22.34,47.20694254325069,afternoon,high,clear,normal,suburbs,42.05
19.29,39.19530027569907,evening,low,clear,high,airport,49.03
17.76,29.3085374621644,morning,low,clear,normal,suburbs,30.76
7.69,9.221162219183817,night,high,rainy,normal,city_center,16.4
18.01,34.95930682051744,evening,low,clear,normal,suburbs,29.04
23.76,48.553624868963986,morning,high,clear,high,city_center,67.45
3.2,8.247852283762574,evening,high,rainy,normal,suburbs,7.4
8.83,14.433994810725485,afternoon,low,clear,high,city_center,16.58
6.63,9.417062887336199,night,medium,clear,normal,airport,21.31
10.44,11.830534205549515,afternoon,high,clear,low,airport,17.44
18.82,28.147303052809843,evening,medium,rainy,normal,suburbs,34.48
12.38,16.996601556720456,afternoon,high,clear,normal,suburbs,21.83
14.7,20.19870027025795,morning,low,rainy,normal,suburbs,21.1
8.54,16.915832867929275,evening,high,clear,high,suburbs,31.72
4.39,17.709120659161936,evening,medium,clear,normal,suburbs,12.4
7.41,7.496292513088995,afternoon,low,clear,normal,airport,14.2
21.63,41.554772419930494,night,medium,clear,high,city_center,46.16
15.46,28.539749705460462,night,medium,clear,low,city_center,25.41
10.07,24.007681662549636,evening,low,clear,normal,airport,23.11
19.96,43.611435901469754,morning,high,clear,high,city_center,53.67
2.55,5.0,night,low,clear,normal,suburbs,7.49
7.09,12.851762283250814,afternoon,low,clear,high,city_center,13.35
6.52,17.580454413127143,evening,medium,clear,low,city_center,11.43
24.65,56.79739436362375,night,high,clear,normal,suburbs,47.24
17.95,53.71088552443431,morning,medium,rainy,high,suburbs,59.42
15.83,31.146976822511323,morning,medium,clear,normal,city_center,29.47
1.12,5.0,night,medium,rainy,low,city_center,10.25
5.42,7.571606473301907,morning,medium,clear,normal,suburbs,10.09
16.25,28.768899620210654,morning,medium,clear,normal,airport,33.74
10.11,15.149667899732925,afternoon,low,stormy,high,suburbs,22.44
23.18,45.4523095004131,evening,medium,clear,normal,suburbs,39.69
19.35,41.54129725124214,afternoon,high,rainy,normal,city_center,39.29
11.74,19.728296165410864,afternoon,medium,rainy,normal,airport,25.45
18.99,47.47270392821889,night,high,clear,low,suburbs,36.16
24.41,50.9246435688027,evening,medium,clear,high,city_center,57.68
12.06,19.258545909460008,evening,low,clear,high,city_center,29.92
16.42,34.98465632555561,afternoon,low,clear,normal,suburbs,20.79
23.05,41.57874555238888,night,low,clear,normal,suburbs,36.16
6.97,13.210843055180394,afternoon,medium,rainy,low,suburbs,12.48
22.28,41.65991658553254,night,low,stormy,low,city_center,36.83
3.34,6.406247964973928,afternoon,low,clear,high,airport,16.47
16.56,29.116706237248213,evening,high,clear,normal,city_center,35.57
19.79,40.146301180258156,night,medium,stormy,high,city_center,43.65
15.75,34.48168343529023,morning,medium,clear,high,city_center,42.69
12.89,24.82200403185991,morning,low,clear,low,airport,25.48
15.82,25.892428261355498,morning,medium,clear,high,airport,40.52
4.64,5.936179297034098,afternoon,low,rainy,low,city_center,9.2
6.17,28.51460796491427,afternoon,low,clear,high,city_center,21.89
7.48,17.31708081346433,morning,high,clear,normal,suburbs,15.36
15.35,39.78283546186484,morning,medium,clear,high,suburbs,39.66
11.61,23.930943093681087,afternoon,high,clear,normal,suburbs,24.33
6.87,12.044203699873396,morning,high,clear,normal,city_center,16.76
22.19,44.478923663854566,evening,low,clear,normal,suburbs,38.49
9.97,23.690729310151397,afternoon,medium,clear,high,suburbs,25.0
11.7,25.118371010353368,morning,low,clear,normal,city_center,22.66
10.83,13.644272164974977,morning,low,clear,high,city_center,26.3
5.37,11.630864887436331,afternoon,low,clear,high,suburbs,13.28
18.56,30.216084199993823,morning,high,clear,normal,city_center,34.48
11.76,24.007110013879334,morning,medium,clear,low,airport,24.4
1.39,5.0,morning,high,clear,low,suburbs,5.0
24.14,34.495469998146106,afternoon,medium,clear,normal,suburbs,33.41
20.58,33.85476312623707,afternoon,low,clear,high,airport,39.5
18.37,30.83338920601708,evening,medium,rainy,high,city_center,48.75
21.86,51.03485215504667,night,low,clear,normal,airport,43.61
22.76,35.65584088077995,evening,low,rainy,low,city_center,35.69
9.1,24.06194124656949,morning,medium,clear,high,airport,31.15
15.66,38.33528396590098,afternoon,low,clear,normal,suburbs,28.44
15.61,35.77334305207298,evening,high,rainy,normal,city_center,34.23
7.42,12.857546526570104,evening,medium,rainy,normal,city_center,17.22
6.33,7.264969621738302,morning,medium,clear,normal,suburbs,8.11
3.73,10.70725531810112,evening,high,rainy,normal,city_center,15.63
16.82,41.27245893833745,morning,medium,clear,low,airport,33.1
19.74,43.088665548330106,afternoon,medium,clear,low,suburbs,29.8
19.26,39.38568623833276,evening,medium,clear,high,airport,55.73
8.59,18.988894376237454,night,low,clear,high,city_center,24.18
5.93,10.571444982213853,night,high,clear,high,suburbs,13.69
11.89,19.22124111633234,night,medium,rainy,normal,city_center,22.06
14.12,28.52171364583114,afternoon,medium,clear,normal,suburbs,23.12
23.06,41.05845343114464,afternoon,low,clear,normal,city_center,34.13
22.0,36.09683355687868,morning,high,clear,normal,airport,51.18
22.99,63.86145344576731,afternoon,medium,clear,normal,airport,46.38
21.41,33.4579748992936,evening,low,clear,normal,suburbs,39.27
24.15,52.350300878914396,morning,medium,clear,normal,city_center,44.61
12.17,31.51135110025256,afternoon,medium,clear,low,suburbs,20.23
2.14,5.0,night,medium,rainy,normal,suburbs,6.08
3.01,15.313428441336077,morning,low,clear,high,suburbs,14.18
10.37,22.31638185607112,afternoon,medium,rainy,normal,city_center,22.26
7.18,9.924879994495187,night,low,clear,low,suburbs,13.41
5.08,16.473556778484053,afternoon,low,clear,high,suburbs,14.08
23.88,34.47895650071536,evening,medium,clear,normal,city_center,39.0
5.69,20.045528983857352,afternoon,medium,rainy,high,suburbs,17.85
24.03,46.88701607196292,afternoon,medium,clear,high,airport,55.51
19.26,37.24691468767584,morning,high,clear,normal,suburbs,36.4
16.38,37.27888719308527,morning,low,clear,normal,airport,34.11
17.22,26.60718293618887,afternoon,medium,rainy,normal,suburbs,30.72
8.96,20.742085817444476,evening,medium,rainy,low,airport,17.3
16.51,27.779682886607336,afternoon,medium,rainy,low,city_center,27.12
5.48,13.207809479794182,afternoon,low,clear,normal,suburbs,13.34
23.5,54.810499448315234,morning,medium,clear,normal,suburbs,47.36
8.24,11.876679738864272,evening,medium,clear,normal,city_center,14.91
7.12,24.044232331077392,afternoon,low,clear,normal,airport,22.49
18.07,33.17119475084864,morning,low,clear,high,airport,46.02
16.75,39.73152632037418,night,medium,clear,high,suburbs,40.6
11.83,18.053841623204164,night,medium,rainy,normal,suburbs,16.81
16.18,38.52422619400452,morning,low,clear,normal,suburbs,29.81
4.83,15.008426328268609,morning,low,clear,normal,airport,17.16
17.16,37.222126302995726,evening,medium,clear,high,city_center,50.11
7.49,14.129567536399449,afternoon,high,clear,normal,city_center,13.13
7.55,21.271173452127574,night,high,clear,low,city_center,17.65
4.89,13.699068850500945,afternoon,medium,clear,normal,airport,16.51
8.98,15.318011171855549,morning,low,clear,high,city_center,22.19
8.95,16.8102147268064,afternoon,low,clear,normal,suburbs,14.62
11.9,28.427496962199825,morning,high,clear,high,airport,36.91
5.57,19.91561789492062,afternoon,low,clear,normal,suburbs,13.13
5.63,10.371607362902928,evening,medium,clear,high,city_center,13.93
14.0,23.04112877157736,night,medium,clear,normal,suburbs,22.04
4.09,19.75790242409478,afternoon,medium,clear,high,suburbs,15.1
17.53,42.986483522191506,evening,medium,clear,high,suburbs,48.77
23.65,45.51316225160146,morning,low,stormy,low,suburbs,35.21
11.24,31.192669679443433,night,high,clear,normal,city_center,21.88
22.63,36.59171105695742,afternoon,low,clear,low,city_center,27.88
3.36,5.0,morning,low,rainy,high,airport,16.96
2.03,5.0,morning,low,clear,normal,suburbs,6.67
18.31,29.217307871561,evening,high,clear,normal,suburbs,35.04
19.26,37.03890068159809,morning,high,clear,normal,suburbs,42.77
21.23,59.82367954256413,evening,medium,clear,normal,suburbs,42.56
2.36,5.0,afternoon,medium,rainy,normal,suburbs,5.0
19.65,37.20362997428655,evening,medium,rainy,high,city_center,50.47
10.04,35.33654562853381,night,medium,rainy,high,suburbs,31.93
8.28,14.153466178642116,afternoon,medium,clear,normal,airport,16.76
5.15,8.327201898724862,evening,high,clear,high,suburbs,14.1
24.9,51.465041223785654,afternoon,high,clear,low,airport,43.43
2.53,11.11699469600524,afternoon,medium,clear,normal,suburbs,5.0
20.85,38.64502316124316,morning,low,clear,high,airport,48.86
16.35,26.677257326853876,morning,medium,clear,low,suburbs,20.05
18.64,43.468095894616255,evening,low,clear,low,airport,35.64
18.08,70.70730563610616,afternoon,medium,stormy,normal,city_center,46.53
21.6,44.43907647754266,morning,medium,rainy,normal,city_center,43.11
5.41,13.889550003945669,afternoon,medium,rainy,high,suburbs,18.17
1.02,5.0,evening,high,rainy,high,suburbs,7.82
15.36,30.852793765103787,night,high,rainy,normal,city_center,30.49
9.49,16.862868091546595,night,low,clear,high,city_center,20.86
3.97,13.396801945657929,evening,medium,clear,normal,city_center,10.07
5.47,13.108711977736538,night,high,clear,normal,city_center,15.67
8.96,27.962252323999365,evening,high,clear,normal,airport,31.21
2.69,9.077547905057084,afternoon,high,clear,high,suburbs,12.8
2.37,14.35882920260018,afternoon,low,clear,low,airport,15.68
22.98,58.10337387276147,night,medium,clear,normal,city_center,39.22
8.49,25.492559548019678,morning,medium,rainy,normal,suburbs,19.63
24.57,48.526660653480896,afternoon,low,clear,normal,suburbs,42.84
24.14,42.665864168244426,evening,high,clear,normal,airport,54.63
4.42,12.188093285085912,morning,medium,rainy,low,city_center,13.27
18.16,28.108203454685736,evening,high,rainy,normal,suburbs,35.85
15.42,33.59664572778468,evening,low,rainy,high,city_center,42.93
17.58,51.8971539909095,afternoon,high,clear,normal,suburbs,37.16
3.31,9.941171776906776,evening,medium,clear,normal,suburbs,7.84
5.53,13.40419361488492,morning,medium,clear,low,city_center,13.49
2.84,10.409219847676162,night,high,clear,high,city_center,13.35
15.5,33.63157394113764,morning,high,clear,normal,city_center,33.58
24.68,30.905106380991306,morning,medium,clear,normal,city_center,37.46
17.13,23.90368257052866,afternoon,high,stormy,high,city_center,45.11
18.06,36.29904900274996,evening,high,clear,normal,airport,46.6
24.63,43.59988535538668,evening,medium,clear,normal,suburbs,43.26
17.27,27.28363434715683,evening,low,rainy,high,city_center,37.75
1.96,5.0,evening,medium,clear,high,city_center,9.12
21.81,48.385116296224915,evening,medium,clear,normal,city_center,40.06
9.75,16.401369320519947,night,medium,clear,normal,suburbs,13.25
1.1,6.809227742650448,morning,low,clear,normal,city_center,7.73
13.17,35.27922516814913,night,high,clear,low,suburbs,25.93
23.49,39.349286777063305,night,high,rainy,low,airport,46.81
7.18,17.025647482369656,night,high,rainy,normal,suburbs,19.03
12.8,22.626030012256543,afternoon,high,rainy,normal,suburbs,19.42
5.17,12.364672435921452,night,low,clear,high,city_center,18.67
2.38,9.284469377923411,morning,medium,clear,low,suburbs,6.19
2.93,5.330416487965496,morning,high,clear,normal,suburbs,6.89
18.45,36.03266778571037,afternoon,medium,clear,low,city_center,27.02
21.74,49.8735768254605,night,medium,rainy,normal,airport,44.53
4.44,10.565730190841862,night,medium,clear,high,suburbs,8.95
7.92,11.526298890112367,afternoon,medium,clear,normal,city_center,15.26
5.68,7.085500534070685,evening,low,clear,normal,suburbs,8.68
1.64,5.0,afternoon,low,rainy,high,suburbs,5.0
14.28,32.12761312091715,morning,medium,rainy,low,airport,33.87
17.8,46.14545609858192,evening,medium,rainy,low,suburbs,31.42
16.55,47.72288317298456,morning,medium,clear,high,city_center,48.8
10.31,15.09030059057324,evening,medium,clear,normal,suburbs,16.69
14.32,31.6320260014897,morning,high,rainy,high,suburbs,46.37
3.26,5.0,afternoon,low,rainy,high,suburbs,9.96
4.7,7.851590892399848,evening,medium,clear,high,suburbs,15.28
23.36,59.232538072812474,afternoon,high,clear,high,airport,60.0
19.28,34.45595490558972,evening,high,clear,normal,city_center,38.37
23.15,33.01701200215903,evening,medium,clear,low,city_center,34.05
23.0,89.46482400131065,afternoon,high,clear,normal,suburbs,57.5
16.59,46.43636460318842,evening,low,rainy,high,suburbs,48.94
23.28,43.177536420589476,morning,high,clear,normal,airport,47.1
11.0,18.584599675755374,evening,high,clear,normal,suburbs,23.25
1.09,5.0,afternoon,medium,clear,low,city_center,5.0
2.5,7.480175536769941,afternoon,low,clear,high,suburbs,7.49
3.63,5.773253371648714,afternoon,low,clear,normal,suburbs,5.0
3.29,9.217810633994779,night,medium,clear,high,suburbs,17.3
9.44,21.795893595738022,afternoon,medium,rainy,high,city_center,26.37
17.83,21.82897160610103,night,medium,clear,normal,suburbs,24.6
19.98,29.57663419380539,evening,medium,rainy,low,airport,33.99
15.17,34.68366848937876,afternoon,high,clear,normal,suburbs,31.19
4.51,7.72846280014441,evening,high,stormy,normal,suburbs,12.04
18.95,37.439930422294864,evening,medium,clear,high,suburbs,45.5
9.52,13.126062349870715,afternoon,high,rainy,normal,suburbs,17.86
1.31,5.0,morning,medium,rainy,low,city_center,5.49
7.73,19.702471884060685,evening,high,clear,high,city_center,28.31
8.93,12.706590990822901,evening,high,clear,high,city_center,23.11
7.58,18.195374639042775,evening,high,clear,normal,airport,20.84
20.48,64.12403943022512,evening,low,clear,low,suburbs,39.56
19.24,36.16482162997842,afternoon,high,clear,low,city_center,34.54
17.69,37.37563433098918,afternoon,low,clear,normal,airport,29.14
4.34,5.0,evening,medium,clear,high,airport,21.62
20.39,49.67010642360492,morning,high,clear,normal,city_center,44.66
17.25,32.80890251813052,evening,medium,rainy,low,city_center,31.51
5.68,11.920367286477916,morning,high,rainy,low,city_center,20.64
16.55,29.89810008986574,evening,high,rainy,high,airport,47.28
12.6,33.66413286241138,morning,high,clear,normal,suburbs,27.78
11.54,21.62548902556027,evening,low,stormy,high,suburbs,33.89
3.69,5.742493501909507,morning,low,clear,high,suburbs,13.94
13.44,31.30607520837959,night,high,clear,high,airport,37.01
3.4,12.309850762498918,evening,medium,clear,normal,airport,13.3
4.94,12.309990080292655,afternoon,medium,clear,high,suburbs,12.0
4.18,14.062040957735107,morning,low,clear,normal,city_center,11.06
23.9,67.98120829386691,evening,low,stormy,normal,suburbs,55.88
7.84,7.762257596520286,afternoon,medium,rainy,high,suburbs,15.51
9.52,16.33495402598777,evening,low,clear,high,city_center,19.39
8.73,19.69852827820313,evening,medium,clear,normal,city_center,23.03
22.56,46.736445898207165,evening,high,clear,normal,suburbs,43.65
14.51,20.603264271499434,afternoon,medium,clear,normal,city_center,23.78
23.06,51.804370903747184,morning,medium,rainy,high,suburbs,53.48
8.2,13.303589038070827,afternoon,low,clear,normal,city_center,11.48
3.76,5.0,afternoon,medium,clear,normal,suburbs,5.0
14.35,33.21575061277021,evening,high,clear,normal,suburbs,37.66
9.29,16.11204620190625,afternoon,low,rainy,normal,airport,18.41
20.25,33.854358248031375,afternoon,medium,clear,low,suburbs,27.83
22.11,36.288981820360036,afternoon,medium,rainy,normal,city_center,37.16
12.34,20.58249275979581,afternoon,high,clear,high,city_center,31.26
24.31,40.188827956760754,night,medium,clear,normal,suburbs,35.69
14.27,31.667280655187835,morning,high,clear,normal,airport,35.8
7.5,9.430783604408168,morning,medium,rainy,normal,city_center,16.91
12.74,35.37781030962889,morning,low,clear,normal,city_center,28.19
1.9,5.0,afternoon,low,clear,high,suburbs,10.68
20.3,53.968956041012454,evening,high,clear,high,airport,60.98
3.43,5.812459252349141,evening,low,clear,low,suburbs,9.48
8.41,18.449222620751584,evening,high,clear,normal,suburbs,20.32
14.57,25.637878453085285,night,high,clear,low,suburbs,28.75
2.03,5.0,morning,high,clear,high,suburbs,15.11
2.9,13.22085530840646,morning,medium,clear,high,suburbs,12.84
17.71,44.4788418865296,morning,low,clear,high,suburbs,45.26
2.72,5.0,evening,low,clear,low,city_center,6.44
12.45,23.794663902522306,afternoon,medium,clear,normal,city_center,24.21
9.13,15.166836988860965,afternoon,medium,clear,low,airport,20.8
6.47,10.216540653089357,afternoon,medium,clear,low,suburbs,8.88
5.53,5.0,night,medium,clear,high,city_center,14.81
19.32,55.525928717202525,morning,high,clear,normal,city_center,48.44
23.84,66.91254531813767,afternoon,low,clear,normal,airport,44.07
4.36,12.264111433157513,afternoon,medium,clear,low,airport,14.45
24.03,40.87794045556309,afternoon,high,clear,normal,suburbs,41.63
15.27,42.13075428678286,evening,high,clear,normal,airport,43.67
16.4,28.510595995076276,evening,high,clear,normal,city_center,31.98
18.04,47.956519011732176,evening,high,clear,low,airport,42.79
17.9,38.94999176970405,evening,high,clear,normal,suburbs,34.63
20.68,45.899713018149974,afternoon,high,rainy,normal,city_center,42.61
12.6,16.09947450392855,night,high,stormy,normal,city_center,26.27
13.8,32.75812628137323,evening,medium,clear,normal,city_center,25.61
8.77,16.467506638212907,night,high,clear,normal,city_center,15.51
3.53,13.68922070031336,afternoon,medium,rainy,high,suburbs,14.28
16.95,44.69042379978235,morning,high,clear,normal,city_center,44.72
1.81,5.0,evening,medium,clear,low,suburbs,5.0
7.62,15.278107270085806,night,high,clear,normal,airport,20.67
3.26,5.0,night,low,clear,low,suburbs,5.0
5.58,7.360063650564198,morning,medium,clear,normal,airport,17.73
16.33,38.203582710886394,afternoon,low,clear,normal,suburbs,30.27
16.08,40.332952669607245,night,high,clear,low,suburbs,27.75
11.11,17.580560194526512,afternoon,high,clear,normal,city_center,17.37
3.16,7.046285130706325,afternoon,high,clear,normal,airport,12.48
11.4,25.826371639782323,night,medium,clear,normal,suburbs,21.32
9.47,27.017982383103657,afternoon,low,rainy,low,city_center,15.01
18.29,37.752899235513674,morning,high,rainy,normal,airport,42.46
14.9,19.97273716022653,morning,medium,clear,normal,airport,31.65
12.8,25.819359666261047,afternoon,low,rainy,low,suburbs,14.69
12.69,29.282809135243994,afternoon,high,clear,high,suburbs,28.87
24.19,57.29087449679962,night,low,clear,normal,airport,45.07
19.15,40.94649587759523,evening,low,clear,normal,city_center,40.2
12.93,35.600126696172744,morning,medium,clear,low,airport,28.74
12.5,16.37577420570333,evening,medium,clear,normal,airport,22.45
1.64,7.069080418085003,morning,high,clear,low,city_center,9.58
23.62,30.62800463937866,morning,high,clear,low,city_center,41.68
8.66,15.555347524280867,afternoon,low,clear,low,city_center,17.15
7.14,6.606053139247011,afternoon,low,clear,normal,airport,15.65
24.99,50.876748171663145,afternoon,medium,clear,low,suburbs,36.7
18.25,29.622511994040487,afternoon,medium,clear,normal,city_center,29.8
2.14,5.0,night,high,clear,low,suburbs,6.43
2.49,5.0,evening,low,clear,normal,city_center,12.39
1.61,5.0,afternoon,low,clear,low,airport,9.49
15.39,33.589687861766286,night,low,rainy,normal,city_center,28.21
2.72,10.82740179468129,morning,low,rainy,normal,city_center,12.66
23.4,51.42091196673747,morning,low,clear,low,suburbs,37.95
23.49,41.635266339682325,morning,medium,rainy,normal,city_center,48.55
14.11,27.133080772404,morning,high,clear,normal,airport,39.55
15.8,28.88134532119191,morning,high,clear,low,suburbs,26.57
8.01,7.124681513367007,afternoon,low,clear,low,suburbs,11.53
2.54,5.0,afternoon,low,clear,high,city_center,8.81
18.7,24.268634471684194,morning,medium,clear,normal,suburbs,30.12
3.44,5.0,morning,medium,clear,high,city_center,14.25
3.05,5.0,evening,medium,clear,normal,airport,11.49
8.47,18.387246692857424,afternoon,high,clear,high,suburbs,20.26
1.3,5.0,evening,high,clear,high,airport,11.7
11.42,23.54864033996026,morning,low,rainy,normal,city_center,23.11
17.98,37.722595597346654,evening,low,clear,normal,suburbs,26.85
20.23,27.524335773179597,night,low,clear,normal,suburbs,26.86
15.5,36.45895451343971,afternoon,medium,rainy,normal,suburbs,27.89
21.32,49.32213727410594,evening,low,stormy,high,city_center,61.94
10.76,17.406241681081905,evening,medium,clear,normal,suburbs,17.59
21.37,38.858680465374825,afternoon,medium,clear,low,airport,35.08
13.16,32.45936925382962,afternoon,low,rainy,normal,city_center,25.05
6.35,5.0,morning,high,clear,high,suburbs,17.51
23.66,44.4485008420081,evening,high,clear,normal,city_center,51.69
7.6,7.189021546676179,afternoon,medium,clear,normal,city_center,11.19
1.63,5.0,evening,high,rainy,high,city_center,13.47
6.82,10.633103662521433,morning,low,clear,normal,city_center,16.19
9.8,23.008844445772983,morning,high,clear,high,city_center,30.69
9.43,18.619596118266948,afternoon,medium,clear,high,suburbs,23.3
13.59,31.31052806263368,afternoon,low,clear,high,airport,34.59
22.2,58.47671071503859,evening,medium,clear,high,airport,65.34
8.02,10.457019357481636,morning,medium,clear,normal,city_center,16.88
13.5,20.316461964966443,evening,medium,rainy,normal,city_center,24.15
9.16,23.27632585093714,evening,high,clear,high,airport,32.73
20.72,59.63313295975342,night,medium,clear,normal,suburbs,43.49
4.78,16.921050677084022,night,high,clear,normal,suburbs,12.59
3.48,12.421343681845439,afternoon,high,clear,normal,city_center,6.69
13.07,23.564242453540288,night,medium,clear,normal,airport,24.75
17.13,34.71858321467505,afternoon,high,clear,high,airport,48.82
20.09,46.38559620678446,morning,low,clear,normal,airport,45.45
15.15,48.476119878911845,night,medium,clear,normal,suburbs,34.45
19.57,41.85269110607345,morning,low,rainy,normal,suburbs,35.5
10.43,25.048545809185995,afternoon,low,clear,low,city_center,16.73
1.79,5.0,morning,medium,clear,normal,city_center,8.43
3.79,5.0,afternoon,low,clear,high,city_center,11.47
1.93,13.754506305776772,evening,high,stormy,low,suburbs,5.9
8.89,18.880936226469167,evening,high,clear,normal,city_center,19.65
12.89,22.194010669589467,morning,low,clear,low,airport,24.91
9.55,24.165982183790724,morning,low,clear,low,airport,21.77
14.45,22.518835962959614,afternoon,high,rainy,low,suburbs,21.07
12.53,21.57242140525966,morning,low,rainy,low,suburbs,21.21
17.27,26.33451227607594,morning,high,rainy,normal,suburbs,32.97
17.01,46.10989419514017,afternoon,medium,clear,normal,suburbs,26.23
8.63,20.292308560871305,night,medium,clear,high,suburbs,23.97
9.31,19.101276204227595,evening,low,clear,low,suburbs,15.46
15.04,31.756898336849723,afternoon,medium,clear,normal,city_center,27.07
15.31,35.93489456076905,afternoon,high,rainy,low,suburbs,25.65
8.55,6.417583068930325,night,medium,rainy,normal,city_center,11.52
8.93,28.257485430303177,evening,high,clear,normal,suburbs,19.96
17.66,29.481595443647556,evening,medium,clear,high,city_center,41.66
16.54,33.36413642508811,night,high,clear,low,airport,33.1
4.24,8.213203337840204,morning,high,rainy,normal,airport,19.35
11.59,29.734816064799123,morning,medium,rainy,high,city_center,33.2
22.42,42.2984702988178,afternoon,high,clear,high,city_center,49.93
1.87,5.0,evening,high,clear,normal,city_center,5.84
21.52,37.48515929701026,night,high,clear,normal,suburbs,40.26
4.92,20.59447468573791,afternoon,low,clear,high,airport,26.54
13.17,37.60058415661632,night,high,rainy,normal,suburbs,30.6
11.18,23.711765687916003,evening,medium,rainy,normal,suburbs,24.4
1.24,12.358304823613071,evening,high,clear,low,city_center,8.5
22.97,39.43754177229271,evening,high,clear,high,airport,61.77
11.92,24.636396694941965,afternoon,low,clear,high,suburbs,21.68
23.9,43.709750887696714,evening,high,clear,normal,suburbs,47.52
7.88,18.08431988094755,evening,medium,clear,normal,city_center,16.48
21.79,37.80261845149768,evening,medium,clear,normal,city_center,36.33
23.14,32.18140807282165,morning,low,clear,low,suburbs,34.13
14.36,18.11014850451903,afternoon,low,clear,normal,suburbs,21.1
5.86,18.403872091562686,evening,medium,rainy,high,city_center,24.61
17.45,65.77378146689728,night,medium,clear,normal,city_center,41.47
14.18,38.73497936283939,morning,low,rainy,low,city_center,26.65
23.67,64.25974902028263,morning,low,rainy,low,city_center,46.07
11.54,25.680387204286227,afternoon,low,clear,low,airport,22.72
7.44,10.4019024113419,evening,medium,clear,high,city_center,16.74
4.32,17.457763496725793,afternoon,medium,clear,normal,city_center,17.42
17.77,37.532921337075365,afternoon,low,rainy,high,city_center,39.0
24.38,62.27347096178807,evening,medium,clear,high,city_center,65.02
1.68,11.791445211188197,afternoon,medium,clear,normal,city_center,9.16
18.77,38.458037246321084,evening,low,clear,normal,city_center,35.56
23.25,55.317970254423905,afternoon,low,clear,normal,city_center,38.05
2.79,5.813841650216945,evening,low,clear,normal,city_center,11.53
3.64,5.0,morning,medium,clear,normal,city_center,12.87
17.61,30.805421197629023,morning,high,rainy,low,suburbs,28.23
16.55,28.346686179784268,evening,low,clear,normal,suburbs,26.74
2.65,14.700497346796912,morning,medium,clear,high,city_center,17.68
21.03,38.05137305009145,afternoon,high,rainy,high,suburbs,50.68
13.56,15.646095504650162,afternoon,high,rainy,high,airport,31.03
22.77,52.1428988034639,evening,medium,clear,normal,city_center,43.82
22.07,44.84483153076891,evening,medium,clear,normal,suburbs,43.76
20.5,41.65580681185774,evening,high,stormy,low,city_center,41.66
13.38,31.834648034236686,afternoon,low,clear,normal,city_center,24.07
7.04,5.973675100857692,morning,low,rainy,high,suburbs,14.56
13.14,39.62470905064522,night,medium,stormy,high,suburbs,39.24
3.42,7.161549745036245,morning,low,clear,normal,airport,12.13
16.81,35.26532346376705,evening,high,clear,low,city_center,35.4
4.22,5.0,morning,medium,stormy,normal,suburbs,11.28
13.27,26.986797752483408,afternoon,high,clear,normal,city_center,27.16
2.31,5.0,evening,medium,clear,normal,suburbs,8.02
8.19,19.83027707725729,afternoon,low,clear,normal,airport,19.16
6.57,10.422737127875138,evening,high,rainy,normal,city_center,20.01
15.88,26.575808011375685,morning,medium,clear,high,suburbs,37.4
19.88,34.90976507929142,morning,high,clear,high,city_center,50.98
2.38,11.150540766874164,evening,medium,clear,normal,airport,15.01
21.41,62.72562399195376,evening,low,clear,low,city_center,43.4
21.66,40.53636129747812,afternoon,medium,clear,high,city_center,45.01
9.21,11.211270644446078,afternoon,low,clear,low,airport,14.06
16.82,21.132438821337363,night,high,clear,normal,city_center,24.41
10.66,35.5408990274773,afternoon,low,clear,normal,suburbs,22.82
4.7,14.37234524353367,afternoon,low,clear,low,city_center,7.86
13.69,30.89975347869706,morning,high,rainy,normal,airport,35.12
3.07,5.086234823675155,evening,medium,rainy,normal,suburbs,5.59
22.08,40.90108888226569,morning,low,clear,normal,city_center,35.78
23.18,46.27473843437577,morning,low,clear,normal,suburbs,38.75
20.72,41.515571786827245,morning,medium,clear,high,city_center,50.41
14.5,24.2767776691866,morning,low,clear,high,city_center,30.89
14.38,24.87730230135019,afternoon,medium,clear,low,airport,22.66
24.63,50.21450384016834,morning,high,rainy,high,city_center,69.85
6.95,15.07015687594275,afternoon,low,clear,high,city_center,16.63
2.82,5.0,afternoon,low,clear,low,suburbs,5.85
14.49,25.887364142412515,morning,medium,clear,normal,suburbs,26.34
8.89,14.23822953115469,morning,medium,clear,high,airport,22.93
8.74,19.581566472266594,afternoon,medium,clear,low,city_center,17.69
1.17,5.0,evening,high,clear,high,city_center,6.03
15.31,16.533063862087943,evening,high,rainy,low,airport,30.67
7.34,7.7118000893773395,morning,medium,clear,normal,suburbs,11.96
5.51,11.195143716281933,morning,low,clear,normal,suburbs,15.43
1.97,5.206705783622624,morning,low,stormy,low,suburbs,5.0
9.74,12.723835977807788,night,medium,rainy,high,suburbs,20.59
22.1,44.644760402658456,night,low,clear,normal,suburbs,34.91
9.08,21.85090754145842,afternoon,high,stormy,high,city_center,31.38
17.3,50.170323531999735,night,medium,clear,low,suburbs,33.6
19.16,36.21349236713705,morning,low,rainy,low,suburbs,31.3
8.87,8.98265538324961,evening,high,clear,normal,suburbs,22.05
20.72,33.399066988912615,evening,medium,clear,high,airport,49.25
17.61,34.629501833485904,afternoon,high,clear,normal,city_center,36.27
14.42,29.858234141537487,evening,high,rainy,low,suburbs,29.93
1.02,5.0,afternoon,medium,clear,low,suburbs,5.0
1.84,10.421767948861381,night,low,clear,normal,suburbs,5.0
24.78,46.32061152413367,morning,medium,clear,low,city_center,41.79
19.77,38.810718113750745,morning,medium,clear,low,suburbs,31.46
23.5,39.18406244148068,afternoon,high,stormy,normal,suburbs,44.86
22.66,47.81743558954055,morning,high,clear,normal,suburbs,47.54
1.49,5.0,morning,high,clear,high,airport,14.78
20.0,53.330174883124556,morning,high,clear,normal,city_center,51.35
11.83,17.863734299530496,afternoon,medium,stormy,normal,suburbs,19.84
19.95,31.30673248673226,evening,medium,clear,high,suburbs,42.12
1.16,5.119521722256393,evening,medium,clear,high,suburbs,7.62
7.92,22.649914308656996,afternoon,medium,clear,normal,city_center,14.76
19.03,42.73019933857942,morning,low,clear,high,airport,47.77
20.03,41.27251893947644,afternoon,low,rainy,normal,airport,38.23
15.87,38.49680575347058,afternoon,medium,rainy,normal,suburbs,27.52
8.23,6.309325826193341,morning,low,clear,normal,city_center,15.54
8.45,5.0,afternoon,medium,clear,high,airport,18.75
24.2,44.234446957309366,morning,low,rainy,high,suburbs,53.49
11.54,24.146847991271716,afternoon,medium,clear,normal,suburbs,22.25
11.73,26.980527478593267,night,medium,clear,high,city_center,27.77
14.26,24.062410107561558,evening,medium,clear,high,suburbs,32.38
10.83,15.11788909448007,night,high,rainy,normal,city_center,20.03
14.26,33.08652680739654,evening,medium,rainy,low,city_center,28.09
11.38,23.651006140129375,morning,low,rainy,low,suburbs,21.38
20.84,39.07001608827189,evening,medium,clear,normal,city_center,38.58
22.82,40.92543289713812,night,high,clear,normal,suburbs,40.89
23.37,57.46272010132685,night,medium,clear,low,suburbs,37.31
14.54,30.12764058762722,evening,medium,rainy,normal,suburbs,29.41
11.61,12.798281452827084,morning,high,clear,high,suburbs,28.26
17.93,30.573962665687148,evening,medium,rainy,normal,suburbs,33.43
21.12,46.337681847860246,morning,high,clear,normal,suburbs,45.69
14.51,24.048955178743064,morning,low,clear,low,city_center,21.59
17.8,28.704114010978746,morning,high,rainy,low,city_center,33.57
18.99,32.23937543372604,morning,medium,clear,normal,suburbs,31.33
17.23,32.75710395850816,afternoon,medium,clear,normal,city_center,29.34
18.91,47.3747538203043,night,high,clear,normal,suburbs,38.83
6.01,14.530755617367596,evening,low,clear,normal,suburbs,12.26
12.96,16.58511199266907,evening,low,rainy,low,city_center,23.95
15.12,28.18977272043217,evening,low,clear,high,city_center,34.99
1.06,8.56051737524391,morning,medium,rainy,normal,suburbs,5.0
21.54,55.96784734497048,evening,medium,clear,normal,city_center,49.15
15.64,30.34894089990504,evening,high,clear,low,suburbs,29.33
4.1,7.387087333480068,afternoon,medium,clear,low,airport,11.3
20.59,46.160954957000946,afternoon,high,clear,normal,suburbs,37.99
18.21,48.94373313071236,evening,medium,clear,normal,airport,41.9
19.2,37.711858317935324,evening,high,clear,normal,suburbs,42.64
10.41,20.76564392670744,afternoon,low,clear,normal,city_center,16.64
21.5,75.38518775501402,evening,low,clear,normal,city_center,48.17
10.94,27.491781779276064,evening,medium,rainy,low,city_center,22.75
14.69,23.547813609357647,night,high,clear,normal,city_center,23.85
1.02,5.0,evening,medium,clear,high,city_center,7.24
16.48,42.00120837304515,morning,medium,rainy,low,city_center,35.64
18.24,27.79345929583566,evening,low,rainy,normal,city_center,32.37
14.61,34.68421633702367,night,medium,clear,normal,suburbs,27.91
12.92,24.90135566833834,afternoon,high,clear,normal,city_center,23.79
20.44,39.22914477374763,evening,medium,clear,normal,airport,37.39
17.35,32.7905798719488,afternoon,low,rainy,normal,suburbs,28.61
7.67,12.88696940003052,afternoon,high,clear,normal,airport,16.99
24.02,28.820189163198677,evening,low,clear,low,city_center,28.6
17.97,45.396364323158764,afternoon,medium,rainy,normal,city_center,32.69
24.71,42.703610427189645,afternoon,low,clear,high,suburbs,43.34
24.31,43.96308095794204,evening,high,clear,high,airport,64.39
23.05,53.036243829260606,afternoon,high,clear,low,airport,44.33
19.13,48.57380690606089,night,low,clear,normal,airport,43.8
15.63,41.597036257565186,morning,high,rainy,normal,city_center,40.49
5.13,8.453314670787009,evening,high,clear,normal,city_center,11.86
14.04,26.430327500884847,morning,high,clear,high,airport,43.11
19.37,36.46635799868794,evening,high,clear,low,airport,42.63
13.5,25.136996304594337,night,high,stormy,normal,suburbs,24.12
21.84,54.59449346607178,evening,low,clear,low,suburbs,36.07
3.63,13.722780558665614,evening,medium,clear,normal,suburbs,11.53
10.14,26.28514459201769,morning,medium,rainy,normal,suburbs,23.69
13.14,23.807873643003035,night,low,clear,low,suburbs,17.4
11.38,22.576249404903685,afternoon,medium,clear,normal,city_center,16.98
3.61,7.210396129616925,morning,low,clear,normal,city_center,10.09
4.68,7.707783111964903,morning,medium,clear,normal,suburbs,7.83
21.1,50.90625741586294,evening,medium,clear,high,suburbs,46.98
12.63,32.210875506130044,evening,low,clear,normal,airport,30.31
2.17,7.199331400375895,evening,low,rainy,normal,city_center,9.21
1.4,5.0,evening,medium,stormy,normal,city_center,7.38
12.36,28.135802055304005,evening,high,clear,normal,city_center,33.75
4.95,7.797593923814634,night,medium,clear,normal,city_center,11.8
17.92,40.388132901791934,evening,high,rainy,normal,city_center,43.06
20.09,66.33134832019518,afternoon,high,clear,high,city_center,64.41
6.48,24.46565773281577,night,medium,rainy,low,airport,24.72
15.21,28.145307696247684,night,medium,clear,normal,airport,32.12
4.71,10.577516896567076,evening,medium,clear,normal,suburbs,9.67
8.29,5.0,evening,low,rainy,high,city_center,18.47
22.33,41.982526367316034,night,low,clear,normal,city_center,37.59
14.06,30.461131412067083,evening,low,clear,normal,city_center,21.28
22.26,41.308068048603076,morning,medium,clear,normal,city_center,37.43
6.41,13.956146723759925,night,low,clear,normal,airport,18.27
8.92,18.75934790409139,evening,low,clear,normal,suburbs,16.71
12.3,22.838559746096827,evening,high,clear,normal,suburbs,27.09
12.52,28.126674895665843,afternoon,medium,clear,normal,suburbs,23.16
24.94,53.916243148022986,morning,medium,rainy,high,city_center,62.11
3.75,5.0,afternoon,medium,rainy,high,airport,13.81
21.45,47.70159666638436,afternoon,medium,rainy,low,airport,38.55
21.73,80.9258267979755,afternoon,medium,clear,normal,suburbs,47.95
14.28,23.467000695542886,evening,medium,clear,normal,city_center,28.32
9.26,28.698915294939834,afternoon,low,rainy,high,airport,25.55
13.46,21.596456802855524,afternoon,high,clear,high,suburbs,24.7
8.02,13.017098776326373,morning,medium,rainy,normal,airport,19.2
20.18,49.513645117911075,evening,medium,clear,normal,suburbs,42.69
12.96,25.68071308958437,evening,medium,rainy,low,city_center,23.01
23.22,42.81979986711849,afternoon,high,clear,high,city_center,59.04
15.94,41.532706679379444,morning,medium,clear,high,city_center,40.96
13.34,33.89911482777511,morning,high,rainy,normal,city_center,32.06
18.07,35.027705522300785,evening,low,clear,normal,suburbs,29.31
13.09,39.931250342305574,evening,high,rainy,normal,suburbs,33.01
22.71,40.89777387960297,evening,high,rainy,high,suburbs,58.95
5.43,5.530251822952074,night,low,clear,normal,suburbs,8.99
24.36,64.56632486759375,evening,low,clear,high,city_center,62.65
20.49,46.18124192560314,afternoon,high,rainy,normal,city_center,39.61
21.66,46.43980748295248,afternoon,medium,clear,normal,airport,40.1
12.59,9.952269437565779,afternoon,low,clear,high,suburbs,17.92
21.09,36.711107060848946,afternoon,medium,stormy,low,suburbs,34.29
8.36,17.832826848892903,morning,high,clear,low,city_center,19.65
19.29,44.19374446181695,morning,high,rainy,normal,city_center,47.27
4.37,5.0,morning,medium,clear,high,city_center,12.63
8.37,10.632355521299683,morning,medium,rainy,low,city_center,14.73
11.7,28.121960854188718,evening,medium,clear,normal,airport,29.37
8.74,21.518340274544634,afternoon,low,clear,normal,suburbs,22.06
10.29,20.35974227620183,afternoon,low,clear,high,city_center,21.46
20.68,42.79570823231367,morning,low,stormy,high,suburbs,55.57
7.16,13.278499511382462,evening,low,rainy,high,suburbs,19.98
18.89,38.52560608994899,night,medium,rainy,high,city_center,50.55
2.77,12.504200779825904,afternoon,low,rainy,normal,city_center,12.84
19.38,30.39458134646313,evening,medium,rainy,low,suburbs,25.95
20.01,39.38912086733269,night,high,clear,normal,airport,41.72
10.64,19.37657920654829,evening,low,stormy,high,suburbs,22.66
18.34,42.67556088103516,evening,medium,clear,normal,suburbs,36.49
22.96,54.751727533628106,afternoon,low,rainy,normal,city_center,40.77
20.22,40.655216126380346,morning,medium,rainy,high,city_center,50.77
10.37,17.100228237170366,evening,low,clear,normal,city_center,19.96
12.62,20.9919579006502,night,medium,clear,high,suburbs,28.17
19.7,38.34382035480532,evening,medium,clear,normal,suburbs,33.97
8.02,14.602547134247143,morning,medium,clear,normal,suburbs,12.86
20.29,39.4728524282184,morning,low,clear,normal,airport,38.16
8.87,25.380678877606936,afternoon,high,stormy,normal,city_center,25.77
20.34,55.95408902562749,night,medium,clear,normal,suburbs,38.64
3.08,5.0,morning,medium,rainy,normal,city_center,11.21
2.07,5.0,afternoon,high,rainy,high,city_center,6.65
24.94,52.98087799829456,evening,high,clear,normal,city_center,55.93
21.87,44.515660037986635,morning,medium,clear,low,suburbs,38.88
22.19,60.81901287475739,morning,medium,clear,high,suburbs,64.47
23.83,44.60760264050276,morning,medium,rainy,low,airport,45.05
11.52,22.532698882050667,afternoon,medium,clear,low,city_center,18.87
7.88,16.062026044473455,afternoon,medium,rainy,low,airport,19.96
4.12,11.877069196507122,morning,medium,clear,high,suburbs,13.81
13.03,17.677248722079177,afternoon,medium,rainy,low,city_center,17.01
6.28,5.0,evening,high,rainy,normal,city_center,10.23
23.45,67.08643724943701,evening,medium,rainy,low,airport,49.8
1.1,5.668711090101801,evening,low,clear,normal,suburbs,8.89
4.44,10.886899626583741,evening,medium,rainy,normal,city_center,13.46
6.92,9.542327724538874,evening,medium,clear,normal,city_center,10.54
5.77,14.156828969231412,morning,medium,clear,normal,airport,18.26
6.42,12.802471206458218,morning,medium,clear,normal,suburbs,14.52
16.75,27.136391018474868,evening,medium,clear,high,city_center,40.82
8.86,11.502289020286785,afternoon,low,clear,high,suburbs,14.35
15.76,31.233146951728344,morning,high,clear,normal,city_center,34.32
22.37,47.92681521219259,morning,low,clear,low,city_center,32.88
15.46,28.405055527126983,night,low,rainy,normal,suburbs,26.52
17.67,32.07331570209705,evening,high,clear,high,suburbs,40.59
9.77,13.030396635270295,morning,medium,stormy,normal,airport,23.34
4.83,9.406972654752739,afternoon,medium,clear,low,airport,11.74
8.69,22.366765578298146,morning,low,clear,high,city_center,29.18
24.14,57.61746729288269,morning,low,rainy,normal,city_center,51.43
15.92,22.692181302846485,afternoon,medium,rainy,normal,airport,26.37
7.66,21.16697779166199,afternoon,low,clear,high,suburbs,18.09
11.82,27.617238243261124,evening,low,rainy,normal,city_center,20.4
21.05,35.609793655910316,night,high,rainy,normal,city_center,38.12
17.04,29.07955942948605,morning,medium,clear,normal,city_center,28.25
14.46,29.495474329952632,afternoon,low,rainy,normal,suburbs,24.36
22.24,44.14181305543539,evening,high,clear,high,city_center,62.27
17.14,24.288239625794702,afternoon,high,clear,low,suburbs,22.15
16.43,30.430554830231603,morning,low,clear,high,suburbs,39.55
5.55,12.485876796565286,morning,low,clear,normal,city_center,18.03
3.55,5.0,evening,low,clear,normal,city_center,7.13
24.16,57.947752822090926,morning,medium,clear,high,city_center,60.4
15.37,34.50455938625056,morning,medium,clear,low,city_center,30.6
10.98,30.928466315455708,evening,high,clear,normal,airport,32.26
15.14,41.31662988571874,afternoon,medium,clear,normal,city_center,29.29
2.48,5.0,night,medium,clear,normal,airport,11.42
20.73,41.228354514279424,afternoon,low,stormy,normal,city_center,38.23
6.2,13.280264553151467,morning,medium,clear,normal,suburbs,19.44
20.31,52.80241187348519,morning,medium,clear,low,city_center,37.62
13.83,34.58833240357364,night,medium,rainy,high,city_center,37.95
7.64,12.867846969729538,morning,low,clear,low,city_center,10.63
1.73,5.0,afternoon,high,clear,normal,suburbs,5.0
20.58,44.43678253001451,afternoon,medium,rainy,low,suburbs,34.29
5.24,9.87881061142471,night,low,clear,normal,suburbs,8.32
2.24,10.036640426127612,night,medium,clear,normal,city_center,10.6
19.14,30.10729954311315,evening,high,clear,normal,city_center,39.12
9.4,10.213093794565244,morning,medium,rainy,high,city_center,24.11
10.34,27.620119626050204,morning,medium,clear,high,airport,32.88
6.93,8.705205896136714,morning,medium,rainy,high,suburbs,18.23
21.62,42.801739757265025,morning,medium,clear,high,suburbs,54.65
8.14,22.965686074220763,night,low,clear,high,city_center,22.92
6.04,8.768693320727548,evening,medium,rainy,normal,suburbs,14.68
8.42,22.01451826148937,morning,low,rainy,normal,city_center,19.08
5.88,21.523785514727578,evening,high,rainy,normal,city_center,20.01
8.62,17.005558225918506,morning,high,clear,normal,city_center,24.09
2.99,5.0,afternoon,low,rainy,high,airport,11.77
4.8,18.84124961703261,morning,medium,clear,normal,suburbs,12.8
11.01,24.454536769634995,afternoon,high,clear,high,suburbs,27.04
22.11,63.89974776852142,morning,medium,clear,normal,suburbs,44.69
2.37,5.0,morning,medium,stormy,normal,suburbs,8.92
6.1,10.12742707132429,night,low,clear,high,city_center,14.76
22.8,40.23646948864017,night,low,clear,normal,suburbs,34.81
22.36,47.12926430561142,afternoon,low,rainy,normal,city_center,34.97
17.31,50.992183382966964,evening,high,clear,high,city_center,55.95
6.77,15.302778690495195,morning,medium,clear,normal,city_center,17.64
11.08,26.934897175219497,afternoon,medium,clear,low,city_center,18.07
6.07,17.856198104759326,morning,high,clear,high,suburbs,23.61
4.09,5.0,morning,medium,clear,high,suburbs,10.37
10.12,16.914448570523234,afternoon,high,clear,low,suburbs,17.18
14.82,30.261880058627575,evening,high,clear,low,city_center,35.58
9.64,20.966529244901064,evening,low,stormy,high,city_center,31.11
15.66,34.2114504413197,afternoon,high,clear,low,airport,35.23
8.11,14.25355264452628,afternoon,high,clear,normal,airport,17.85
9.3,18.95864674356035,evening,medium,stormy,low,airport,25.0
19.98,39.53903691696892,night,medium,clear,high,airport,51.56
22.08,36.12470052380045,morning,low,clear,low,city_center,34.51
8.73,11.749496967367627,afternoon,high,rainy,normal,suburbs,15.41
14.72,36.38071865197528,night,medium,clear,high,city_center,36.44
7.68,19.752447300126644,afternoon,medium,clear,normal,city_center,14.17
2.28,5.047377962328284,evening,medium,rainy,normal,city_center,7.45
18.71,31.692054039611104,afternoon,medium,rainy,normal,airport,32.6
5.1,12.877934695781608,night,low,clear,high,city_center,13.34
11.22,23.847238573741677,night,low,clear,normal,city_center,21.99
12.69,14.926138956162543,afternoon,high,clear,high,city_center,26.42
5.43,14.399455181758858,morning,medium,clear,low,airport,18.04
3.27,9.677358702588903,evening,high,clear,high,suburbs,13.7
9.35,25.08781471461349,morning,medium,clear,low,city_center,25.26
23.85,38.23079044501498,morning,medium,clear,normal,city_center,40.31
15.76,42.222708814785186,afternoon,high,clear,normal,city_center,35.78
10.15,13.185548029109706,afternoon,low,clear,high,suburbs,16.66
1.93,5.0,night,medium,rainy,normal,airport,9.98
15.41,25.015951320434333,morning,medium,rainy,low,city_center,26.25
3.21,10.741355600725441,afternoon,low,clear,low,city_center,9.09
14.02,25.1209011616379,evening,low,clear,high,suburbs,30.8
19.05,28.026275804903406,evening,high,clear,normal,suburbs,33.47
11.17,28.500281847091188,afternoon,low,clear,normal,suburbs,21.57
8.19,16.47764534714173,morning,high,clear,high,airport,30.44
2.14,5.0,afternoon,low,clear,high,suburbs,9.33
1.59,5.0,night,low,clear,low,suburbs,5.0
11.32,26.804297490057984,afternoon,high,rainy,high,airport,39.7
22.2,49.80105360337497,afternoon,medium,clear,high,city_center,48.5
6.86,23.3966736547009,night,medium,clear,high,suburbs,17.13
14.78,45.453351511458614,morning,low,clear,normal,suburbs,31.91
17.42,46.23312343196146,night,medium,clear,low,suburbs,24.02
2.46,5.0,evening,high,rainy,normal,suburbs,8.5
4.67,8.77712039711375,afternoon,high,rainy,high,city_center,15.89
8.95,22.328421834151904,night,high,clear,normal,city_center,16.32
17.08,31.152926201081296,morning,low,clear,normal,city_center,25.4
11.54,19.75792466186219,night,medium,clear,high,airport,27.04
18.62,37.30529080968866,morning,medium,clear,normal,suburbs,33.74
21.82,37.35176673959573,afternoon,high,rainy,normal,airport,40.38
19.2,30.75910676945218,morning,medium,clear,high,city_center,46.41
24.81,57.46469833191456,afternoon,low,clear,high,city_center,49.49
19.1,41.91876098682117,morning,medium,clear,normal,suburbs,38.19
21.45,43.59548495762106,afternoon,high,clear,normal,suburbs,33.56
20.98,29.436960099737654,morning,high,clear,high,city_center,54.46
18.53,30.124915529750744,afternoon,high,clear,high,city_center,43.81
20.24,33.97521608501645,morning,high,clear,high,city_center,48.25
23.43,36.73774957412422,evening,low,clear,normal,city_center,38.26
12.4,21.26346016232896,evening,low,clear,high,city_center,30.23
16.32,51.476379109779906,evening,medium,clear,normal,airport,45.51
13.36,34.155601319812874,evening,low,clear,high,airport,35.51
21.42,50.753420018486956,morning,medium,rainy,high,suburbs,60.87
11.35,24.535594421495865,morning,medium,clear,high,suburbs,28.34
20.67,38.54038704972354,evening,low,stormy,normal,city_center,46.95
20.18,31.988635662627836,afternoon,low,rainy,normal,city_center,34.72
24.09,42.70658565074776,evening,high,rainy,high,city_center,57.26
6.97,11.986484980084413,morning,high,rainy,low,city_center,17.73
18.03,26.494399931941636,afternoon,medium,rainy,normal,suburbs,26.4
19.17,36.12183800991648,afternoon,high,clear,normal,city_center,37.58
23.47,31.94764803462854,evening,high,rainy,normal,airport,50.43
22.77,53.03705248927147,night,high,clear,normal,city_center,47.8
14.76,41.212922665514704,evening,medium,rainy,normal,city_center,36.48
14.9,32.912838285130746,evening,low,clear,low,airport,27.12
5.01,12.350903646305746,evening,high,clear,high,airport,17.81
24.4,52.8760545238009,night,low,rainy,normal,city_center,44.3
7.12,21.408375486218326,evening,low,clear,normal,suburbs,16.98
18.39,30.27607314629311,morning,low,clear,high,city_center,43.06
20.1,48.13013650013452,morning,low,rainy,normal,city_center,42.23
11.59,31.274736612273337,night,medium,stormy,normal,city_center,26.54
6.07,14.739190592381293,evening,medium,rainy,normal,suburbs,15.1
5.54,16.875997765028792,afternoon,low,clear,normal,city_center,16.41
21.56,62.59121821692157,evening,medium,clear,low,city_center,43.31
13.26,27.018811724088973,afternoon,high,rainy,normal,city_center,22.39
3.16,8.096855962476663,evening,low,clear,normal,city_center,13.1
18.21,29.225659293235516,afternoon,high,clear,high,city_center,38.39
7.0,20.892377782482807,night,low,clear,normal,airport,18.07
22.03,53.706595393809636,evening,medium,rainy,normal,city_center,44.2
8.43,34.374788427694114,afternoon,low,clear,high,suburbs,25.26
5.81,5.0,night,high,clear,normal,suburbs,9.29
3.04,16.032473464793206,afternoon,low,clear,normal,suburbs,10.88
13.28,30.040757767258373,evening,low,rainy,normal,airport,33.35
11.82,14.084862425060003,afternoon,medium,clear,low,suburbs,10.83
19.03,41.14233552882463,afternoon,medium,clear,high,airport,39.86
12.15,21.786446010488824,evening,medium,clear,normal,suburbs,20.52
9.25,13.254908515941574,evening,low,rainy,normal,city_center,19.95
7.28,8.738006600291543,night,medium,clear,normal,city_center,13.92
7.68,12.396228561836132,evening,high,stormy,high,city_center,27.83
23.27,41.36086830618491,afternoon,medium,clear,high,airport,46.98
4.96,18.945297455349195,night,low,clear,high,airport,17.82
24.72,71.12152183844665,night,high,clear,low,city_center,52.22
8.85,19.658757913713455,night,high,clear,low,city_center,15.61
3.12,5.0,night,medium,clear,low,city_center,8.24
6.97,15.40067801505583,evening,low,clear,normal,suburbs,10.03
2.4,5.0,evening,low,clear,low,city_center,6.54
19.96,50.80357662107465,evening,medium,clear,low,city_center,35.74
13.3,23.112217318119413,afternoon,medium,stormy,high,airport,37.2
9.09,10.77842194975207,evening,medium,clear,normal,suburbs,10.94
16.89,27.581608461612937,morning,medium,rainy,normal,airport,37.42
16.14,35.531194862022005,afternoon,low,rainy,high,city_center,36.66
23.56,47.75566710413595,afternoon,high,clear,normal,suburbs,44.35
24.07,51.520165097509775,morning,low,clear,normal,suburbs,40.27
17.34,29.21458128349186,evening,high,rainy,low,suburbs,34.14
20.63,45.384378160749975,afternoon,high,clear,normal,airport,42.1
20.02,30.476439839962605,afternoon,high,clear,high,city_center,47.43
12.79,17.10707560054793,afternoon,medium,clear,normal,suburbs,14.14
17.91,52.91330418044549,evening,medium,clear,low,suburbs,30.95
2.88,5.0,morning,high,clear,normal,suburbs,7.81
19.19,47.51823558274021,afternoon,high,clear,high,suburbs,49.68
24.08,38.592628179687864,afternoon,medium,clear,high,city_center,46.79
3.04,5.0,night,medium,stormy,normal,city_center,10.5
21.07,55.20765283425213,morning,medium,rainy,high,airport,59.86
23.39,51.958736552443746,night,high,rainy,high,suburbs,66.75
6.43,5.0,morning,high,clear,high,airport,20.25
13.6,31.517876121348525,morning,medium,clear,normal,suburbs,28.85
23.27,64.29558893880987,night,high,stormy,high,airport,80.34
24.05,41.89152895235584,evening,medium,rainy,high,suburbs,58.14
4.07,14.359210873193891,afternoon,high,clear,low,airport,24.43
9.38,22.582754640968243,evening,high,clear,normal,suburbs,19.93
17.76,35.574316443029645,morning,medium,clear,normal,suburbs,32.68
6.32,15.727951944640937,morning,high,clear,high,city_center,22.15
8.79,12.728930372036878,morning,medium,clear,normal,city_center,20.25
1.56,13.87409980989111,afternoon,medium,stormy,high,city_center,14.85
4.68,9.536961325823992,morning,low,clear,high,city_center,16.92
14.5,25.185309738332535,afternoon,high,rainy,normal,suburbs,25.59
16.67,58.747265237656,night,low,clear,normal,suburbs,36.51
16.57,26.807844157019783,afternoon,low,clear,low,airport,23.74
19.68,35.57268132208,afternoon,medium,clear,normal,suburbs,28.45
10.97,15.501993463974003,morning,high,clear,normal,city_center,25.58
7.56,12.277059667556086,night,medium,clear,normal,airport,20.26
1.37,5.0,morning,medium,clear,low,city_center,9.09
5.96,19.776797566856864,afternoon,high,rainy,high,city_center,20.14
8.5,15.749106857601706,night,high,clear,normal,airport,23.88
5.28,5.944191424988187,afternoon,high,clear,normal,suburbs,7.13
1.48,5.0,afternoon,low,clear,high,city_center,7.73
4.78,5.0,evening,low,clear,normal,suburbs,10.46
16.99,40.008324938504686,morning,low,clear,normal,city_center,34.12
16.11,41.775188442151844,afternoon,high,clear,normal,suburbs,35.92
23.46,57.87878202451161,evening,high,clear,normal,suburbs,48.74
20.16,39.825438996018164,night,medium,rainy,normal,suburbs,33.73
14.63,28.432548999475138,night,high,clear,normal,city_center,26.24
4.3,16.28963392597866,evening,medium,stormy,normal,city_center,14.85
14.54,21.57877355060162,afternoon,high,clear,low,suburbs,21.67
2.48,5.0,evening,low,clear,high,suburbs,8.28
11.34,38.013202112371644,night,high,clear,low,city_center,29.17
10.37,24.899303595508812,evening,medium,clear,normal,suburbs,23.79
11.27,22.38062220338914,morning,low,rainy,low,airport,23.01
7.72,21.186542469129442,night,low,rainy,high,city_center,23.46
17.46,47.72481053992479,night,medium,clear,low,city_center,35.72
21.18,37.79072133829711,morning,medium,clear,low,suburbs,36.94
19.44,44.64665661559942,evening,low,clear,low,suburbs,32.11
16.07,31.5164627058124,night,medium,rainy,normal,suburbs,29.56
13.92,28.491566377860124,morning,medium,rainy,normal,city_center,28.92
1.75,5.0,night,low,clear,low,suburbs,5.0
18.35,53.532173431592994,morning,high,clear,high,city_center,57.08
14.08,16.506321317178156,afternoon,high,clear,low,airport,23.41
7.5,9.90784759809626,night,low,clear,high,city_center,15.38
8.87,12.988472156713335,night,high,clear,normal,airport,20.4
23.45,53.74511338382342,morning,medium,rainy,normal,city_center,46.42
15.98,41.983855438566145,night,low,clear,high,airport,42.27
12.42,27.111380936200575,evening,high,rainy,high,city_center,38.71
15.9,35.01760015822295,night,low,clear,high,suburbs,32.63
10.93,12.810634753567571,afternoon,medium,clear,normal,airport,18.73
12.28,23.51827847883256,night,high,rainy,high,city_center,32.27
7.97,15.34576546030397,evening,high,clear,low,city_center,20.44
11.56,24.336486919447328,evening,low,clear,normal,city_center,24.16
17.45,36.645454852666916,afternoon,medium,clear,normal,airport,32.24
1.96,12.942079293616288,afternoon,high,clear,low,suburbs,9.9
20.08,49.41038522952131,morning,high,clear,high,suburbs,57.84
7.79,23.898373973545866,morning,low,clear,high,city_center,23.94
17.38,33.983042276429266,night,low,clear,low,airport,28.97
16.43,56.8462930728162,evening,low,clear,low,city_center,37.69
16.66,45.306075207209844,evening,low,clear,low,suburbs,30.61
15.6,27.530500382728956,afternoon,high,clear,high,suburbs,34.45
24.02,27.230774642712362,evening,low,stormy,low,city_center,39.84
13.2,28.464286497276937,afternoon,high,clear,normal,suburbs,24.86
18.58,35.59597736959364,evening,medium,clear,low,suburbs,27.28
17.93,31.142334768843053,morning,low,clear,normal,suburbs,27.84
6.67,12.997855842860265,morning,medium,rainy,high,airport,19.57
7.8,6.9286028125862105,afternoon,high,clear,low,city_center,10.87
11.18,32.17977593347953,morning,low,rainy,normal,airport,28.77
7.66,18.630875183771145,evening,high,clear,high,airport,26.8
9.8,18.187587499659493,evening,low,clear,normal,city_center,17.26
10.38,31.891688782071654,afternoon,high,clear,high,airport,33.38
15.49,23.07234175390868,evening,low,clear,normal,suburbs,26.85
6.28,16.374834265326,night,high,clear,normal,suburbs,10.97
20.3,32.87408603327856,evening,medium,clear,low,airport,32.38
11.5,29.40879243852003,evening,high,clear,high,city_center,37.55
17.95,36.87855329283714,afternoon,medium,clear,low,airport,26.87
2.95,8.088329524190694,evening,low,rainy,high,suburbs,10.99
12.28,38.64199531533515,afternoon,low,clear,low,airport,23.16
1.68,5.0,morning,medium,clear,high,airport,13.69
17.22,20.383074330406423,morning,medium,rainy,normal,city_center,27.7
9.25,21.382759393931924,afternoon,high,clear,high,suburbs,23.49
23.78,48.32599414915091,morning,low,clear,high,suburbs,54.81
8.78,24.649079510928527,afternoon,medium,clear,normal,city_center,18.82
14.53,47.03411028878303,evening,medium,clear,high,city_center,40.83
7.18,23.570214093042914,afternoon,high,rainy,high,suburbs,24.44
15.88,31.373897044631192,afternoon,low,clear,high,suburbs,30.7
12.21,19.170345515620944,afternoon,medium,clear,normal,suburbs,17.53
9.9,13.72615413754717,afternoon,medium,rainy,high,suburbs,18.92
5.89,7.532348746886839,afternoon,medium,clear,high,airport,14.99
3.68,11.18150934600414,evening,medium,rainy,low,suburbs,10.01
3.88,5.0,morning,medium,clear,high,city_center,10.22
24.98,34.578888161888344,afternoon,high,rainy,low,city_center,42.65
10.9,34.957618171360565,evening,medium,rainy,normal,suburbs,31.16
1.05,5.0,afternoon,high,rainy,normal,city_center,6.8
23.87,59.96896297280919,night,medium,clear,high,airport,63.08
1.48,5.0,morning,medium,clear,high,suburbs,6.7
11.05,25.2641193353766,afternoon,high,clear,high,airport,32.61
18.22,29.257072543003822,afternoon,high,clear,normal,city_center,31.95
22.95,34.51523041526379,night,low,clear,high,city_center,41.08
18.11,51.073413675498884,morning,medium,clear,normal,suburbs,36.22
12.13,23.41712015290034,afternoon,low,clear,low,suburbs,21.85
24.39,47.53780059246307,afternoon,low,clear,low,suburbs,32.03
1.94,5.0,night,high,clear,low,city_center,8.51
24.69,37.85597546051317,evening,high,clear,normal,suburbs,47.48
21.39,39.96031272876068,afternoon,medium,clear,normal,suburbs,30.44
23.29,58.746556747926505,evening,medium,clear,low,airport,43.07
7.11,11.698232090640078,evening,high,clear,normal,suburbs,19.41
4.42,8.332527040956501,morning,high,clear,high,suburbs,14.94
16.92,39.13213841571652,morning,high,clear,low,suburbs,33.9
13.38,32.54110526045445,morning,high,clear,normal,suburbs,32.01
13.56,45.173433089907405,afternoon,medium,clear,normal,suburbs,28.74
23.19,37.44832822622473,evening,low,clear,low,airport,40.41
15.88,35.83863057256289,night,low,clear,high,city_center,38.4
8.47,16.430514331945,evening,low,clear,high,airport,25.47
10.6,7.044197931438751,morning,medium,clear,normal,suburbs,15.22
4.2,5.0,afternoon,low,rainy,normal,suburbs,10.59
5.62,10.418869961964838,afternoon,medium,rainy,low,suburbs,5.68
4.44,7.931298903072534,evening,high,clear,high,suburbs,14.48
20.45,38.297178161407956,evening,high,clear,high,suburbs,50.63
17.92,53.451786475315146,evening,low,clear,high,airport,49.24
13.73,17.73938810008449,night,low,clear,high,suburbs,23.13
9.98,13.757800490950459,morning,high,clear,normal,airport,21.65
17.04,33.236824291118396,evening,high,clear,high,airport,52.35
20.51,40.20962386365455,night,high,clear,high,suburbs,45.11
22.15,47.02267739670275,morning,high,clear,high,airport,68.66
14.13,31.264675473565376,evening,low,clear,low,suburbs,22.52
20.68,29.54473239384373,morning,high,clear,high,suburbs,51.18
13.27,16.627259444300854,afternoon,low,clear,normal,city_center,17.47
12.39,22.903682194229734,afternoon,low,clear,high,airport,27.55
21.77,34.437158890918774,morning,medium,clear,low,suburbs,31.37
10.27,6.134430824266081,evening,high,rainy,normal,suburbs,16.41
10.5,24.892504419613694,afternoon,medium,clear,high,city_center,24.99
8.32,26.937911760063997,morning,low,clear,normal,city_center,18.7
13.45,35.15481992104584,evening,high,rainy,low,city_center,31.63
14.08,21.96381896826378,afternoon,low,stormy,high,city_center,31.76
16.85,31.73533334676863,morning,high,clear,normal,suburbs,35.61
11.33,14.050443097336606,evening,high,clear,high,suburbs,30.43
6.23,14.160992515300851,night,low,rainy,normal,city_center,14.15
21.8,41.76142968246696,afternoon,medium,clear,normal,suburbs,35.12
9.3,33.19059127098368,night,low,clear,low,suburbs,21.87
23.15,50.76123281586058,night,high,stormy,high,city_center,66.91
5.98,6.55411330620991,afternoon,high,rainy,normal,suburbs,12.58
14.44,41.941467318790956,night,medium,rainy,low,airport,30.46
13.88,30.708703225207046,evening,medium,clear,high,suburbs,33.32
20.89,41.721563655548096,evening,medium,clear,high,suburbs,49.19
4.33,7.994989838685599,morning,medium,clear,high,airport,10.15
22.84,44.91096258958942,evening,medium,rainy,low,airport,42.81
13.75,17.75037455374059,morning,high,rainy,high,suburbs,32.59
15.07,28.229078564945183,evening,medium,clear,high,city_center,33.17
13.24,25.078541258253928,morning,high,rainy,high,city_center,41.06
1.86,15.903896119873256,evening,low,clear,high,suburbs,10.51
12.93,25.45777185893118,night,medium,rainy,high,airport,36.33
7.33,7.477277773909787,afternoon,low,clear,high,airport,20.02
9.22,17.715062804413208,afternoon,medium,clear,normal,airport,22.53
16.58,34.86043513880894,morning,medium,clear,high,city_center,47.73
12.94,19.422013876079745,morning,high,clear,high,suburbs,31.04
3.24,5.0,night,low,rainy,normal,suburbs,5.0
2.75,9.300111374823512,evening,high,clear,normal,suburbs,14.98
5.46,8.963163674861317,evening,low,clear,normal,city_center,11.18
5.58,13.279120567393697,evening,medium,clear,normal,airport,17.1
15.6,28.34195898158216,evening,medium,stormy,low,city_center,32.39
5.27,9.638961830771684,afternoon,high,clear,normal,city_center,12.32
22.16,55.594941831055976,afternoon,medium,clear,high,airport,54.15
6.03,13.514989777188937,morning,low,clear,high,airport,23.5
3.19,7.974073583309013,evening,low,clear,normal,suburbs,5.0
22.02,52.84863474790186,night,high,stormy,normal,suburbs,48.47
8.09,14.529754295963306,afternoon,high,clear,high,city_center,21.47
11.21,19.10070427775948,afternoon,high,rainy,normal,airport,21.27
24.02,33.85742745873969,evening,medium,rainy,normal,suburbs,35.52
23.66,53.180541415102695,evening,high,rainy,low,suburbs,52.24
18.16,43.977316943022025,evening,medium,rainy,high,suburbs,45.0
2.65,8.186605535871308,morning,low,rainy,normal,city_center,8.11
15.24,26.02690826144882,evening,low,clear,normal,suburbs,27.26
24.74,34.59318139517963,evening,medium,rainy,high,city_center,56.92
23.73,44.19442215176494,morning,high,rainy,normal,airport,55.62
3.54,10.315846907470934,evening,medium,stormy,normal,city_center,11.19
10.5,28.934527922425612,afternoon,low,rainy,high,suburbs,23.86
8.57,20.38069186804158,night,medium,clear,low,suburbs,14.1
4.11,14.61589719082911,night,low,clear,high,city_center,15.38
17.68,24.046015078271928,evening,high,stormy,low,airport,34.92
7.57,8.66225916264917,afternoon,low,clear,low,suburbs,11.02
9.28,17.292965407824855,night,high,rainy,normal,suburbs,19.34
3.17,5.0,afternoon,medium,clear,normal,suburbs,5.0
12.95,19.794116244081195,afternoon,medium,clear,normal,suburbs,20.68
4.8,15.402243069141113,afternoon,high,rainy,high,city_center,21.96
11.37,17.328519357535214,morning,high,clear,high,suburbs,29.6
4.44,10.16741698860122,night,high,clear,normal,airport,16.07
23.89,45.79146543087312,afternoon,medium,rainy,low,city_center,35.07
4.48,10.46144466716428,evening,low,clear,normal,suburbs,5.84
13.53,42.80768822394322,evening,low,clear,high,airport,41.12
5.73,17.258949626435285,evening,medium,clear,high,suburbs,18.34
2.83,10.923495753084918,morning,medium,clear,normal,suburbs,5.57
5.86,10.00748546226454,afternoon,high,clear,low,city_center,10.3
2.31,9.375327216264182,night,high,stormy,high,city_center,11.17
4.35,9.277372657749275,afternoon,low,rainy,normal,airport,13.85
12.84,18.57506258549256,morning,low,stormy,normal,airport,30.17
16.64,39.99416198965264,evening,medium,rainy,low,suburbs,32.82
3.1,12.571902678485543,evening,medium,clear,normal,airport,18.54
11.58,13.41120728451658,evening,low,rainy,normal,suburbs,15.34
14.95,18.999831791345493,afternoon,medium,clear,normal,city_center,24.37
6.62,9.795446805982804,afternoon,medium,rainy,normal,city_center,13.4
9.93,12.265930986599223,morning,low,clear,normal,suburbs,16.61
2.72,5.0,evening,medium,clear,high,suburbs,12.64
6.28,9.735679691953289,night,low,clear,high,airport,14.18
12.2,27.292539240144656,evening,high,rainy,normal,city_center,30.0
24.77,45.85264474463585,evening,high,stormy,normal,airport,60.26
24.91,41.83890543805304,evening,low,clear,normal,suburbs,37.23
24.51,43.46806266073814,evening,medium,rainy,normal,airport,48.42
11.15,35.15693661627588,afternoon,medium,clear,low,airport,26.26
2.94,5.0,evening,medium,clear,normal,suburbs,7.0
8.77,17.311986180388068,evening,medium,clear,normal,suburbs,12.86
6.71,12.517122137509592,morning,high,rainy,low,suburbs,13.88
1.34,5.0,evening,high,clear,normal,airport,8.38
3.29,15.115545284728743,morning,low,rainy,high,suburbs,12.15
11.88,20.182890381721116,afternoon,medium,stormy,low,suburbs,16.75
9.15,20.848805999319875,evening,medium,rainy,high,airport,35.0
5.33,9.809821803976448,evening,low,clear,normal,suburbs,9.41
18.19,49.24500871325991,afternoon,high,rainy,normal,city_center,39.73
9.57,24.174171383074192,evening,high,rainy,normal,city_center,25.94
21.44,52.86658649406536,morning,high,clear,normal,city_center,48.22
6.78,19.30118863443385,evening,low,stormy,normal,airport,24.93
13.92,14.514746247370454,afternoon,low,clear,normal,airport,24.01
5.42,9.88230042352975,evening,low,clear,normal,suburbs,11.63
12.89,29.075241715827524,night,medium,clear,low,city_center,22.16
4.66,20.064898200693456,morning,low,clear,normal,suburbs,15.05
4.88,12.614172510912798,evening,high,clear,normal,airport,17.97
15.69,48.06107039607933,evening,high,clear,normal,city_center,43.52
7.33,6.023871866219391,evening,low,clear,normal,suburbs,11.73
5.14,13.360787482576914,night,high,clear,high,airport,20.04
23.31,85.13243206089267,afternoon,medium,clear,normal,suburbs,48.32
2.03,5.0,morning,medium,clear,low,suburbs,7.47
14.56,32.97532832522299,evening,low,clear,high,city_center,36.99
14.16,36.20411072224356,afternoon,low,clear,normal,suburbs,22.07
7.01,23.959403211777268,evening,high,stormy,high,city_center,37.02
11.87,31.821633480599523,evening,medium,clear,low,city_center,23.26
3.11,7.247403505493782,evening,high,clear,normal,airport,14.31
18.31,40.88837380322708,afternoon,low,clear,normal,airport,33.79
6.32,14.45537072295961,afternoon,high,rainy,normal,suburbs,19.51
5.64,17.725731867756107,night,medium,clear,high,city_center,18.14
8.56,22.89626088862547,afternoon,medium,clear,high,airport,28.58
22.66,46.492263492927314,evening,low,clear,normal,suburbs,41.36
20.12,47.09461009986475,evening,medium,rainy,low,suburbs,33.84
23.73,48.63065955016818,morning,high,clear,high,city_center,69.35
16.65,37.843695543041065,evening,high,clear,low,suburbs,33.56
16.91,36.26515854720574,morning,high,clear,normal,airport,41.49
12.52,22.972241813935597,night,low,rainy,normal,suburbs,21.69
22.72,39.78022717326423,evening,medium,clear,normal,city_center,45.68
13.26,45.119491398521696,morning,medium,clear,low,city_center,29.94
9.52,11.427345783364348,evening,medium,clear,low,suburbs,14.72
16.37,28.996887753848313,evening,medium,clear,high,suburbs,39.4
14.11,22.880082037645327,morning,medium,clear,normal,city_center,26.53
3.98,6.429126786944673,morning,high,stormy,normal,city_center,15.68
10.43,20.8185309865813,afternoon,medium,rainy,low,city_center,19.06
8.52,19.534503365509835,evening,medium,rainy,high,city_center,28.58
21.32,35.01286251723648,morning,medium,clear,normal,city_center,38.83
10.09,19.167499405985005,evening,medium,clear,high,suburbs,25.28
20.72,42.550027334136686,afternoon,low,clear,normal,airport,39.05
11.62,25.266470834834312,night,low,rainy,normal,airport,27.84
19.08,39.41262477716708,evening,medium,clear,normal,city_center,36.28
4.25,7.567829593874524,morning,high,clear,high,city_center,13.55
23.19,41.80752893499309,evening,high,clear,normal,suburbs,46.21
12.53,19.267798315212843,afternoon,high,clear,low,city_center,23.8
7.24,8.990829506621271,afternoon,medium,clear,normal,suburbs,8.49
6.8,9.740222854965497,morning,high,clear,normal,suburbs,13.95
7.36,13.345543454650757,evening,high,rainy,normal,suburbs,17.1
9.8,18.798008730124085,night,low,clear,low,airport,22.23
18.22,25.45508279423683,morning,medium,clear,high,city_center,36.78
23.79,43.02082072012752,morning,medium,stormy,normal,suburbs,49.72
17.06,39.895616595624645,evening,high,clear,low,suburbs,32.67
14.13,23.908574161880782,night,medium,rainy,normal,suburbs,23.83
11.77,16.515568064697064,evening,high,clear,high,city_center,33.03
20.88,46.45338564081944,afternoon,low,clear,low,city_center,34.72
21.39,38.00365018102913,night,medium,clear,normal,suburbs,36.59
8.03,10.28995215649996,afternoon,medium,clear,low,city_center,11.03
23.88,67.04494572397317,afternoon,low,clear,low,airport,39.81
10.48,23.980183712306257,morning,high,clear,normal,airport,34.02
20.2,36.987904621508,morning,medium,clear,high,airport,47.8
24.2,42.69679095808464,evening,medium,clear,low,suburbs,41.47
17.89,41.32556346530698,evening,low,clear,low,airport,37.18
4.88,7.152330117633219,evening,high,clear,normal,airport,18.36
15.07,19.704477820864092,night,high,clear,high,suburbs,34.62
3.85,9.298158350872853,afternoon,high,clear,normal,suburbs,7.24
19.94,45.02462668194173,evening,medium,clear,normal,airport,42.22
7.75,14.238312321067138,evening,medium,clear,high,city_center,25.82
17.69,36.94354429176706,afternoon,medium,clear,normal,suburbs,25.51
22.84,40.819561277543635,morning,low,clear,high,city_center,54.02
5.34,13.461290111400066,evening,high,clear,low,suburbs,17.34
10.43,21.652384536612043,morning,low,clear,normal,suburbs,17.2
16.53,26.491931949079735,night,medium,clear,normal,suburbs,27.97
11.07,14.559614941175354,evening,high,clear,normal,city_center,27.25
5.2,8.130812127771456,morning,high,clear,low,city_center,17.12
1.7,5.974749399260688,morning,medium,clear,normal,city_center,5.0
10.76,18.40307063823323,evening,low,clear,normal,city_center,22.78
16.58,42.08407236493398,afternoon,high,rainy,normal,city_center,37.47
14.78,23.200611029917617,evening,medium,rainy,high,suburbs,37.72
4.75,5.0,afternoon,medium,clear,low,city_center,9.74
11.82,20.548525959220807,night,low,rainy,normal,suburbs,19.78
9.87,34.1297336834602,afternoon,medium,clear,normal,suburbs,26.59
7.58,9.124819845018688,evening,medium,rainy,normal,airport,19.4
18.5,39.33320843455065,night,low,rainy,normal,suburbs,36.6
8.43,9.68579690235876,evening,medium,clear,low,suburbs,14.63
13.96,24.83793654903571,evening,high,clear,normal,suburbs,25.99
23.16,44.866678554649646,night,medium,rainy,normal,suburbs,40.68
13.94,32.09821492000424,night,low,rainy,high,city_center,38.34
15.81,27.72427472379273,evening,high,clear,low,airport,31.34
2.76,5.0,evening,high,clear,high,city_center,12.53
5.28,10.098113127774983,morning,medium,clear,low,suburbs,5.0
3.42,11.42832092253196,night,medium,rainy,normal,suburbs,7.3
19.36,43.86191527333335,night,low,rainy,normal,suburbs,30.62
21.06,33.607976134895694,evening,high,clear,normal,city_center,38.54
5.47,13.522556616632805,evening,high,clear,high,suburbs,21.96
6.26,9.54982229949576,evening,medium,clear,normal,suburbs,10.89
8.76,24.17805038080975,afternoon,high,clear,high,suburbs,24.25
15.19,24.088183227944025,morning,medium,clear,normal,city_center,25.48
15.92,15.508111054955947,evening,low,clear,high,suburbs,30.72
17.48,32.2481856786585,afternoon,low,clear,high,city_center,39.14
22.72,42.15858110159821,afternoon,low,rainy,low,city_center,34.14
8.08,11.964170908450104,night,high,clear,normal,suburbs,17.25
16.81,37.12382182064663,morning,high,clear,high,city_center,51.98
14.43,23.48907368836395,night,low,clear,normal,city_center,23.67
8.34,17.28520821390693,evening,medium,clear,normal,suburbs,12.53
22.78,48.40747396678525,night,high,clear,normal,city_center,48.26
3.29,5.056693494494,morning,medium,clear,high,city_center,10.53
18.09,22.289632912464462,morning,high,clear,normal,city_center,28.96
18.47,29.20710272616321,evening,low,rainy,normal,suburbs,32.23
22.97,63.05426790824075,afternoon,low,rainy,normal,suburbs,46.45
13.45,25.753823758587288,evening,medium,clear,normal,city_center,29.49
8.72,21.61511255912508,evening,medium,clear,normal,suburbs,14.93
20.87,43.71315662685979,afternoon,high,clear,low,city_center,35.65
19.5,27.65566383856543,night,high,clear,normal,suburbs,31.03
13.01,24.948608787536035,afternoon,medium,clear,normal,city_center,19.21
19.43,47.7462983023004,afternoon,medium,rainy,high,airport,50.37
7.43,13.812618539206508,evening,high,clear,normal,city_center,17.78
15.15,48.31028256200856,afternoon,medium,clear,normal,suburbs,27.17
21.76,30.42586096770718,evening,medium,clear,normal,city_center,34.94
8.63,6.07782359822466,evening,low,clear,low,city_center,11.95
12.61,32.825710061412124,afternoon,medium,clear,normal,airport,25.61
23.83,38.950217458092276,afternoon,low,clear,normal,suburbs,28.23
20.16,32.311165161660035,morning,medium,clear,high,city_center,43.14
22.29,51.44442929130724,afternoon,high,clear,high,city_center,52.42
10.25,31.896202323053075,afternoon,medium,stormy,normal,airport,29.67
24.92,55.8044718619205,morning,low,clear,low,suburbs,40.0
4.66,7.387977263109584,evening,medium,clear,normal,city_center,14.24
13.45,21.64888219110948,night,medium,rainy,normal,city_center,18.02
12.5,26.338220441980223,morning,low,rainy,high,suburbs,34.54
20.16,50.866431751085656,evening,low,clear,normal,suburbs,35.27
22.81,41.60707286656713,afternoon,medium,clear,normal,airport,39.16
18.55,49.050113174889255,morning,medium,rainy,normal,suburbs,39.16
16.04,34.298860669450974,morning,medium,clear,normal,airport,31.95
11.26,27.13811194762601,evening,medium,clear,normal,city_center,25.28
13.25,30.255229856124604,morning,high,rainy,normal,city_center,33.05
13.22,23.705068599624585,night,medium,clear,normal,suburbs,26.6
1.49,5.0,evening,high,clear,normal,airport,11.8
13.07,14.442095108555208,evening,high,rainy,high,airport,35.81
21.54,50.62079857791229,evening,medium,rainy,normal,suburbs,41.73
18.02,42.27328860884292,morning,low,rainy,normal,city_center,34.93
20.1,32.5734582268066,evening,low,clear,high,city_center,37.63
10.37,16.981577038613654,morning,medium,clear,high,suburbs,22.58
13.7,41.90089482428735,afternoon,medium,clear,low,suburbs,25.32
1.8,12.437378792508824,afternoon,low,clear,normal,suburbs,5.12
10.19,25.794766617375927,morning,low,rainy,normal,city_center,25.57
12.39,40.009949381718776,evening,medium,clear,normal,suburbs,28.81
7.13,22.949586896961215,afternoon,low,clear,normal,airport,21.41
1.75,5.0,morning,high,clear,normal,suburbs,5.99
17.57,41.6826773447454,night,low,rainy,normal,suburbs,29.55
11.44,20.384613713213174,morning,low,clear,normal,suburbs,23.05
10.98,20.51208155326899,morning,high,clear,high,suburbs,30.27
7.0,6.016964305762745,morning,high,clear,high,suburbs,19.71
13.91,25.688568582863876,afternoon,high,rainy,high,suburbs,33.06
11.51,17.255025086479385,evening,high,stormy,normal,airport,21.82
12.38,24.3013102675489,night,medium,clear,high,city_center,33.33
14.94,23.894619466730223,evening,low,rainy,low,suburbs,20.68
1.15,5.0,afternoon,high,clear,low,city_center,5.0
22.78,39.78145675608956,night,medium,clear,normal,suburbs,37.4
2.71,9.931099523766246,evening,low,clear,normal,suburbs,5.0
11.82,25.35023465629031,night,high,rainy,low,airport,30.12
5.98,19.526421001888334,morning,low,clear,normal,city_center,16.2
13.57,30.82169347563486,evening,low,rainy,normal,city_center,28.84
7.73,18.213065005947175,morning,medium,clear,normal,suburbs,17.59
21.64,53.81733758177275,afternoon,low,rainy,high,city_center,47.13
10.51,19.973937297939912,night,low,clear,high,city_center,21.14
16.33,32.902604187616426,evening,medium,clear,normal,airport,37.37
6.97,13.678812867588324,evening,medium,clear,high,city_center,18.25
1.47,5.626317568204888,afternoon,high,clear,normal,suburbs,5.13
10.7,48.17782133988787,afternoon,low,clear,normal,suburbs,25.36
13.88,26.509120928790608,night,medium,rainy,high,suburbs,33.43
12.03,28.02806971104286,afternoon,high,clear,high,suburbs,27.05
24.09,44.51760842185972,morning,low,clear,high,airport,57.95
17.96,38.95771871251078,afternoon,high,stormy,high,city_center,54.46
24.9,47.19370510634298,evening,high,clear,low,suburbs,45.95
8.08,20.682540418146832,afternoon,low,rainy,high,city_center,24.95
19.94,34.12056441006378,morning,medium,clear,low,suburbs,29.88
14.33,25.363430830417173,evening,low,clear,high,city_center,29.16
15.68,37.07905581046184,evening,high,clear,low,city_center,34.73
24.66,40.95036467740875,evening,high,rainy,high,suburbs,64.12
16.7,32.50820713301554,morning,medium,rainy,high,city_center,47.55
22.57,52.417906474781155,morning,high,rainy,low,city_center,48.84
18.42,53.818649529764336,afternoon,low,rainy,low,city_center,34.77
4.06,5.935027109445687,afternoon,medium,clear,high,suburbs,8.79
17.79,36.94946501270049,morning,low,clear,normal,suburbs,31.53
12.62,15.238217132524426,night,low,clear,normal,city_center,22.09
23.05,41.957560540125655,night,medium,rainy,normal,suburbs,39.87
20.36,47.44730111493862,morning,medium,rainy,low,suburbs,44.2
3.5,5.815507547404271,evening,low,clear,high,city_center,13.67
4.21,7.946264770447099,afternoon,medium,clear,high,airport,15.79
2.67,6.791956639475952,afternoon,high,rainy,low,suburbs,7.71
12.84,22.743105173293767,evening,high,clear,normal,city_center,29.59
2.94,5.0,afternoon,medium,clear,high,suburbs,11.48
18.37,38.59426014181242,afternoon,medium,stormy,normal,suburbs,33.77
14.26,25.242072305690513,morning,high,clear,high,city_center,34.89
21.06,50.44422136474643,evening,medium,clear,normal,city_center,44.64
7.72,14.433084099074604,evening,medium,clear,high,city_center,23.89
13.46,26.803548003033317,morning,low,clear,low,city_center,22.06
3.82,8.880500284484052,afternoon,high,clear,low,airport,16.97
22.23,43.658282408219485,morning,medium,rainy,normal,suburbs,43.92
5.2,16.745718277375467,afternoon,medium,rainy,low,suburbs,11.92
3.46,5.0,morning,high,rainy,high,suburbs,10.7
5.92,10.418146099358529,evening,medium,clear,high,city_center,14.82
20.35,25.445937066365207,evening,high,clear,low,city_center,35.27
3.54,12.322981029253265,evening,medium,clear,low,city_center,11.73
15.75,27.123971878676482,afternoon,high,clear,normal,suburbs,26.61
18.91,30.156672414540985,evening,high,clear,high,city_center,44.36
19.03,25.598182502413415,evening,medium,stormy,high,suburbs,46.57
5.56,12.882310220679221,afternoon,high,rainy,normal,suburbs,14.72
2.48,5.0,afternoon,medium,stormy,normal,airport,12.26
11.77,27.403850441501408,night,medium,clear,high,city_center,29.45
5.86,9.655294668981702,evening,medium,clear,normal,airport,14.05
17.78,31.482963017870507,afternoon,high,rainy,high,suburbs,43.85
9.56,13.408231139048462,evening,high,clear,low,suburbs,21.65
11.78,19.103957297139768,afternoon,high,clear,high,city_center,26.14
3.72,5.778982301486747,morning,medium,clear,low,suburbs,5.37
14.62,25.99213089312098,evening,medium,stormy,normal,city_center,30.44
5.45,11.809046697986053,evening,medium,rainy,high,city_center,21.07
17.3,43.14463253938086,afternoon,high,stormy,normal,suburbs,43.44
2.71,5.748118064272392,morning,high,clear,high,city_center,11.95
24.42,61.00993549359423,night,high,rainy,normal,suburbs,52.72
17.43,30.934935717870538,evening,high,clear,normal,city_center,36.46
5.36,6.130550053168296,afternoon,medium,clear,high,suburbs,7.55
1.34,5.0,morning,low,rainy,high,suburbs,5.0
9.03,21.458490362409126,evening,medium,clear,high,suburbs,25.61
4.67,5.289438108333031,morning,medium,clear,high,suburbs,16.62
6.24,18.0778930703535,afternoon,low,clear,high,airport,27.59
21.95,32.206641017443104,night,low,rainy,low,suburbs,28.43
15.48,22.873371715273542,evening,high,clear,normal,city_center,28.83
5.23,12.023926564007496,night,medium,clear,normal,city_center,9.78
14.36,40.33789624589644,afternoon,high,rainy,normal,suburbs,37.78
7.14,17.963754554650144,morning,medium,clear,normal,city_center,14.5
24.43,55.88071841238586,night,high,rainy,low,suburbs,45.65
1.79,11.6301109551536,night,medium,clear,normal,city_center,11.77
18.58,26.963483752877277,evening,high,clear,normal,city_center,35.95
19.55,35.89597789177196,morning,medium,clear,normal,city_center,39.59
2.61,5.0,evening,medium,clear,normal,suburbs,5.0
5.12,14.651898984209657,morning,high,clear,normal,airport,17.66
10.22,24.375827861757834,night,low,rainy,normal,city_center,19.54
21.84,32.009642658369394,evening,medium,rainy,low,city_center,34.35
13.89,27.70199570713449,morning,high,rainy,low,suburbs,30.56
16.73,38.6175733363071,morning,high,clear,normal,airport,36.87
19.79,39.934988860164204,morning,high,rainy,low,city_center,39.93
20.87,48.625736503066335,evening,high,clear,normal,city_center,48.45
12.43,27.10931984111899,morning,high,rainy,normal,city_center,32.83
13.21,24.293739512590463,afternoon,high,clear,normal,suburbs,22.39
18.23,30.211786217185256,afternoon,high,rainy,low,airport,33.85
7.32,12.092631991157585,afternoon,low,rainy,normal,city_center,14.03
21.51,36.49316243589072,evening,medium,rainy,low,suburbs,35.98
1.5,14.553483993618167,morning,low,clear,normal,city_center,14.39
5.7,5.0,morning,low,clear,low,airport,13.25
20.2,45.27181117446869,afternoon,medium,clear,normal,suburbs,34.87
9.17,28.059536835668258,night,high,clear,low,airport,20.18
4.6,13.544460426149808,afternoon,low,clear,low,suburbs,8.2
5.48,13.738827349005357,afternoon,high,clear,high,city_center,19.67
13.74,33.48037054310173,afternoon,medium,clear,normal,suburbs,27.03
21.31,50.740459146500655,morning,high,clear,high,suburbs,57.23
2.7,5.0,evening,medium,rainy,low,suburbs,6.3
1.73,5.224344599469093,afternoon,medium,rainy,normal,city_center,5.74
12.16,25.89049781710147,night,medium,clear,normal,suburbs,24.53
23.95,37.72126142767059,evening,medium,clear,high,city_center,48.61
7.7,10.998817953176658,evening,medium,clear,normal,city_center,16.87
24.02,59.46282360737624,afternoon,medium,rainy,normal,city_center,45.55
22.3,30.46399028003101,morning,medium,clear,low,city_center,34.92
7.8,13.12862073439042,morning,medium,stormy,normal,city_center,18.78
20.61,37.256255258755786,night,medium,clear,normal,city_center,35.62
17.46,41.3496163325349,night,low,clear,normal,city_center,33.27
13.28,14.94927008932981,morning,low,rainy,high,city_center,26.81
11.15,33.37486943426113,night,low,clear,high,city_center,29.71
20.57,47.75787718282907,evening,high,clear,low,city_center,44.42
20.03,51.295220501262875,evening,high,clear,high,city_center,62.05
19.17,43.46186874979108,night,low,clear,high,city_center,37.93
24.96,57.542553057155686,night,medium,clear,low,suburbs,35.13
12.48,18.12298283321917,evening,medium,clear,high,city_center,32.49
20.37,42.995670364790364,afternoon,medium,rainy,normal,suburbs,33.29
21.7,50.29217972912755,evening,medium,stormy,normal,city_center,43.86
6.08,6.1292895226229245,morning,medium,stormy,low,suburbs,9.56
2.01,5.0,afternoon,medium,clear,high,city_center,10.52
10.71,27.042010914007037,evening,low,rainy,normal,suburbs,21.19
21.56,36.98458398361794,morning,low,clear,normal,airport,43.41
7.94,13.370708211096721,afternoon,medium,clear,high,suburbs,14.25
17.8,44.970243378074294,afternoon,low,clear,high,city_center,41.39
1.18,6.97267950603965,evening,high,rainy,normal,city_center,10.93
9.53,22.048459864095637,morning,medium,clear,normal,suburbs,20.36
15.77,29.165282061677352,night,low,clear,normal,airport,31.23
4.11,8.765737035444701,evening,medium,clear,normal,city_center,15.52
22.52,40.482139353627176,morning,medium,clear,normal,airport,45.31
4.75,11.098929823831101,afternoon,medium,stormy,high,city_center,11.26
22.84,41.63229143825454,morning,high,rainy,low,city_center,44.13
6.19,6.164247796672732,morning,medium,clear,normal,suburbs,11.92
24.86,80.87186935964272,afternoon,medium,clear,low,airport,51.71
15.51,30.202958442072703,afternoon,high,clear,normal,airport,34.15
3.02,12.661886885843023,afternoon,low,clear,low,suburbs,8.13
2.57,5.0,afternoon,medium,clear,high,city_center,10.89
2.8,5.0,afternoon,high,rainy,normal,suburbs,8.1
15.16,26.21287319985419,night,medium,clear,high,city_center,30.78
20.43,32.20544515191482,night,high,stormy,low,suburbs,39.46
10.67,11.96219259618251,morning,high,clear,normal,suburbs,17.67
11.68,16.84017273896722,evening,medium,clear,high,suburbs,21.72
15.14,27.505759598902777,morning,medium,rainy,high,city_center,39.16
13.79,26.566180031012905,evening,high,clear,normal,suburbs,27.2
17.51,28.637741599164862,evening,high,clear,high,suburbs,44.53
12.32,34.63722025636641,evening,low,clear,high,airport,34.71
18.13,42.4664847326358,evening,high,rainy,normal,airport,47.7
24.94,67.88648480130658,night,low,clear,normal,suburbs,43.53
9.41,9.054219848437326,morning,low,clear,normal,city_center,15.22
1.29,5.0,evening,medium,clear,high,suburbs,7.46
4.02,5.0,morning,medium,clear,normal,city_center,9.06
14.28,26.080168912882936,morning,medium,clear,low,suburbs,21.3
9.26,20.314599247607347,evening,high,clear,normal,city_center,19.79
23.56,39.72994403705988,afternoon,medium,rainy,low,suburbs,33.65
16.06,28.473745529963296,morning,low,clear,normal,suburbs,25.14
13.49,25.26879325664492,morning,medium,clear,normal,city_center,22.25
20.15,36.71772960366491,night,medium,clear,normal,airport,35.91
7.21,26.443789108592238,morning,low,clear,low,city_center,16.03
20.67,43.45350840986728,afternoon,high,rainy,high,city_center,51.82
1.07,5.0,afternoon,low,clear,high,city_center,9.53
15.87,23.810910937026996,night,medium,clear,high,suburbs,28.95
23.43,40.20140566243924,morning,high,clear,normal,suburbs,49.61
19.91,32.850360322427214,afternoon,high,clear,normal,airport,38.31
21.49,38.43700573526013,afternoon,medium,clear,high,city_center,42.38
10.53,15.163085470253684,evening,low,clear,high,city_center,27.01
20.78,36.06775400629525,night,low,rainy,low,suburbs,28.82
14.22,30.179544547772586,morning,medium,rainy,low,suburbs,24.39
15.84,36.6909498196565,morning,high,rainy,low,city_center,34.49
2.41,6.161088195451596,afternoon,low,clear,normal,city_center,16.55
5.84,8.30808315030635,afternoon,high,clear,low,airport,8.11
14.22,27.79917170019759,night,high,stormy,high,city_center,42.43
2.41,8.85853764228866,afternoon,high,clear,high,airport,18.06
18.79,31.346079397672266,evening,low,clear,low,suburbs,28.44
21.16,35.84567876494246,morning,low,rainy,high,suburbs,47.66
23.09,51.11532376297189,morning,medium,clear,low,airport,46.0
3.44,9.085686347576743,evening,medium,clear,low,airport,15.05
23.55,90.0,evening,high,clear,normal,city_center,66.94
2.62,7.165380007268355,morning,high,clear,high,city_center,14.74
12.38,27.528083701283272,night,medium,clear,normal,suburbs,22.49
21.17,36.92762754757749,morning,high,clear,normal,suburbs,42.18
2.69,6.840891037860139,night,high,clear,high,suburbs,7.8
1.44,5.0,morning,medium,stormy,normal,suburbs,5.0
1.6,5.0,morning,medium,stormy,normal,suburbs,5.27
13.27,21.292207390178554,night,high,clear,normal,airport,26.86
20.48,46.28225186381003,morning,high,rainy,normal,suburbs,43.98
4.06,5.0,afternoon,high,clear,low,airport,14.51
3.99,7.307155537463638,evening,medium,clear,low,city_center,7.73
14.65,24.055680963341565,morning,medium,clear,high,suburbs,30.08
6.62,16.45286205886778,evening,high,clear,normal,city_center,18.85
18.53,44.81918235690048,afternoon,low,clear,low,airport,29.97
23.79,45.558451806087994,afternoon,high,rainy,normal,suburbs,45.21
19.38,39.828494010160405,morning,low,clear,normal,city_center,36.16
22.05,56.265944866011814,afternoon,medium,clear,normal,suburbs,39.44
13.47,28.782756983397142,afternoon,medium,clear,normal,airport,25.23
20.98,51.44477301750297,afternoon,low,clear,low,city_center,30.99
5.39,8.030368026562098,evening,medium,clear,high,suburbs,14.97
2.64,5.0,afternoon,low,clear,low,airport,6.05
16.74,44.575055846997515,afternoon,low,clear,low,suburbs,26.73
2.25,6.114427684895143,evening,low,rainy,high,city_center,10.4
22.42,42.73120262135409,afternoon,low,clear,high,city_center,47.28
17.6,53.191773781510754,night,high,clear,low,city_center,33.83
23.85,76.0658635851096,evening,medium,rainy,low,city_center,50.34
8.53,13.672451373183783,night,low,clear,high,suburbs,17.96
12.67,25.31659394091437,night,low,clear,low,suburbs,21.85
18.8,55.654922027953205,afternoon,high,clear,high,suburbs,54.54
6.83,14.484524714113482,evening,low,clear,normal,airport,16.98
14.0,25.385744824858747,morning,medium,clear,high,city_center,34.64
16.83,43.47309154311245,afternoon,medium,clear,normal,suburbs,32.15
24.49,42.653780517086,afternoon,high,stormy,normal,city_center,51.02
18.87,22.710137726500186,afternoon,low,clear,low,city_center,26.04
3.84,6.953945197168895,morning,low,clear,high,suburbs,7.95
12.41,25.324912392424544,night,low,clear,normal,city_center,26.73
15.13,24.043906244223557,morning,high,clear,normal,city_center,28.65
4.52,6.519212741063098,evening,medium,clear,low,airport,13.8
11.37,22.5501704647589,night,high,clear,normal,suburbs,21.1
7.82,13.624769712356928,morning,medium,rainy,low,airport,18.92
3.85,5.174144178631459,afternoon,medium,rainy,normal,city_center,8.0
13.29,10.167829674118906,evening,high,clear,high,airport,37.43
4.98,15.795023808164018,night,low,clear,low,suburbs,7.02
15.17,24.59607627541167,night,medium,clear,normal,city_center,20.7
5.07,11.50754664903416,afternoon,high,clear,normal,suburbs,8.84
18.37,60.010141754169084,night,low,clear,low,city_center,31.71
5.69,11.889674533851196,afternoon,low,rainy,normal,suburbs,11.93
22.51,51.938257016456035,afternoon,low,clear,normal,city_center,36.61
1.63,5.0,afternoon,high,rainy,high,city_center,10.24
13.53,16.998443021298,evening,high,clear,low,airport,27.96
8.68,10.72778221208803,morning,medium,clear,high,suburbs,17.01
6.4,10.688503651304988,evening,high,clear,normal,city_center,14.04
12.32,23.510973795312186,morning,low,clear,low,suburbs,16.76
21.21,38.10026393627811,afternoon,medium,rainy,low,city_center,33.43
22.97,48.93332748065491,night,medium,clear,normal,airport,40.36
8.28,17.817919081122486,evening,low,clear,high,city_center,17.16
4.7,5.0,afternoon,medium,stormy,normal,suburbs,6.83
18.28,42.23335745101171,evening,medium,clear,high,city_center,51.07
14.97,25.475085181541225,afternoon,high,rainy,normal,suburbs,25.0
5.82,13.885340106970514,morning,high,clear,high,city_center,20.35
19.25,45.319225693853106,afternoon,low,clear,low,airport,30.01
13.45,20.25044869640577,night,low,clear,normal,suburbs,16.07
16.68,32.100379784894336,afternoon,high,rainy,low,city_center,27.55
9.62,24.18357342044074,morning,high,clear,low,city_center,23.71
11.54,25.760874997197543,evening,medium,clear,normal,city_center,19.87
5.33,14.279292960540335,afternoon,medium,clear,normal,city_center,16.45
19.16,33.81984405329708,afternoon,high,rainy,high,city_center,42.19
4.77,5.0,afternoon,low,clear,high,airport,12.39
19.68,36.52516248871969,night,low,clear,high,suburbs,36.25
20.15,41.480296228729266,afternoon,medium,clear,low,suburbs,27.37
18.92,18.618597447486493,morning,low,clear,high,suburbs,37.91
1.47,6.396741966111458,afternoon,high,clear,low,suburbs,5.0
7.56,16.80762858030893,afternoon,low,rainy,high,suburbs,16.59
12.24,32.09598963098959,morning,high,clear,low,suburbs,28.07
15.29,31.166462737984247,evening,high,rainy,normal,suburbs,31.72
23.06,42.070515840892966,evening,low,clear,high,city_center,51.02
10.01,19.34952727467124,evening,low,clear,normal,city_center,23.2
22.0,56.93084543545199,afternoon,low,clear,normal,city_center,39.84
4.92,6.517783816003073,afternoon,medium,rainy,normal,city_center,10.94
9.91,24.64282108415758,afternoon,low,rainy,normal,city_center,20.33
2.25,5.0,evening,high,clear,high,suburbs,8.01
18.82,41.77144818662453,evening,high,clear,low,city_center,34.87
4.62,9.178231154697853,afternoon,low,clear,low,suburbs,9.22
7.17,16.36621356479516,evening,low,rainy,high,airport,24.61
19.61,36.03784641895942,afternoon,low,stormy,normal,city_center,35.92
13.83,28.225817364467343,night,high,rainy,high,city_center,42.51
1.34,5.0,evening,high,clear,normal,suburbs,9.81
1.05,5.0,morning,medium,clear,high,city_center,8.28
13.26,33.017163482561784,morning,medium,clear,normal,city_center,29.18
8.32,20.68714289113377,morning,medium,clear,high,airport,25.72
5.33,13.063511684886233,morning,high,clear,normal,city_center,13.8
15.73,48.28725558834386,afternoon,high,clear,normal,city_center,35.25
6.48,11.532783247179461,morning,medium,clear,normal,city_center,15.27
15.21,30.381388838838692,evening,high,clear,low,suburbs,28.12
10.1,18.726205253079513,afternoon,low,rainy,high,suburbs,21.86
5.48,19.721792027516553,morning,low,rainy,low,city_center,14.05
4.31,16.551939875737556,morning,high,clear,high,suburbs,16.75
6.68,8.138558311005639,morning,medium,rainy,normal,airport,18.89
1.72,8.286761748921304,afternoon,low,rainy,normal,suburbs,6.82
8.4,25.426496868315695,evening,low,clear,normal,city_center,18.53
22.65,37.64081966490243,afternoon,low,rainy,normal,suburbs,33.86
20.95,35.992559272670974,morning,low,rainy,normal,suburbs,34.44
9.93,30.537764035373204,night,high,clear,normal,airport,31.25
14.82,31.35913637294951,afternoon,high,clear,high,suburbs,40.17
14.62,22.14495106702544,afternoon,medium,clear,high,city_center,27.98
20.89,35.14353336305187,afternoon,high,clear,high,suburbs,46.29
6.67,13.358173590868008,morning,low,stormy,high,suburbs,20.76
8.11,29.861019002074933,evening,low,rainy,low,suburbs,18.6
8.24,13.844092126647787,evening,medium,clear,high,suburbs,17.88
1.98,6.396466986730059,morning,medium,clear,normal,suburbs,6.86
8.55,24.451995775667488,afternoon,low,clear,normal,airport,22.77
22.07,62.36050941556609,afternoon,medium,clear,normal,city_center,38.0
22.89,43.82670482236803,afternoon,medium,clear,normal,city_center,35.92
3.63,5.0,night,low,clear,normal,city_center,10.75
11.99,24.9809650982665,afternoon,medium,clear,low,airport,25.38
10.15,11.890114692405618,night,high,stormy,normal,suburbs,16.52
12.74,21.298506366707468,morning,high,clear,low,airport,24.18
14.31,23.960659899885556,evening,high,clear,normal,suburbs,31.21
1.49,7.368359289717663,afternoon,low,clear,high,suburbs,5.0
21.21,52.47059176788832,night,low,clear,normal,suburbs,34.53
24.37,52.780074096750646,evening,medium,clear,low,city_center,44.13
16.68,43.630417660347014,evening,medium,clear,normal,city_center,39.04
16.85,31.5757734079281,morning,high,rainy,normal,airport,38.52
13.67,37.37211198542608,afternoon,high,rainy,high,city_center,41.72
9.02,19.880784228065522,evening,medium,rainy,normal,city_center,23.6
4.58,15.0204056924798,afternoon,high,stormy,low,suburbs,11.68
15.02,43.97871364631984,evening,medium,clear,normal,city_center,33.12
2.08,8.292956497929865,afternoon,medium,rainy,high,suburbs,13.01
20.79,28.35738094435782,evening,medium,clear,low,suburbs,29.08
11.1,30.791484459663153,afternoon,medium,clear,high,city_center,23.15
10.95,18.043375816191993,evening,low,rainy,high,city_center,27.23
8.85,16.83477159039903,morning,low,clear,normal,city_center,19.11
24.26,54.56103821188603,afternoon,low,clear,low,suburbs,36.67
5.2,9.912515324015972,night,medium,clear,high,airport,19.86
4.63,14.51183254258606,morning,medium,rainy,normal,city_center,15.26
4.97,8.768289885541574,night,medium,rainy,normal,suburbs,7.87
16.8,61.31728820905509,night,high,rainy,normal,suburbs,48.65
24.81,40.62734256781451,morning,medium,clear,normal,suburbs,40.77
6.65,16.1143881182621,morning,medium,clear,normal,airport,21.73
22.73,43.66736160818452,evening,medium,clear,normal,city_center,43.86
7.69,12.834998716372986,night,low,clear,normal,city_center,15.62
16.55,41.36497310082318,afternoon,medium,clear,normal,suburbs,28.08
1.97,5.0,night,medium,clear,high,airport,15.83
12.9,21.19160740161541,morning,high,clear,high,suburbs,33.76
16.71,37.29180515376421,afternoon,high,clear,normal,suburbs,32.59
13.87,30.854819147500155,night,low,clear,normal,city_center,27.0
6.71,8.36836435105267,afternoon,medium,clear,high,airport,18.28
20.88,42.98719245500973,evening,high,rainy,normal,suburbs,48.43
24.28,58.08970595806882,morning,high,clear,high,airport,75.56
12.02,18.776831152417348,afternoon,high,clear,low,suburbs,17.68
16.26,31.417726915394717,night,high,clear,normal,airport,37.17
19.97,41.783486814858335,morning,low,clear,normal,suburbs,32.61
6.8,7.380032531434868,evening,medium,rainy,normal,city_center,14.17
21.75,52.20996095366074,night,high,clear,high,city_center,58.39
7.72,7.916437247556166,evening,high,clear,normal,city_center,17.89
19.62,30.930991559959025,night,high,clear,normal,airport,40.9
3.69,5.347830773649075,night,medium,clear,low,airport,10.01
7.92,14.400791028054893,morning,medium,clear,normal,airport,18.27
13.81,29.560438315132537,evening,medium,clear,high,city_center,39.37
13.6,27.52920492215553,afternoon,high,clear,low,suburbs,26.95
21.41,90.0,evening,medium,stormy,normal,suburbs,70.56
24.91,49.92516299861494,evening,low,clear,normal,city_center,42.97
3.57,5.016690473551472,morning,medium,clear,high,suburbs,8.54
7.51,15.188663523234018,evening,high,clear,low,city_center,14.55
9.58,14.052610230980846,afternoon,high,clear,normal,suburbs,16.21
12.49,16.39871624152847,evening,medium,rainy,high,suburbs,24.08
12.85,35.06936843708133,afternoon,high,clear,high,suburbs,34.47
21.55,40.8225440553044,afternoon,low,rainy,high,city_center,44.75
19.49,39.86833948175261,evening,medium,rainy,low,suburbs,29.56
1.45,5.0,afternoon,low,rainy,normal,suburbs,5.21
11.92,15.298687600873482,night,medium,clear,normal,city_center,21.97
15.83,18.897849660967523,evening,high,rainy,normal,city_center,31.87
12.05,16.857098851850825,night,high,clear,normal,suburbs,23.04
4.14,6.483600122325711,evening,medium,clear,low,city_center,7.36
10.54,17.599469166865614,night,medium,clear,normal,suburbs,13.39
10.88,20.272732282920664,morning,high,clear,normal,city_center,27.38
5.51,9.71502171171706,evening,high,clear,normal,city_center,15.13
19.15,43.541445224213135,morning,high,clear,high,suburbs,54.1
8.71,20.209390180613724,afternoon,medium,clear,normal,airport,20.69
15.14,22.7987196745236,night,high,clear,normal,suburbs,23.75
13.38,17.865245376343047,evening,medium,rainy,normal,suburbs,23.69
22.06,33.545675487249056,evening,medium,rainy,normal,city_center,39.88
3.93,18.55150141247953,evening,high,clear,normal,suburbs,15.44
3.74,5.0,morning,medium,clear,normal,suburbs,6.71
8.21,14.116958566664797,night,medium,clear,normal,suburbs,15.14
11.35,23.21761677404868,morning,low,clear,normal,airport,26.54
8.17,9.22376584667868,morning,medium,clear,normal,airport,19.37
19.32,51.23969213584624,morning,medium,rainy,normal,suburbs,41.5
6.89,11.292939300126301,night,low,rainy,high,airport,20.42
3.03,9.077382105236872,afternoon,high,clear,normal,suburbs,7.89
10.93,27.245008466267876,afternoon,high,clear,normal,airport,27.93
19.56,40.20833260356647,afternoon,high,clear,normal,suburbs,31.98
21.41,31.77921874098806,morning,medium,clear,normal,airport,39.68
18.6,28.232353626398265,morning,medium,clear,low,city_center,28.52
14.39,27.061125874357106,morning,medium,clear,normal,city_center,31.66
18.38,32.70958860475413,afternoon,medium,clear,low,airport,27.34
17.35,42.09713597830313,morning,low,clear,high,city_center,40.85
6.62,9.440365422594686,afternoon,medium,clear,normal,city_center,10.45
14.22,24.4589185203355,afternoon,low,rainy,low,suburbs,20.23
19.49,79.9990385387685,afternoon,low,clear,normal,city_center,42.47
8.61,21.35940092901199,night,medium,clear,normal,suburbs,12.52
16.7,30.05116203166065,morning,low,clear,high,city_center,34.66
12.56,33.887233660127684,afternoon,high,clear,normal,city_center,30.94
13.08,66.10381598296331,morning,low,clear,normal,city_center,43.55
3.16,8.635094834133954,night,medium,clear,high,airport,16.56
16.99,36.56124464485923,night,low,clear,high,city_center,37.33
21.78,45.26794260962055,morning,medium,rainy,low,city_center,39.69
4.39,11.461420593045265,morning,low,clear,normal,city_center,9.85
9.79,27.445846815458793,morning,high,clear,normal,airport,33.17
2.17,5.0,morning,high,clear,high,city_center,14.82
1.71,10.29419088500797,morning,high,rainy,normal,airport,12.51
24.75,37.33649066073554,morning,low,rainy,normal,city_center,42.55
12.84,34.44567978382326,morning,medium,rainy,low,city_center,26.15
9.53,18.02154750360669,morning,high,clear,normal,city_center,23.65
7.6,16.736638449024056,afternoon,medium,clear,low,city_center,13.1
24.52,58.38601097296651,afternoon,low,clear,normal,airport,42.25
7.05,19.654176148858724,afternoon,medium,stormy,high,suburbs,21.83
18.42,46.79435648218554,night,high,stormy,high,suburbs,54.51
7.81,8.799623381610806,afternoon,low,rainy,low,city_center,11.72
2.69,5.708575613835045,afternoon,low,rainy,normal,city_center,7.05
17.4,26.128339390422084,night,medium,clear,high,suburbs,35.6
1.04,5.0,afternoon,low,clear,low,city_center,5.92
17.22,42.45982102630497,morning,medium,rainy,low,airport,37.61
7.01,8.603972984441516,evening,medium,clear,low,suburbs,13.31
18.91,27.065407996355752,afternoon,medium,clear,normal,city_center,29.98
19.47,33.59483398863705,afternoon,low,clear,high,city_center,39.57
18.38,54.16937635802816,evening,medium,rainy,high,city_center,53.21
1.59,5.0,evening,medium,clear,normal,city_center,8.93
17.89,32.95767924632074,evening,medium,clear,high,city_center,46.47
24.76,61.11704697937259,afternoon,high,clear,low,suburbs,39.22
6.82,19.924558532288007,morning,medium,clear,normal,suburbs,13.1
7.58,10.059382713846958,afternoon,medium,rainy,high,city_center,21.95
20.52,48.88971198177565,afternoon,low,rainy,normal,suburbs,35.78
4.85,8.695604341959193,evening,high,rainy,normal,airport,15.76
16.85,27.655760077507722,evening,medium,clear,normal,suburbs,25.61
19.12,35.12420322073285,afternoon,medium,clear,high,suburbs,36.35
1.89,5.0,night,medium,clear,normal,city_center,5.0
14.29,35.07429783545265,afternoon,low,stormy,high,suburbs,36.63
14.82,23.618685327927757,night,high,clear,normal,airport,33.63
8.28,11.249239975784086,morning,low,clear,normal,suburbs,17.23
22.03,48.48781315851064,evening,medium,rainy,high,suburbs,51.72
4.91,7.695961754218768,evening,high,clear,high,suburbs,16.17
9.74,15.830553326853376,evening,medium,clear,normal,airport,22.75
21.37,38.40221454032081,evening,low,clear,low,city_center,35.06
5.58,5.0,evening,high,clear,low,city_center,5.34
20.71,49.84679368257963,evening,medium,clear,low,city_center,37.85
2.9,5.0,night,low,clear,normal,suburbs,5.0
12.74,21.440410360729008,morning,medium,clear,normal,suburbs,19.78
2.81,11.301815159940979,afternoon,medium,clear,normal,suburbs,12.55
17.27,45.942432811709736,evening,medium,clear,normal,suburbs,39.9
19.97,38.70390136374531,afternoon,medium,clear,low,suburbs,28.44
21.4,35.57861372988788,morning,high,rainy,high,suburbs,51.07
24.55,40.729690483117814,morning,low,clear,normal,airport,42.25
17.13,42.91751758104034,afternoon,medium,clear,normal,city_center,36.05
19.46,45.69318078893221,evening,high,clear,normal,city_center,44.16
13.14,18.939007799028204,evening,high,clear,low,suburbs,19.69
22.91,44.33892034891951,morning,medium,clear,normal,city_center,42.45
16.45,26.753111880986825,afternoon,low,clear,high,city_center,31.41
22.21,57.775316395010904,morning,high,clear,normal,suburbs,48.46
6.65,6.6174885624604105,night,high,clear,low,airport,13.92
12.92,23.94377545024751,evening,high,clear,normal,city_center,24.99
18.52,36.00497306986569,morning,medium,stormy,low,airport,45.62
5.87,7.87436399688419,afternoon,high,clear,high,airport,17.05
6.07,17.078710169578244,night,medium,clear,normal,suburbs,11.93
24.47,56.704103926456305,evening,low,clear,normal,suburbs,43.51
11.43,24.70601608471165,afternoon,high,clear,high,airport,35.7
5.36,25.133623971342104,evening,medium,clear,high,city_center,18.33
8.96,12.601621393052042,afternoon,low,rainy,normal,city_center,14.9
10.54,34.331117798276594,night,high,clear,normal,city_center,27.96
15.95,29.027889439056697,night,high,rainy,high,city_center,42.96
23.15,37.2282389297382,morning,high,clear,low,city_center,41.24
24.68,46.979233006482815,evening,low,clear,normal,suburbs,38.58
16.64,40.11606895980413,evening,medium,rainy,normal,city_center,35.9
17.8,34.4848684589816,morning,high,clear,high,suburbs,49.03
8.72,12.801162371722596,night,high,clear,low,suburbs,14.68
21.57,32.78927478390281,afternoon,high,clear,normal,suburbs,34.7
6.23,15.904270888589508,afternoon,medium,clear,normal,suburbs,15.91
3.55,5.0,night,medium,clear,high,city_center,12.63
24.36,49.94432222168755,evening,medium,clear,high,airport,60.59
21.74,41.021241327320354,afternoon,low,clear,normal,city_center,32.44
8.29,19.95889304385485,afternoon,medium,rainy,low,airport,20.51
17.2,23.68432633919469,evening,medium,rainy,high,suburbs,34.92
12.21,17.652296687220353,evening,medium,clear,normal,city_center,22.11
8.76,17.548357928337147,morning,medium,clear,high,suburbs,23.45
7.88,23.978494931838515,evening,low,rainy,normal,city_center,17.55
4.26,11.999145277109358,evening,high,clear,low,city_center,14.77
14.18,15.69322912854701,evening,low,clear,low,airport,25.75
11.72,24.277809027246754,afternoon,low,clear,low,city_center,13.21
13.29,26.225954767529455,night,low,clear,normal,airport,27.73
6.17,5.0,morning,medium,clear,normal,airport,18.95
23.53,40.32312652447065,evening,high,clear,normal,city_center,46.93
16.33,29.335707778999243,afternoon,high,rainy,high,suburbs,35.84
22.59,46.912694930842534,night,medium,clear,normal,suburbs,39.17
3.62,19.41296316541068,night,medium,clear,low,airport,14.3
15.95,21.8041818239961,night,low,clear,low,airport,26.51
21.39,43.1409450537756,afternoon,medium,clear,normal,city_center,36.83
8.94,15.12462573079932,evening,low,clear,normal,suburbs,12.79
5.68,5.947812273279447,afternoon,low,clear,high,city_center,12.9
7.36,18.7145058798568,afternoon,high,clear,normal,airport,18.72
7.55,30.084286457932322,night,high,clear,normal,airport,23.3
11.73,33.652528433152796,evening,high,clear,high,suburbs,40.42
8.82,19.69699167843675,evening,medium,clear,low,airport,21.51
7.51,16.006362169660736,morning,medium,stormy,normal,suburbs,11.41
16.56,27.25703363579763,afternoon,medium,rainy,low,airport,29.87
2.27,5.799027804803622,morning,high,clear,low,suburbs,5.0
9.17,21.63078414971837,morning,low,clear,high,city_center,25.19
17.55,40.71501953830152,night,low,clear,high,suburbs,37.53
5.22,7.0497704895662885,evening,medium,rainy,normal,city_center,14.41
6.3,9.966169609273289,morning,medium,clear,normal,city_center,14.9
5.82,10.726129035528649,afternoon,medium,clear,high,airport,19.12
1.02,7.421527828322775,afternoon,high,rainy,high,airport,14.68
12.37,35.94812883192788,morning,high,clear,normal,suburbs,31.02
1.94,12.17770624955165,evening,medium,stormy,high,city_center,16.65
7.55,19.17383204784469,morning,medium,rainy,normal,airport,23.2
24.88,46.6316796375092,morning,medium,rainy,normal,city_center,49.38
23.04,48.21416431464518,morning,medium,clear,high,airport,63.38
6.16,23.808259618454876,evening,high,clear,low,suburbs,20.2
8.44,6.804891659240939,morning,low,rainy,normal,city_center,14.7
12.13,23.48998411594876,afternoon,low,clear,low,suburbs,20.85
21.27,21.4686287727651,night,medium,rainy,low,airport,29.77
20.26,42.46466404975811,evening,medium,clear,low,airport,38.48
4.03,11.263449468060493,morning,low,rainy,normal,suburbs,11.72
3.99,10.253871551136067,night,low,rainy,normal,city_center,9.92
11.0,5.565971600371469,afternoon,high,clear,low,city_center,17.19
21.88,40.227617670361525,evening,high,clear,normal,airport,48.64
22.17,44.35404934356512,morning,high,rainy,high,suburbs,58.1
3.58,7.77188858537194,morning,medium,clear,normal,suburbs,5.49
14.78,22.356769591440127,morning,low,clear,low,suburbs,23.54
4.74,5.4206964390592525,afternoon,high,rainy,normal,city_center,8.44
17.47,34.88268099039038,afternoon,low,rainy,low,city_center,26.61
22.99,42.40371784176461,afternoon,high,rainy,normal,suburbs,40.57
11.91,26.205150495626217,afternoon,medium,clear,high,airport,32.68
2.99,7.002338387025393,afternoon,low,clear,high,airport,13.33
14.9,18.622169323760176,afternoon,medium,rainy,low,city_center,18.66
10.8,25.433082331566865,morning,medium,clear,high,suburbs,24.96
20.46,48.271734719615296,evening,high,clear,normal,city_center,48.93
9.17,24.071952961180212,night,high,clear,high,suburbs,26.6
22.0,57.38824802038789,night,low,rainy,normal,suburbs,37.01
7.57,8.703430879179397,morning,high,clear,normal,city_center,16.78
4.78,16.530304632055447,afternoon,high,clear,high,airport,22.64
8.36,16.122775673036926,morning,high,rainy,normal,city_center,20.19
1.84,5.0,evening,medium,rainy,low,airport,10.43
7.75,18.508258180328657,afternoon,medium,clear,high,airport,26.37
16.84,38.8974845173165,night,medium,rainy,high,airport,45.99
4.41,16.996691472789735,night,medium,clear,low,suburbs,6.81
3.67,12.246229158522524,afternoon,low,rainy,normal,suburbs,9.17
4.18,7.40590977429853,afternoon,medium,clear,high,city_center,14.27
2.86,8.084774728523987,afternoon,high,clear,normal,city_center,6.23
21.99,42.5397408383747,evening,medium,clear,normal,airport,45.85
23.66,46.6407980871934,evening,high,clear,normal,city_center,49.48
2.12,5.1820081277997225,morning,high,clear,normal,suburbs,5.0
19.24,46.13840167900043,morning,high,rainy,normal,city_center,49.0
18.69,33.625426411024144,evening,low,clear,low,city_center,27.48
24.93,55.73886580793596,afternoon,medium,rainy,normal,city_center,44.1
9.35,17.334238557349707,evening,high,clear,normal,suburbs,21.01
7.85,11.364451010738158,afternoon,low,clear,low,suburbs,10.75
11.87,27.10735220366105,morning,low,clear,low,suburbs,18.4
21.56,69.91488879564108,morning,medium,stormy,normal,suburbs,58.81
18.49,31.032357856648307,evening,low,clear,low,city_center,26.31
12.32,33.25099737924517,afternoon,high,stormy,low,suburbs,26.16
6.87,14.560199398525175,morning,high,clear,low,city_center,18.32
18.45,24.035066340909243,morning,medium,clear,high,city_center,38.78
21.51,48.48498749447556,night,high,rainy,normal,suburbs,43.71
10.6,25.058675782462508,afternoon,high,rainy,normal,city_center,23.31
17.05,25.768759394903796,night,medium,clear,normal,suburbs,21.04
10.61,8.988746609898428,night,low,stormy,normal,city_center,19.77
12.48,22.622743525326538,morning,high,clear,high,suburbs,30.55
13.6,20.54915361284839,night,high,clear,high,city_center,32.56
19.62,34.15727696941933,afternoon,low,clear,normal,suburbs,22.11
24.46,49.18714215186736,evening,high,clear,high,airport,70.31
11.66,31.279446186087768,afternoon,medium,clear,normal,airport,23.4
9.22,26.252273529356266,evening,high,rainy,high,city_center,29.6
9.97,21.031853874003023,evening,medium,clear,normal,city_center,18.58
4.21,9.330875360486592,morning,high,rainy,normal,airport,12.52
8.13,15.393817999081119,afternoon,low,clear,high,city_center,18.03
3.07,5.0,morning,medium,clear,high,suburbs,9.28
11.27,18.15371593933747,morning,medium,clear,low,city_center,18.9
5.02,12.015084297707034,evening,medium,clear,normal,city_center,11.23
9.31,23.997915135029192,evening,low,rainy,normal,airport,27.0
20.05,38.154170797472226,afternoon,medium,clear,normal,airport,35.13
6.9,22.135456266166365,morning,high,rainy,normal,city_center,24.66
15.69,30.36069527608413,night,low,clear,high,suburbs,26.61
22.63,34.2176057350719,afternoon,low,clear,high,suburbs,39.82
14.61,35.87812843797924,evening,high,clear,normal,city_center,35.53
5.65,7.306007646843382,morning,low,clear,normal,airport,12.79
9.27,11.080062678929535,evening,medium,clear,high,suburbs,22.52
15.17,28.565962478127425,evening,high,clear,high,airport,45.36
13.16,39.446486157705834,morning,medium,clear,low,city_center,28.0
4.57,7.614113993847633,afternoon,medium,clear,normal,city_center,10.5
11.72,26.65626245030973,morning,low,clear,high,city_center,34.78
14.03,26.82238961607706,morning,high,clear,low,suburbs,25.11
7.42,5.0,evening,high,clear,normal,airport,18.15
15.7,31.199056933655132,evening,low,clear,low,airport,32.43
2.68,5.0,evening,medium,rainy,normal,airport,11.52
9.08,22.22239965850056,afternoon,low,rainy,low,airport,22.42
20.3,55.37630848094474,afternoon,low,rainy,high,suburbs,47.26
7.22,16.73609553851045,afternoon,high,clear,normal,suburbs,15.95
15.52,32.177325924257005,afternoon,high,rainy,high,city_center,40.23
10.84,40.08239452598595,afternoon,high,clear,high,city_center,35.84
8.6,9.32697314291795,afternoon,high,rainy,normal,suburbs,14.44
22.99,36.12818170815387,night,medium,clear,normal,airport,37.11
9.24,25.667122277322463,afternoon,low,clear,high,suburbs,19.97
6.68,10.12756031599803,afternoon,medium,clear,normal,suburbs,10.25
22.82,59.70854812289229,afternoon,medium,clear,low,suburbs,35.88
18.9,49.841740858079426,evening,high,rainy,high,airport,66.72
17.36,19.02616656417119,evening,high,clear,normal,suburbs,28.57
2.19,5.0,evening,medium,clear,high,suburbs,11.67
4.15,5.0,afternoon,medium,rainy,high,suburbs,6.51
16.32,30.53701436655511,morning,high,clear,normal,city_center,32.5
6.03,7.139270471642927,evening,medium,clear,normal,city_center,13.0
6.42,5.0,night,medium,rainy,normal,city_center,14.44
19.7,43.050867263944504,night,low,clear,low,airport,31.91
7.86,17.164058878727033,night,medium,clear,normal,suburbs,18.31
2.72,5.0,afternoon,high,clear,normal,city_center,9.95
1.87,5.0,morning,medium,clear,high,suburbs,8.82
11.64,24.577821968503045,evening,high,stormy,high,city_center,40.98
15.81,23.289367785817287,evening,high,stormy,normal,suburbs,35.19
21.85,35.23704245626361,morning,low,clear,normal,suburbs,33.11
3.66,13.359116484561122,evening,medium,clear,high,suburbs,12.56
5.72,11.543257838226452,night,medium,clear,low,suburbs,8.48
13.72,39.753284798391135,morning,low,rainy,high,suburbs,37.69
9.74,25.808470726023437,afternoon,medium,rainy,normal,city_center,22.24
12.58,20.48600486514767,afternoon,medium,clear,normal,city_center,23.45
23.18,37.80657182597567,morning,medium,rainy,normal,airport,42.64
14.08,27.049601695243783,evening,medium,clear,high,city_center,32.58
10.96,23.82243423971416,evening,medium,clear,low,suburbs,22.6
24.75,54.72699740580267,morning,low,clear,high,airport,61.72
2.57,5.0,night,high,rainy,normal,suburbs,8.74
23.37,54.95179076858727,afternoon,high,clear,normal,city_center,44.84
13.04,14.234960624895587,evening,low,clear,normal,suburbs,23.71
13.09,25.285651081616063,evening,high,clear,normal,city_center,29.2
23.13,51.45912487764921,night,high,clear,normal,city_center,48.54
13.18,30.54611417882016,morning,low,rainy,high,suburbs,36.13
11.52,24.574554535562203,evening,medium,clear,normal,city_center,19.65
7.54,17.82795075721383,evening,low,clear,normal,city_center,12.44
16.81,35.39683926403566,night,medium,rainy,low,suburbs,25.51
14.67,34.63779899924547,evening,medium,rainy,normal,suburbs,30.48
6.14,5.0,night,low,clear,normal,airport,13.62
18.03,35.00021616248553,morning,medium,rainy,high,suburbs,46.69
16.46,38.77313999107376,afternoon,low,clear,low,city_center,23.0
10.54,20.613171994659986,afternoon,medium,clear,normal,city_center,16.14
1.11,5.0,afternoon,high,rainy,low,suburbs,5.0
11.72,29.830448002502468,evening,medium,clear,low,suburbs,24.67
1.15,10.150489715849826,afternoon,high,stormy,high,city_center,13.89
2.8,5.0,morning,low,rainy,normal,suburbs,5.0
11.33,27.510902942163668,evening,medium,clear,normal,city_center,26.46
2.97,5.180519122990963,morning,low,rainy,low,city_center,6.36
7.62,15.49582300257184,morning,medium,rainy,low,city_center,12.36
16.73,35.28631575087881,evening,medium,clear,normal,city_center,32.55
8.41,28.301268041709946,evening,medium,clear,normal,suburbs,20.32
24.94,43.4121178233559,afternoon,medium,rainy,low,airport,41.43
22.99,48.11784001296762,evening,medium,clear,normal,suburbs,41.59
15.05,26.956451407426442,afternoon,low,clear,normal,airport,29.77
24.21,52.73737714021189,morning,low,clear,high,suburbs,58.53
21.83,33.50922139780995,afternoon,low,clear,normal,suburbs,27.92
8.65,19.13986606024089,morning,high,clear,normal,suburbs,19.58
18.99,44.26968764459751,evening,high,clear,normal,city_center,45.81
4.28,11.247687711196933,evening,low,rainy,low,airport,14.47
17.43,38.585295217939816,afternoon,medium,stormy,normal,city_center,37.07
12.79,35.40681928464166,afternoon,medium,clear,normal,suburbs,26.42
1.4,12.036211739378508,morning,medium,rainy,high,suburbs,6.84
7.58,12.970133271537053,night,medium,clear,high,suburbs,18.33
23.93,43.43430900878917,evening,high,rainy,normal,airport,55.39
8.58,18.215805938220495,evening,low,clear,high,suburbs,22.37
5.35,18.993173494444072,afternoon,medium,clear,normal,city_center,14.81
5.5,22.724336053117007,evening,low,clear,low,airport,19.37
12.5,36.34374741092206,evening,medium,rainy,normal,city_center,34.93
21.22,46.847926922357225,afternoon,low,clear,high,suburbs,43.84
19.19,29.094312907737997,afternoon,low,clear,normal,city_center,26.35
11.48,27.192127083614324,afternoon,high,clear,high,suburbs,29.09
6.01,10.468788857860671,afternoon,medium,rainy,normal,suburbs,10.25
2.11,5.0,morning,medium,clear,normal,suburbs,9.35
12.1,17.278548892834152,afternoon,medium,clear,normal,city_center,16.5
20.55,34.332254561335425,evening,low,clear,normal,airport,41.76
18.51,54.463954669103785,morning,high,clear,high,city_center,61.4
10.81,25.414961023163116,morning,medium,clear,normal,suburbs,16.65
15.27,22.8331268864291,evening,high,clear,high,airport,46.02
11.47,16.952029491097665,afternoon,high,clear,normal,suburbs,21.49
14.9,26.174711615555548,afternoon,medium,stormy,normal,city_center,26.86
13.42,19.71434692438897,night,medium,clear,normal,suburbs,21.03
17.34,46.609566113515115,afternoon,low,rainy,high,city_center,44.52
13.19,29.122558796373987,afternoon,low,clear,low,city_center,23.56
23.57,41.72177576987812,morning,low,clear,normal,city_center,39.5
11.27,20.318689520358657,afternoon,medium,clear,low,suburbs,19.53
1.38,10.47432482744153,afternoon,high,clear,normal,city_center,8.53
6.67,8.051770032977787,night,high,clear,high,suburbs,18.95
13.01,29.50930088255582,night,medium,rainy,normal,suburbs,20.63
13.97,26.043284457938114,afternoon,low,stormy,normal,suburbs,27.95
14.26,27.142216313967932,afternoon,low,rainy,high,city_center,26.54
18.15,29.068332477063567,morning,high,clear,normal,suburbs,32.85
7.59,20.360022457274045,evening,low,clear,high,airport,28.75
16.96,37.86938280429196,night,medium,rainy,low,suburbs,28.3
17.9,42.289979389170185,afternoon,high,clear,high,suburbs,47.02
10.87,26.528530604376517,night,high,clear,high,airport,32.58
10.65,20.573536900841276,morning,low,clear,high,suburbs,22.85
5.29,8.36099094587679,evening,high,clear,normal,suburbs,11.33
10.94,18.61513566852601,morning,medium,clear,normal,city_center,17.33
19.88,42.37630142363755,evening,high,clear,low,suburbs,40.86
22.82,43.47144306465941,evening,low,clear,normal,suburbs,38.12
15.25,29.581537447438357,evening,low,clear,normal,city_center,25.19
8.18,22.298277355888764,evening,high,clear,normal,suburbs,20.87
17.37,44.82731553151459,morning,medium,clear,low,suburbs,31.87
18.76,39.120971849950195,afternoon,high,clear,low,city_center,33.77
8.97,22.390809564899904,evening,medium,clear,high,city_center,26.14
20.84,51.997312083108696,evening,medium,rainy,high,airport,59.56
2.77,5.0,night,medium,clear,normal,city_center,7.26
1.26,6.8969764584560895,evening,high,clear,normal,suburbs,12.26
3.95,12.259642215123089,afternoon,low,rainy,high,suburbs,12.92
4.74,16.19633581893773,afternoon,medium,clear,normal,city_center,10.26
22.09,34.02478732057554,evening,low,clear,normal,airport,41.87
11.2,23.493855863508468,morning,low,clear,normal,city_center,28.04
7.6,22.089199170078846,afternoon,low,clear,normal,suburbs,16.03
11.3,10.669286945253758,morning,low,clear,normal,city_center,17.73
10.48,6.778532242986339,morning,medium,stormy,normal,suburbs,13.54
8.24,22.435226434817903,evening,medium,clear,high,suburbs,23.81
4.31,5.0,afternoon,medium,clear,normal,airport,9.21
16.74,27.281565430786785,night,low,rainy,normal,suburbs,26.73
4.28,14.874290135505749,night,medium,rainy,high,airport,14.66
19.61,27.65864982158458,evening,high,clear,high,suburbs,48.06
5.84,5.0,evening,high,clear,low,suburbs,5.73
18.55,38.68077462667053,morning,medium,clear,high,city_center,46.37
20.33,37.61828131708073,afternoon,medium,clear,normal,suburbs,34.93
4.01,7.344394303138422,evening,medium,clear,normal,airport,11.61
3.08,10.483540473624883,afternoon,medium,clear,normal,city_center,7.83
23.79,56.212107198708665,afternoon,high,clear,normal,city_center,47.89
12.11,32.01429918289185,night,medium,clear,high,city_center,30.65
16.13,36.333970194873494,evening,high,clear,normal,airport,43.59
1.56,6.430899678316865,morning,medium,rainy,high,city_center,9.34
7.69,16.350338373171347,evening,medium,rainy,high,airport,28.94
13.13,26.277191511362172,evening,high,rainy,normal,airport,35.74
22.27,46.20097940154932,night,high,rainy,low,airport,45.22
7.51,22.28996610183801,evening,medium,clear,low,suburbs,16.33
19.6,34.79852201410698,morning,high,rainy,normal,suburbs,41.63
16.89,23.248354390765158,evening,high,rainy,normal,city_center,33.13
3.77,6.609663502574674,evening,medium,clear,high,city_center,15.42
8.04,20.668982520173245,afternoon,high,clear,low,city_center,14.09
6.71,11.583467061956483,evening,low,rainy,low,city_center,17.31
11.62,26.08334641591179,afternoon,high,clear,high,suburbs,26.62
16.25,36.13300609565109,night,medium,clear,high,suburbs,39.61
11.4,20.97468474384749,night,low,rainy,high,suburbs,29.81
6.87,8.726378177211277,morning,low,clear,normal,airport,20.95
17.7,33.53900550407754,afternoon,high,clear,high,suburbs,35.78
15.03,29.600388775991426,morning,low,rainy,low,city_center,26.51
13.46,22.840536416049016,afternoon,low,clear,high,city_center,27.07
14.31,20.67638414704121,morning,low,clear,low,airport,29.38
6.33,11.121521551504442,afternoon,low,clear,normal,city_center,8.48
17.33,33.03622114140776,morning,low,clear,normal,city_center,31.05
10.3,18.289768540343676,evening,medium,rainy,low,suburbs,15.59
9.72,30.5727106156166,morning,medium,rainy,normal,airport,29.56
4.59,15.868466483702484,afternoon,medium,clear,normal,suburbs,9.59
15.32,25.887487567304078,morning,high,clear,normal,city_center,32.32
15.46,35.828655987610304,afternoon,low,clear,normal,airport,29.2
9.17,23.537679924826428,morning,high,clear,low,suburbs,16.75
21.64,45.25947652196605,night,high,rainy,high,suburbs,59.03
21.29,58.128127822269285,afternoon,high,rainy,high,suburbs,54.72
3.62,5.317444253485033,night,low,clear,high,suburbs,9.24
17.68,50.31254837909643,morning,high,clear,normal,airport,47.32
10.45,6.42756761429364,morning,high,clear,normal,city_center,20.11
24.99,50.89714361756408,evening,medium,clear,high,city_center,65.41
6.4,17.952435126721056,afternoon,high,clear,high,city_center,16.4
7.73,12.93873335397834,morning,low,clear,high,suburbs,16.47
11.61,13.998547195875009,morning,medium,clear,normal,suburbs,18.15
7.45,19.87447771020278,night,low,clear,normal,airport,17.73
17.61,48.72986754071879,afternoon,low,clear,normal,city_center,33.96
12.54,24.129797303724537,afternoon,high,clear,normal,suburbs,23.05
6.3,5.0,night,medium,clear,normal,airport,12.57
13.15,20.00666376508332,evening,high,rainy,high,suburbs,32.34
22.33,47.632183783394325,evening,medium,clear,high,suburbs,48.46
20.02,88.05814390052691,afternoon,high,clear,normal,city_center,56.37
12.97,27.07872692704148,evening,medium,clear,normal,suburbs,23.16
7.92,14.070249117924224,evening,medium,clear,normal,city_center,21.35
5.32,5.0,morning,low,rainy,high,suburbs,15.28
22.08,35.86898611904378,evening,low,clear,normal,city_center,35.76
18.04,35.25599920973146,night,high,clear,high,suburbs,43.91
14.73,24.74567128705661,afternoon,medium,clear,low,suburbs,17.85
22.11,27.34597550291955,afternoon,medium,clear,high,city_center,39.14
3.92,14.992742451721947,afternoon,medium,clear,normal,city_center,10.45
17.38,24.637010136660372,evening,medium,clear,normal,suburbs,27.92
6.2,21.643743213712074,evening,medium,clear,high,city_center,24.64
3.89,13.802310335320232,afternoon,high,clear,low,city_center,16.36
12.17,30.438730273891807,morning,high,clear,low,suburbs,24.21
10.3,33.68314802397499,afternoon,high,clear,low,city_center,19.45
23.59,46.32734221903431,afternoon,medium,clear,low,city_center,33.56
8.78,16.17568633545347,evening,high,clear,high,suburbs,25.04
20.56,36.4006587829721,afternoon,medium,clear,low,suburbs,29.04
18.97,37.481489501101734,afternoon,low,rainy,high,suburbs,41.5
17.03,37.32984212360403,afternoon,high,rainy,high,airport,45.29
23.09,80.77346465312621,afternoon,high,rainy,low,suburbs,51.39
10.79,26.959944052639877,evening,medium,clear,normal,suburbs,27.3
10.35,16.096617672636512,evening,low,clear,high,city_center,24.94
4.86,11.675274480248213,evening,medium,clear,normal,airport,13.51
7.62,11.591558096619295,morning,medium,rainy,high,airport,20.17
22.11,32.94466057016101,evening,high,rainy,high,suburbs,55.21
12.39,28.450003105325056,afternoon,medium,clear,low,suburbs,23.19
9.19,26.00317300187152,morning,medium,rainy,normal,suburbs,21.44
6.19,18.436696958070407,evening,low,clear,low,suburbs,10.98
12.64,17.985589011622153,morning,high,clear,high,suburbs,28.43
18.2,34.03924970081612,morning,medium,rainy,normal,airport,43.99
7.88,14.40797128623108,morning,low,rainy,normal,city_center,11.5
19.19,50.47310935888317,evening,low,rainy,low,suburbs,34.28
16.11,25.15859198226883,morning,medium,clear,normal,city_center,25.71
19.9,26.95811353104634,evening,medium,clear,high,airport,45.39
7.02,6.160850642630328,afternoon,low,clear,low,airport,13.23
16.14,36.74589212948988,afternoon,medium,clear,high,suburbs,37.53
4.69,5.445781064984278,afternoon,low,clear,low,suburbs,5.0
9.73,13.556106370018215,evening,high,clear,high,airport,29.78
18.38,43.33326949717281,evening,high,clear,low,city_center,34.12
16.16,27.725308036675333,morning,medium,rainy,normal,suburbs,25.11
5.51,11.682581304925469,evening,low,clear,low,city_center,10.93
21.6,45.20941991346474,afternoon,low,clear,low,city_center,32.16
2.28,5.0,night,low,clear,high,city_center,10.56
15.29,26.022911509962235,afternoon,medium,rainy,normal,suburbs,25.56
24.61,38.56736198278019,afternoon,low,clear,high,suburbs,43.11
13.76,23.141878344758133,evening,medium,clear,normal,airport,29.85
20.22,35.11916926703638,morning,high,clear,low,suburbs,34.57
15.28,35.55699318711108,evening,low,clear,low,city_center,24.93
19.79,46.62893814780626,afternoon,high,rainy,high,city_center,51.41
16.73,26.26893927522694,morning,medium,clear,normal,city_center,28.99
17.59,30.095229167723634,morning,low,rainy,normal,suburbs,28.33
6.47,13.341887271303133,morning,low,rainy,normal,suburbs,17.64
18.8,24.849457043193105,morning,low,clear,normal,city_center,28.05
6.71,17.260912070528914,afternoon,medium,clear,normal,suburbs,8.3
24.54,72.00302538261947,evening,low,stormy,low,suburbs,53.19
6.47,19.563736687799985,morning,medium,stormy,high,city_center,26.86
6.68,12.806238318489493,morning,high,clear,normal,city_center,17.15
21.61,70.58673369704248,evening,medium,clear,low,suburbs,44.01
6.83,22.005606016077927,morning,low,clear,high,suburbs,20.39
9.66,24.792612430971307,evening,high,clear,high,suburbs,30.05
18.15,30.5909498428568,morning,low,clear,normal,suburbs,29.06
4.81,5.0,evening,high,rainy,normal,airport,15.7
4.82,8.365822077250304,evening,medium,clear,low,suburbs,8.46
12.67,15.411346332890435,morning,high,rainy,low,suburbs,17.16
6.85,12.267473490848772,afternoon,medium,clear,low,city_center,9.3
6.66,11.083759435090997,afternoon,high,clear,high,city_center,18.52
1.22,5.0,morning,low,clear,high,city_center,5.37
9.89,20.67201347951185,afternoon,medium,clear,high,suburbs,19.71
8.64,18.003640278033142,evening,high,clear,high,airport,32.37
1.75,5.0,evening,high,clear,normal,city_center,5.0
15.91,30.760978817973953,morning,medium,rainy,normal,suburbs,27.63
16.04,23.749255074576226,evening,medium,clear,normal,suburbs,27.91
2.7,17.466400947880956,afternoon,high,clear,high,airport,17.62
8.61,15.52828519854356,morning,medium,clear,normal,city_center,17.5
21.95,46.997632774136676,morning,medium,clear,normal,suburbs,33.88
14.97,34.68707804805576,afternoon,medium,clear,normal,airport,32.9
10.89,29.878417587979897,morning,low,stormy,normal,city_center,29.8
12.16,17.61077417374694,morning,medium,clear,normal,city_center,21.89
6.0,7.349035236350577,afternoon,medium,clear,normal,city_center,8.03
20.49,37.199922294133614,night,medium,clear,normal,suburbs,36.34
22.94,63.13777784604433,evening,high,clear,low,city_center,55.88
22.86,41.3277399782386,night,medium,rainy,low,city_center,39.65
6.37,5.0,morning,medium,rainy,normal,city_center,14.46
8.46,12.599011466662427,night,low,clear,normal,suburbs,13.46
4.85,7.503272050434314,morning,high,rainy,low,suburbs,9.59
8.37,16.309797472954727,morning,high,clear,normal,city_center,23.49
8.99,19.16113974189978,morning,medium,rainy,low,airport,21.64
16.19,31.38001551865667,afternoon,low,rainy,high,city_center,27.25
5.55,18.93254828203377,morning,medium,clear,normal,city_center,16.09
23.07,57.27142790986724,evening,low,clear,low,suburbs,38.42
3.47,8.289359989456077,evening,low,rainy,low,airport,11.18
1.17,5.0,afternoon,medium,rainy,low,airport,11.42
21.52,42.21335969082177,evening,low,clear,normal,suburbs,34.92
17.89,41.27683306307866,morning,high,rainy,low,suburbs,37.89
9.53,24.766769290514244,morning,high,clear,low,suburbs,15.01
15.29,31.107967090811048,morning,high,clear,normal,suburbs,29.88
6.37,15.533559166840746,morning,high,rainy,normal,suburbs,16.21
5.04,11.40092146501387,morning,medium,clear,low,city_center,6.63
12.31,22.123680672711686,morning,high,stormy,low,airport,28.96
9.48,27.7651487217875,afternoon,medium,clear,normal,airport,25.59
15.77,24.22207980151883,night,low,rainy,normal,airport,28.0
6.24,7.679594105105329,night,medium,clear,normal,city_center,15.24
16.91,28.663923571698938,night,medium,clear,high,city_center,36.82
19.4,31.45049228111665,morning,medium,clear,normal,city_center,30.82
5.0,7.269641552547245,morning,low,clear,high,suburbs,15.53
2.05,5.56878636689464,evening,medium,clear,low,city_center,8.87
11.55,17.47180863247226,evening,low,clear,normal,suburbs,19.59
19.58,32.26227252854727,morning,high,rainy,normal,airport,47.07
16.62,34.02977735585593,evening,medium,rainy,normal,city_center,31.4
17.85,36.4162092548911,night,medium,clear,high,airport,44.55
10.67,30.921873192678248,afternoon,medium,rainy,normal,city_center,21.38
6.64,6.780722794320006,night,high,rainy,normal,suburbs,14.18
13.76,20.062439457341426,morning,low,clear,high,city_center,26.91
5.9,15.785485258862956,afternoon,medium,clear,low,city_center,12.63
18.43,46.285168587734326,morning,medium,clear,high,airport,55.78
5.73,17.767283299110005,evening,medium,stormy,low,city_center,15.61
7.99,9.292179690203746,morning,high,stormy,high,airport,31.29
13.16,30.988643247029984,afternoon,high,rainy,high,city_center,35.68
12.68,32.78502000202115,morning,medium,clear,normal,city_center,25.04
15.42,24.84153236469635,afternoon,high,clear,low,suburbs,24.16
11.5,22.01340036489751,evening,medium,rainy,normal,city_center,23.74
23.07,43.702942011417214,afternoon,high,clear,high,city_center,56.78
21.16,39.577737394155044,afternoon,medium,clear,normal,city_center,31.7
22.1,44.331469846546405,night,medium,clear,normal,airport,43.74
16.11,40.11279813128197,night,high,rainy,normal,suburbs,35.76
16.24,39.891573804718746,night,medium,clear,normal,suburbs,32.12
15.62,30.05323719117061,morning,medium,clear,normal,suburbs,26.37
11.44,15.63326058764133,afternoon,medium,clear,normal,city_center,17.23
8.73,20.487476810235396,evening,low,clear,high,city_center,24.26
15.21,42.403992239465445,night,medium,rainy,high,city_center,44.89
1.61,5.0,morning,low,clear,normal,city_center,8.23
1.18,5.0,night,high,clear,normal,city_center,5.0
21.44,29.929260219352496,afternoon,high,clear,low,suburbs,28.26
2.11,5.0,evening,low,clear,normal,suburbs,5.65
13.6,23.22413907362227,afternoon,medium,clear,high,suburbs,25.26
15.76,31.664133617375374,afternoon,high,clear,high,suburbs,41.83
5.76,5.0,morning,low,clear,low,city_center,8.12
22.5,36.90817911652814,morning,medium,clear,high,city_center,47.31
5.56,12.465973595293919,evening,low,clear,low,suburbs,9.2
22.23,38.78298506046531,evening,medium,clear,high,city_center,52.31
19.31,24.277217159281168,afternoon,medium,clear,normal,city_center,26.65
6.78,17.56472929913947,evening,medium,rainy,normal,suburbs,20.03
4.62,5.0,afternoon,high,clear,high,airport,12.71
8.59,6.84425060148676,morning,medium,clear,high,city_center,18.01
10.55,24.149869686978487,afternoon,low,stormy,high,city_center,34.43
6.9,14.46660459719182,afternoon,high,clear,high,city_center,21.42
24.97,51.04289556323707,afternoon,low,clear,high,city_center,48.14
6.51,9.697152414893411,night,high,rainy,normal,airport,14.22
20.94,38.43170973604838,night,medium,stormy,high,city_center,49.08
4.82,14.041370255120416,afternoon,low,stormy,normal,airport,16.57
24.53,59.32881790977026,afternoon,low,clear,low,city_center,39.79
6.41,18.976025742052016,evening,high,clear,high,city_center,21.73
11.12,26.064809807142836,morning,low,clear,low,city_center,18.02
14.41,20.718439681575077,afternoon,high,clear,low,suburbs,20.96
3.89,8.28502095272634,night,medium,clear,normal,suburbs,12.75
20.6,28.47615067207433,night,high,clear,normal,suburbs,36.89
7.59,10.070351436275924,night,medium,clear,normal,city_center,9.2
14.18,33.59545637080293,morning,high,clear,normal,airport,36.96
14.19,26.64649223815742,afternoon,low,clear,normal,city_center,23.93
15.46,24.178394798748414,evening,medium,clear,high,suburbs,33.77
2.33,7.983960986150233,morning,high,clear,high,suburbs,8.35
5.05,6.5205464166203,evening,low,clear,normal,city_center,13.04
4.87,13.920274240255853,afternoon,medium,clear,normal,suburbs,12.24
8.25,8.92842398268492,night,high,rainy,low,city_center,18.44
4.48,5.940747280169024,afternoon,high,clear,normal,city_center,10.77
23.13,64.48408223936008,afternoon,high,clear,normal,suburbs,46.7
13.31,15.018561724653697,night,low,clear,normal,suburbs,19.11
15.97,33.43881358154615,evening,medium,rainy,normal,suburbs,29.45
9.58,16.38635705053555,afternoon,medium,clear,normal,suburbs,17.48
7.63,16.024729652783286,night,medium,clear,normal,city_center,19.98
13.08,26.055519789967313,evening,medium,clear,normal,city_center,23.35
8.06,16.712861591139166,evening,high,clear,high,suburbs,22.13
9.25,30.2519617760645,afternoon,medium,clear,normal,airport,28.38
11.87,30.604119880939123,evening,medium,rainy,low,suburbs,25.65
13.14,52.06044242982042,evening,high,clear,normal,city_center,40.35
24.62,54.07255974748509,evening,low,clear,high,airport,57.96
6.36,10.190855669522422,night,medium,clear,high,airport,18.89
12.71,30.08777567981187,afternoon,medium,clear,high,suburbs,28.2
4.59,9.646702184611929,evening,medium,clear,high,suburbs,12.06
9.4,8.650453542768593,evening,medium,clear,high,airport,24.41
18.22,37.788208629017085,morning,medium,clear,normal,city_center,30.54
5.19,16.542071350059498,evening,low,clear,normal,suburbs,13.08
14.95,17.33608366295247,evening,medium,clear,high,city_center,32.28
11.0,22.390854290462844,afternoon,high,clear,low,city_center,19.26
2.24,5.0,morning,medium,clear,high,city_center,12.85
23.39,42.73875504144736,morning,medium,clear,normal,city_center,39.98
10.93,39.39308187427285,morning,high,clear,normal,city_center,33.86
19.81,26.526973680061822,afternoon,medium,clear,normal,suburbs,30.44
10.99,23.260247016404254,evening,high,clear,normal,suburbs,26.09
23.5,41.049895113616394,evening,high,rainy,high,suburbs,59.01
7.97,12.410234972503632,afternoon,high,clear,normal,city_center,20.5
10.89,22.108687919713912,afternoon,medium,clear,high,suburbs,23.41
19.21,39.4297109398409,evening,low,clear,low,city_center,33.98
9.25,32.34831728822864,night,medium,clear,high,suburbs,27.9
9.74,21.16018859824257,evening,medium,clear,high,airport,33.33
24.88,57.26959833916704,evening,low,clear,high,suburbs,60.73
14.33,41.76724676880444,afternoon,high,clear,normal,suburbs,30.44
17.55,29.422730139633888,night,high,rainy,normal,airport,37.08
16.44,37.758791187441396,night,medium,clear,normal,suburbs,30.57
20.87,38.50394411313874,night,medium,rainy,low,suburbs,30.58
21.68,43.62205713114027,evening,medium,clear,high,city_center,54.8
14.52,23.724862768461815,afternoon,high,rainy,normal,suburbs,29.8
8.07,5.0,afternoon,medium,clear,low,suburbs,10.46
1.55,5.0,afternoon,low,clear,high,airport,10.26
15.75,32.53137969895133,afternoon,high,rainy,low,suburbs,29.82
20.81,47.9661478787992,afternoon,high,rainy,high,city_center,58.74
11.81,21.333974407935685,night,medium,rainy,high,airport,31.06
4.95,5.654937195375482,afternoon,medium,clear,normal,city_center,7.43
7.91,21.13734147764503,afternoon,medium,clear,low,city_center,12.72
13.24,19.25613354326702,evening,high,clear,normal,suburbs,23.07
21.08,41.96926294983717,afternoon,medium,clear,low,suburbs,30.21
5.12,11.03240602157126,morning,medium,rainy,normal,suburbs,14.31
15.69,36.35542981053968,evening,medium,clear,high,suburbs,36.56
19.08,55.66405752511979,afternoon,high,stormy,normal,suburbs,48.81
23.47,40.23370111036664,morning,low,clear,normal,suburbs,39.99
3.8,10.250355049472745,afternoon,medium,clear,normal,city_center,14.34
23.23,32.48066515843162,morning,low,clear,low,airport,35.41
15.44,18.21039302914226,afternoon,low,clear,normal,city_center,25.34
19.4,37.96923850307984,afternoon,medium,clear,high,suburbs,39.97
2.29,13.476903849096033,night,high,stormy,high,airport,19.01
13.15,17.91034960210435,morning,high,stormy,high,city_center,36.46
15.94,36.47493345222614,afternoon,medium,rainy,normal,suburbs,27.98
8.36,9.225018720294512,afternoon,high,clear,high,city_center,16.77
11.36,18.38289256408068,evening,medium,stormy,normal,suburbs,22.33
14.3,33.75576165365886,afternoon,low,rainy,normal,suburbs,23.11
14.26,37.700543960512285,evening,medium,clear,low,airport,27.36
2.0,5.0,night,low,clear,low,city_center,7.48
11.55,27.500175450297796,afternoon,medium,clear,normal,airport,26.38
6.13,19.719318979812712,evening,medium,clear,normal,suburbs,14.56
23.0,40.39334704368785,afternoon,low,clear,normal,airport,38.74
24.44,45.27436739817003,evening,medium,clear,normal,city_center,45.04
8.19,12.085220832699342,evening,medium,clear,normal,suburbs,11.39
5.2,7.397390819314623,evening,medium,stormy,high,suburbs,15.98
6.27,6.71033550971432,afternoon,low,clear,normal,suburbs,9.78
12.47,25.904090662777065,afternoon,high,clear,normal,city_center,24.48
21.99,42.36725179545256,morning,high,clear,normal,suburbs,40.13
13.0,10.369716470962066,afternoon,low,clear,high,city_center,29.56
2.33,6.22365146921748,evening,medium,clear,high,city_center,9.35
1.96,5.0,afternoon,medium,clear,normal,city_center,5.49
6.46,14.001916173545657,afternoon,high,clear,low,city_center,14.42
21.23,52.339940365922324,afternoon,high,rainy,high,suburbs,55.82
15.92,31.8190940491288,evening,medium,clear,normal,city_center,28.83
14.51,39.590105989001245,afternoon,low,clear,normal,city_center,29.82
8.66,24.43819156597562,evening,low,clear,normal,airport,19.95
23.31,37.57861941378441,night,high,clear,normal,city_center,39.49
8.95,17.89645500372173,morning,medium,clear,high,city_center,22.62
21.04,50.152820419625236,morning,low,clear,normal,suburbs,39.84
22.5,56.69785203975684,night,medium,clear,normal,city_center,45.73
12.6,25.13654499509149,evening,medium,clear,normal,suburbs,20.82
22.46,47.756533782738025,afternoon,low,clear,high,suburbs,44.56
7.64,21.042893336001647,morning,medium,clear,normal,city_center,14.55
16.8,38.17736356786461,afternoon,low,rainy,normal,city_center,27.53
3.11,5.3567707468146155,evening,medium,clear,high,city_center,10.63
12.37,26.921320566819578,afternoon,high,clear,high,city_center,33.24
6.22,7.529988489266921,evening,medium,clear,normal,suburbs,5.41
2.51,5.0,afternoon,high,clear,high,city_center,6.76
1.09,5.0,afternoon,low,rainy,normal,city_center,7.43
8.79,22.351789315805604,morning,high,clear,high,city_center,31.49
15.15,38.07174921405013,afternoon,medium,rainy,normal,airport,31.51
11.93,34.105100553840394,night,medium,rainy,low,airport,26.28
8.24,12.409886491826859,morning,medium,rainy,normal,suburbs,13.83
24.79,60.468384682985324,evening,medium,clear,normal,suburbs,51.46
23.55,42.90184166119789,afternoon,high,clear,low,airport,43.14
4.02,11.467549318543163,afternoon,high,clear,low,city_center,14.74
10.96,15.022982090512699,morning,low,rainy,normal,airport,26.64
16.57,23.530580972445616,afternoon,medium,stormy,normal,suburbs,26.69
18.6,25.65905991310223,night,low,clear,low,city_center,24.12
9.79,14.630519026001071,morning,low,clear,normal,suburbs,16.7
18.91,33.6814622690596,morning,low,clear,low,suburbs,28.02
3.98,8.256284803805848,morning,medium,clear,low,suburbs,9.91
8.96,9.341901095597146,evening,high,rainy,high,suburbs,23.69
18.19,34.0014314961321,morning,high,rainy,low,suburbs,37.67
16.02,39.41693652821365,night,medium,clear,normal,suburbs,27.41
21.09,44.04606249417469,evening,low,rainy,normal,city_center,41.24
2.12,5.0,evening,medium,rainy,high,airport,12.41
5.19,10.810591426752387,morning,low,clear,low,suburbs,12.18
2.16,5.0,afternoon,medium,rainy,normal,city_center,5.0
5.61,10.297986930450733,evening,medium,clear,normal,city_center,14.71
1.1,5.0,afternoon,low,rainy,high,city_center,5.0
13.1,40.48583314957757,evening,low,clear,normal,suburbs,28.17
13.68,18.326580854270414,evening,medium,rainy,normal,city_center,25.27
16.79,48.46168705619573,night,low,stormy,normal,city_center,35.78
10.24,15.143992406020075,afternoon,high,clear,normal,suburbs,16.48
1.08,5.0,evening,medium,clear,low,city_center,6.9
17.17,29.968742373363956,afternoon,high,clear,normal,suburbs,29.07
2.3,5.0,evening,medium,clear,normal,suburbs,7.24
21.79,67.49669661504188,evening,low,clear,low,suburbs,43.51
1.54,5.0,afternoon,medium,rainy,low,city_center,5.69
13.73,23.45317126471825,morning,high,rainy,low,city_center,30.01
22.48,63.78519304240946,afternoon,medium,clear,high,city_center,52.4
14.74,34.19000015653115,morning,low,clear,normal,city_center,34.41
15.6,37.287072531931415,afternoon,medium,clear,normal,suburbs,23.72
17.36,34.312832687022855,morning,medium,clear,high,airport,44.23
3.94,14.33721445304342,afternoon,medium,clear,normal,city_center,14.2
17.2,30.154797481472805,afternoon,low,rainy,low,city_center,26.64
22.13,39.3850893132054,morning,low,clear,low,city_center,35.19
24.38,44.9139599187503,evening,medium,stormy,normal,suburbs,48.47
11.63,29.320577734434355,afternoon,medium,rainy,high,airport,31.83
9.27,28.029952714022976,evening,medium,rainy,normal,suburbs,19.13
19.08,40.427671948924505,night,high,clear,normal,airport,43.42
14.03,16.731864690561466,night,low,clear,high,city_center,28.17
7.18,9.968015772102504,afternoon,medium,clear,normal,city_center,14.0
5.13,11.133895328225798,afternoon,high,clear,low,suburbs,9.7
5.09,6.314643405524382,afternoon,medium,stormy,normal,city_center,15.39
12.02,25.676493510576854,afternoon,high,clear,high,suburbs,31.43
5.08,8.90805792361439,afternoon,medium,clear,high,city_center,13.81
1.47,5.0,morning,medium,clear,high,suburbs,8.2
2.25,5.0,night,high,clear,high,suburbs,13.68
23.32,63.41181388843805,morning,medium,clear,low,suburbs,41.17
2.75,5.0,afternoon,medium,clear,normal,airport,9.12
2.76,12.626530024248723,morning,medium,clear,normal,city_center,11.56
11.83,22.097668862004333,morning,medium,clear,high,airport,33.29
6.88,6.867138242911105,morning,medium,clear,high,suburbs,16.93
24.1,41.12049810467981,afternoon,medium,clear,normal,suburbs,35.55
22.86,41.41317042155995,evening,medium,clear,high,city_center,54.74
10.71,24.41753304377863,night,medium,clear,normal,city_center,24.18
11.77,31.337941079305747,evening,medium,clear,low,airport,27.3
10.0,28.981196592980382,evening,low,clear,low,suburbs,23.62
1.91,13.433284503248526,evening,high,rainy,high,city_center,15.63
8.03,14.485805543147112,morning,high,clear,high,city_center,26.07
3.94,10.627745671683408,evening,low,clear,normal,airport,14.45
3.46,8.023665200146109,afternoon,low,clear,normal,city_center,6.01
14.46,22.053828328638076,evening,high,clear,normal,suburbs,27.09
3.37,5.0,morning,medium,rainy,high,suburbs,14.42
3.47,8.76675606025807,afternoon,medium,rainy,normal,city_center,6.03
12.53,10.23348480517857,afternoon,medium,clear,normal,suburbs,18.91
11.61,20.892998489819185,afternoon,medium,clear,normal,suburbs,14.02
4.3,5.0,evening,medium,clear,normal,airport,13.98
1.11,5.0,evening,high,clear,normal,suburbs,9.11
5.63,22.31166639292207,night,medium,clear,high,airport,20.08
6.66,10.766678828360625,evening,medium,clear,normal,city_center,12.33
20.21,39.73318453720931,evening,medium,rainy,normal,suburbs,41.46
22.97,40.40111148690968,evening,high,clear,high,suburbs,56.91
10.74,22.044687387734463,evening,high,clear,normal,suburbs,23.23
10.72,25.911601238531382,evening,low,clear,low,suburbs,18.26
18.1,30.656686513715687,morning,medium,clear,normal,airport,32.82
16.05,43.89967726541277,night,low,stormy,normal,suburbs,34.46
5.42,5.0,afternoon,high,clear,normal,suburbs,12.77
3.58,5.0,afternoon,low,clear,normal,suburbs,6.88
11.5,20.382879886061524,afternoon,high,clear,high,suburbs,30.17
14.56,28.166661565966102,evening,medium,clear,high,airport,39.02
4.33,10.697012343063122,evening,high,clear,high,airport,21.26
8.04,23.323070842432685,morning,medium,clear,normal,city_center,22.57
8.34,24.64591783900749,afternoon,low,clear,high,suburbs,21.36
7.27,18.174838839635548,evening,medium,clear,low,suburbs,11.82
12.06,20.74672006836181,evening,low,rainy,high,city_center,27.72
16.67,29.528866326999243,morning,low,clear,normal,suburbs,28.03
13.23,26.569572102623432,evening,low,clear,low,airport,28.38
5.83,10.76192686555708,evening,high,rainy,normal,city_center,15.43
3.47,8.225544485253259,morning,low,clear,low,city_center,11.48
20.72,35.75302610535944,afternoon,low,clear,high,airport,47.76
12.5,28.982888080199686,afternoon,low,clear,low,suburbs,21.49
2.49,6.19787826723133,evening,low,clear,high,airport,12.66
7.19,10.699184622097839,night,low,clear,high,airport,19.21
20.3,43.865738725098296,night,medium,rainy,high,city_center,52.15
19.04,36.82078309112818,evening,medium,clear,normal,city_center,36.34
22.02,39.66261217962131,afternoon,medium,rainy,normal,city_center,36.35
15.45,22.698611252994237,morning,high,clear,normal,city_center,30.27
11.15,24.54973863605442,evening,low,clear,high,suburbs,25.22
11.24,26.32325230309545,afternoon,medium,clear,normal,suburbs,17.45
5.66,12.194877377186197,evening,medium,stormy,low,suburbs,11.62
16.62,30.380434088369718,night,high,clear,high,airport,43.86
15.04,35.09864092882732,morning,medium,rainy,normal,city_center,34.15
4.72,12.639546576347133,afternoon,medium,rainy,normal,city_center,11.22
22.26,38.54934059573198,evening,medium,rainy,low,city_center,37.34
9.84,21.912152342950453,afternoon,medium,clear,high,city_center,22.89
2.19,5.0,morning,medium,clear,normal,airport,10.52
8.87,19.486094834256843,evening,low,clear,low,airport,21.19
21.88,40.59523904936417,morning,high,clear,high,suburbs,50.02
23.01,48.10463065786409,afternoon,high,clear,high,city_center,59.2
12.77,14.305402612820078,night,medium,rainy,normal,city_center,20.22
23.95,56.012661210325746,afternoon,high,clear,normal,city_center,44.61
22.01,33.62436542787427,morning,medium,clear,normal,airport,38.0
20.81,39.141745595810015,evening,low,clear,normal,suburbs,35.12
21.63,34.548048859907134,morning,high,clear,normal,city_center,35.18
10.17,26.954952531875904,afternoon,medium,rainy,normal,city_center,24.75
19.16,36.94674957273958,night,low,rainy,normal,city_center,30.8
14.86,44.77739592994888,evening,low,clear,normal,suburbs,34.67
18.27,30.60473851130451,afternoon,high,rainy,high,suburbs,43.72
5.27,18.600280111604135,evening,low,clear,low,airport,16.97
18.55,41.30531962260193,afternoon,high,stormy,low,suburbs,38.22
23.98,37.96290916731614,night,high,rainy,low,suburbs,37.19
8.26,15.4520776601761,evening,high,clear,high,suburbs,23.02
24.67,48.32538047712364,evening,high,clear,normal,airport,59.54
10.08,12.76067497407797,morning,low,clear,high,suburbs,22.34
5.79,12.509425274362556,morning,medium,clear,normal,suburbs,14.65
3.69,5.24767550509609,morning,high,clear,normal,suburbs,8.93
19.84,33.857302541097056,evening,low,clear,normal,city_center,31.48
14.32,20.548599845032957,evening,high,clear,normal,city_center,28.18
8.37,16.813150533673024,afternoon,high,clear,high,suburbs,18.47
15.6,28.448816837137574,morning,high,clear,normal,airport,33.02
8.97,16.050835306229377,afternoon,medium,clear,normal,city_center,16.31
11.76,22.10923323792281,morning,low,clear,normal,city_center,20.34
21.7,36.04810186801888,night,high,clear,low,airport,40.33
17.04,31.411500984019096,evening,low,clear,high,suburbs,35.92
19.3,40.58612019322418,evening,high,clear,normal,suburbs,36.39
15.0,23.799043854824045,night,low,clear,normal,suburbs,23.93
24.79,46.96007253138259,evening,medium,clear,normal,airport,49.96
6.79,23.035757695239127,afternoon,medium,rainy,high,suburbs,21.84
7.29,19.45101983280087,evening,high,clear,normal,city_center,19.34
3.22,5.436648509376684,morning,medium,clear,normal,city_center,11.91
14.3,22.3433429446301,morning,medium,clear,normal,suburbs,24.01
15.72,42.29012586847021,evening,medium,clear,low,city_center,31.37
18.42,39.58691534077624,morning,low,rainy,normal,city_center,37.31
9.05,19.828147571725214,evening,high,clear,normal,city_center,19.34
1.29,5.0,morning,high,rainy,low,airport,10.9
16.17,28.955085141429194,afternoon,high,rainy,high,city_center,39.97
24.97,41.26395977487951,afternoon,low,rainy,normal,airport,42.37
8.07,19.777880142253217,morning,low,clear,low,city_center,17.34
5.41,13.674792723837204,morning,medium,clear,low,city_center,15.82
7.76,18.798318651882767,afternoon,medium,clear,high,city_center,24.33
11.21,24.391840252025318,morning,medium,clear,low,city_center,20.59
7.02,11.646945375818023,morning,low,rainy,normal,airport,13.62
9.33,22.60747626855218,morning,high,clear,high,city_center,25.38
16.32,32.60711104114582,afternoon,medium,clear,high,city_center,38.17
9.28,5.910648269278621,evening,medium,rainy,high,suburbs,15.87
10.51,18.574464060283706,evening,low,clear,normal,city_center,19.06
1.96,14.02665160329965,afternoon,low,clear,normal,city_center,11.84
23.03,46.17129863596605,evening,medium,clear,normal,city_center,43.44
10.77,6.923094812315972,night,medium,clear,low,suburbs,18.12
8.88,22.448212151843713,afternoon,medium,clear,normal,city_center,20.39
3.08,5.0,night,low,clear,normal,suburbs,5.0
16.22,27.849591703552452,evening,medium,clear,normal,city_center,28.08
21.73,25.740065381745804,morning,medium,clear,normal,airport,40.06
1.99,9.308653779237027,afternoon,low,clear,normal,suburbs,5.57
4.49,14.928232886523649,night,medium,rainy,high,city_center,18.41
4.51,10.216573899041403,morning,medium,rainy,normal,suburbs,15.49
15.45,35.270487010794895,morning,low,clear,high,airport,39.22
23.11,40.92653969842079,afternoon,low,rainy,high,city_center,43.65
11.51,22.696217089736137,morning,medium,rainy,normal,airport,24.19
9.25,31.635205224414918,morning,low,stormy,normal,city_center,23.02
19.38,54.438771139503196,afternoon,high,clear,low,city_center,36.15
18.82,38.85773151222628,evening,medium,clear,normal,airport,38.92
6.92,13.765170130861343,morning,low,clear,normal,city_center,13.67
4.86,10.532331017377885,evening,medium,rainy,normal,airport,16.93
9.59,15.464387593956742,night,low,clear,normal,airport,19.34
19.61,44.99801337018109,afternoon,high,clear,normal,airport,44.76
17.68,18.76958707156433,night,medium,clear,high,city_center,40.4
16.98,33.765770031160514,evening,medium,stormy,low,airport,36.74
20.91,36.66218528596467,morning,high,rainy,normal,airport,46.85
7.65,5.780096843034768,morning,low,stormy,normal,city_center,12.48
9.15,22.957603187630266,afternoon,low,clear,normal,airport,17.11
2.02,5.0,night,high,clear,high,airport,11.85
21.85,49.45540988347442,morning,medium,clear,high,city_center,55.67
14.98,33.99842939772386,evening,low,rainy,normal,suburbs,28.94
8.15,13.152030854226943,evening,low,clear,normal,airport,23.66
2.67,5.0,night,high,clear,normal,city_center,9.76
18.36,41.34900400687472,night,low,clear,high,city_center,44.21
18.97,29.261875830535857,morning,medium,clear,low,airport,32.15
16.99,25.044435788078765,morning,low,clear,high,city_center,32.14
5.89,14.357928320477765,morning,medium,clear,high,city_center,20.8
22.92,42.09987318307995,afternoon,low,clear,high,airport,50.06
19.08,31.6761269264787,night,low,clear,normal,city_center,27.04
16.79,32.03655041534982,evening,medium,rainy,normal,suburbs,26.87
16.62,30.79785739817363,night,medium,clear,high,suburbs,30.91
22.7,48.072851986039325,afternoon,low,rainy,low,city_center,36.65
23.28,51.714846153784826,afternoon,low,clear,normal,suburbs,36.43
15.3,32.19627628263488,afternoon,high,clear,normal,city_center,29.86
11.0,29.86662522473391,afternoon,medium,clear,normal,airport,27.55
9.73,14.773601513866662,evening,medium,clear,low,city_center,16.31
20.66,30.479430263171214,evening,low,clear,normal,airport,32.55
16.47,19.04028711186215,evening,medium,clear,high,city_center,32.77
2.85,5.0,evening,medium,clear,normal,city_center,15.61
4.41,8.217873155399934,morning,low,clear,normal,airport,17.28
22.6,46.23328493639108,morning,medium,clear,low,airport,42.79
22.23,50.14076647081109,evening,low,rainy,low,airport,41.06
23.84,51.431228407074,afternoon,low,clear,low,airport,39.0
11.27,14.027234671347859,morning,medium,stormy,low,city_center,23.22
19.82,42.872512051670114,morning,medium,clear,normal,suburbs,38.13
20.88,41.6828116205322,night,high,rainy,normal,city_center,42.8
8.58,22.655508906343954,evening,low,clear,normal,airport,22.13
4.49,7.644761348651517,afternoon,low,clear,low,city_center,11.44
24.93,45.8575596138207,evening,low,clear,high,suburbs,53.44
1.73,14.781065721446987,morning,high,clear,high,city_center,15.03
15.34,26.34962412059453,morning,high,clear,normal,city_center,31.68
16.61,17.382326506090585,afternoon,high,clear,high,suburbs,30.54
17.36,27.927193843315962,afternoon,high,clear,high,city_center,39.85
7.14,11.04215295793313,night,high,clear,normal,city_center,11.0
18.32,41.90434736797616,morning,high,clear,normal,city_center,40.37
6.19,10.360219202259069,afternoon,medium,clear,high,airport,16.85
20.9,36.656716051445365,night,medium,clear,high,suburbs,44.41
6.26,20.943973692807962,morning,low,clear,normal,city_center,17.76
17.72,28.892837934907238,evening,high,clear,normal,airport,45.35
19.8,38.19513618078229,afternoon,low,clear,normal,suburbs,28.7
5.53,8.658778746430631,morning,medium,clear,normal,suburbs,12.77
6.71,17.805013206821428,morning,medium,clear,normal,city_center,11.89
19.7,43.86647378359025,evening,medium,clear,low,suburbs,33.54
3.06,8.253804219110874,afternoon,high,rainy,low,airport,11.29
5.58,9.375283359396114,morning,medium,clear,low,city_center,8.45
11.93,16.930530502349892,afternoon,high,rainy,high,city_center,29.26
23.32,58.15599224287807,evening,medium,clear,low,suburbs,45.74
14.49,25.846338332644745,evening,medium,rainy,high,suburbs,36.08
10.3,12.164625984520839,night,high,clear,high,suburbs,19.15
24.48,40.923726482571624,evening,medium,clear,normal,suburbs,35.85
12.13,38.772988170357564,morning,medium,clear,low,suburbs,25.82
11.41,27.934603430317573,morning,medium,clear,high,suburbs,29.11
10.88,16.29427707774391,afternoon,high,clear,normal,suburbs,15.42
8.49,12.264317238256112,afternoon,medium,clear,normal,suburbs,14.69
8.82,24.454889613061617,afternoon,low,stormy,normal,city_center,23.6
17.51,29.199633144129336,evening,low,stormy,normal,suburbs,28.78
1.98,5.0,afternoon,medium,clear,high,suburbs,9.41
17.36,43.14556109732016,night,low,clear,normal,suburbs,28.53
5.83,9.871303756690946,afternoon,high,clear,high,city_center,16.24
10.22,13.024346996893929,evening,medium,clear,normal,city_center,21.11
4.52,5.0,afternoon,high,clear,low,suburbs,5.59
14.27,21.81055155101648,evening,medium,clear,normal,city_center,25.33
18.5,31.606237446895612,night,high,clear,normal,city_center,32.17
9.51,9.590558894721303,morning,low,clear,normal,airport,20.17
4.92,14.787251493878458,afternoon,medium,clear,normal,suburbs,12.01
6.44,14.916588128476068,evening,low,rainy,high,suburbs,14.6
20.63,31.191005563800786,night,low,stormy,high,suburbs,41.66
7.42,15.8620521725482,evening,low,clear,high,airport,27.5
19.59,40.44342444057687,morning,medium,clear,normal,city_center,38.98
8.95,17.100345646987,evening,medium,rainy,high,city_center,25.53
5.53,5.0,evening,low,rainy,normal,suburbs,12.02
18.46,31.354501364933252,morning,high,clear,low,city_center,31.99
12.25,35.78180774645428,evening,high,rainy,normal,city_center,33.24
1.75,5.0,afternoon,high,clear,high,airport,10.37
24.04,44.40829993077942,afternoon,medium,clear,normal,city_center,33.95
4.55,11.188306433428147,morning,medium,clear,high,suburbs,12.26
9.48,30.421490172099954,evening,medium,clear,normal,city_center,23.93
10.24,20.31996717381217,morning,medium,clear,normal,suburbs,21.09
12.75,13.045300341820873,afternoon,low,rainy,high,city_center,26.52
19.85,44.60948060757709,evening,high,stormy,normal,suburbs,49.83
1.15,5.0,morning,medium,clear,normal,suburbs,6.85
23.38,50.18473929669625,morning,medium,rainy,low,city_center,44.56
16.5,35.1045876894518,night,low,clear,normal,city_center,30.91
23.82,35.73023996540293,evening,medium,clear,low,suburbs,32.99
20.62,35.54720112035678,afternoon,low,clear,high,airport,41.19
23.27,46.97702920607405,morning,high,clear,low,airport,48.16
15.42,48.22718741473413,morning,high,clear,low,city_center,42.44
9.58,21.967398038589923,evening,high,clear,high,city_center,32.96
11.63,14.02145248422941,afternoon,medium,clear,high,suburbs,20.14
16.79,16.614378822108737,morning,high,clear,low,city_center,26.9
11.25,30.070802668120926,night,low,clear,normal,suburbs,21.72
18.56,36.92978282457746,evening,medium,clear,normal,airport,35.67
3.2,5.0,evening,medium,clear,normal,city_center,6.92
20.92,48.892263075360944,evening,high,clear,low,airport,47.63
5.9,5.280432356044505,night,medium,clear,low,city_center,11.55
23.65,55.50538879420327,afternoon,low,clear,low,city_center,34.96
4.73,10.179256649967112,morning,low,rainy,high,city_center,14.23
4.1,5.1233410423062065,morning,high,rainy,normal,suburbs,10.81
20.49,57.931694630738654,morning,low,stormy,high,airport,64.02
20.65,36.253534692711234,night,low,clear,high,airport,42.85
18.73,35.892323248470454,evening,high,rainy,high,airport,64.55
24.05,49.60665239702287,morning,high,clear,normal,city_center,49.4
7.49,23.225964101694466,morning,medium,clear,high,airport,30.66
20.84,36.49352423135293,evening,low,rainy,high,airport,50.54
9.45,15.972313079097265,afternoon,medium,clear,normal,suburbs,16.61
13.9,24.923025782707406,evening,low,clear,high,airport,38.14
11.69,15.167411842108416,night,low,rainy,high,city_center,20.38
1.14,5.0,evening,medium,clear,high,suburbs,6.71
14.79,24.406984273349288,morning,high,clear,low,city_center,24.79
18.94,35.92924202231034,evening,low,clear,high,suburbs,39.44
5.19,7.721704371769539,evening,medium,clear,low,city_center,14.13
23.36,52.539446248664945,evening,medium,clear,high,city_center,56.72
13.73,22.785407371211825,morning,low,clear,high,city_center,29.33
5.28,9.556974781005879,evening,low,clear,normal,city_center,13.54
16.5,32.44416287176202,evening,low,clear,normal,city_center,37.42
5.61,14.411605620489095,afternoon,low,rainy,high,airport,18.67
2.52,6.131043024217538,afternoon,medium,rainy,normal,airport,9.52
17.45,22.878000208537646,morning,low,clear,high,suburbs,33.68
3.66,12.035366748483614,evening,medium,clear,normal,city_center,13.59
3.55,7.998148673208021,morning,low,rainy,normal,city_center,12.83
18.76,23.7997142177362,afternoon,low,clear,high,suburbs,28.19
2.32,5.0,afternoon,high,rainy,normal,airport,16.16
20.43,52.17869672006107,afternoon,high,clear,low,suburbs,38.16
20.11,23.75125279834113,evening,medium,clear,normal,airport,33.44
4.39,5.0,afternoon,high,clear,normal,suburbs,7.83
13.44,28.98671957734376,afternoon,low,clear,high,city_center,30.56
3.32,9.476745675420565,morning,high,clear,high,city_center,14.97
16.18,27.88990701832124,afternoon,medium,clear,high,suburbs,31.45
2.51,11.492038216990892,evening,medium,rainy,normal,suburbs,14.64
23.67,53.977724847110025,night,low,rainy,high,city_center,56.04
5.99,5.0,morning,low,clear,normal,city_center,9.9
17.39,40.912282848715655,afternoon,medium,rainy,low,airport,32.09
4.08,5.0,afternoon,low,clear,normal,suburbs,11.08
6.03,15.513371707446348,morning,high,clear,normal,airport,21.74
11.82,22.38533646777764,afternoon,low,rainy,normal,suburbs,16.41
14.75,22.648636734478057,night,medium,rainy,low,suburbs,20.88
24.97,71.76119129227489,afternoon,medium,rainy,normal,suburbs,47.9
1.62,5.0,afternoon,high,clear,low,suburbs,5.0
1.01,5.0,night,low,clear,low,airport,13.18
9.41,7.876262803621762,evening,medium,clear,high,city_center,17.04
9.79,31.632633003730795,afternoon,medium,rainy,normal,city_center,26.93
22.21,67.32497094784307,evening,low,clear,normal,city_center,44.52
22.9,33.18100770378439,evening,medium,rainy,low,suburbs,35.3
22.13,34.71295569108256,night,low,rainy,high,city_center,47.78
4.44,13.021505745999198,morning,high,clear,normal,airport,17.69
10.89,29.719210080338843,afternoon,high,rainy,normal,suburbs,22.67
18.9,31.11976489662509,evening,low,clear,low,suburbs,27.76
8.5,7.114115671501398,night,high,stormy,normal,suburbs,16.84
16.92,48.33254241345441,evening,low,clear,low,city_center,35.98
6.69,11.123381263892782,morning,high,clear,normal,suburbs,11.77
8.76,14.05280014032349,night,low,clear,high,city_center,17.25
21.65,27.308443671334977,afternoon,medium,rainy,low,city_center,33.93
7.01,10.086932905166567,afternoon,high,clear,normal,airport,18.31
24.14,59.9088619880016,afternoon,low,clear,normal,city_center,41.82
8.35,21.24136257830756,evening,high,clear,low,airport,25.54
1.56,5.0,afternoon,medium,clear,normal,suburbs,5.29
7.12,16.217081658067116,night,medium,clear,high,city_center,22.62
5.11,10.43841173254331,afternoon,low,clear,normal,city_center,12.38
13.16,24.85282672590946,morning,medium,clear,normal,city_center,25.78
3.71,11.132751238204008,evening,medium,clear,high,suburbs,9.3
16.03,33.438390110124615,morning,medium,rainy,low,suburbs,30.92
22.0,50.018313161711575,afternoon,medium,clear,normal,airport,46.03
9.7,18.147954289433237,night,medium,clear,low,airport,23.12
5.04,13.046653937718855,night,medium,clear,low,city_center,5.84
10.6,13.580532190714393,evening,medium,rainy,normal,city_center,23.06
19.86,53.861250608254366,morning,medium,clear,normal,city_center,44.3
15.2,39.46429237007427,evening,high,clear,normal,suburbs,36.03
3.43,5.0,evening,medium,clear,low,city_center,5.0
13.89,31.63898078780003,afternoon,low,clear,low,suburbs,18.44
12.23,20.213471322433506,afternoon,high,clear,normal,city_center,24.07
8.85,24.15085753751649,afternoon,high,clear,low,suburbs,16.54
3.64,5.0,afternoon,high,clear,low,city_center,13.57
24.55,49.64457607141286,afternoon,medium,clear,low,suburbs,30.53
5.23,10.903362111882464,morning,medium,clear,normal,suburbs,11.18
5.63,13.077814317443217,evening,low,clear,low,suburbs,6.74
4.49,15.259167756383302,night,high,rainy,normal,suburbs,9.35
14.68,53.79501231608592,afternoon,high,rainy,normal,city_center,36.32
11.65,26.365863731223115,night,low,clear,high,city_center,23.3
6.99,6.006005980616086,evening,low,rainy,normal,city_center,14.23
11.31,25.87352221292034,evening,high,clear,normal,suburbs,23.95
17.16,24.12332895298334,night,medium,clear,high,suburbs,30.18
7.76,16.532036528135304,afternoon,medium,clear,high,suburbs,17.89
22.97,38.64539015804332,evening,low,clear,high,airport,52.27
8.35,9.936034561454054,morning,low,clear,normal,city_center,14.28
5.76,22.84200434308608,night,medium,clear,normal,city_center,15.3
23.91,54.06079602868624,evening,low,clear,high,suburbs,56.76
20.45,53.52358809609916,evening,low,clear,low,city_center,38.66
9.24,10.740715597456614,afternoon,medium,rainy,normal,suburbs,11.33
21.19,37.68637912180682,morning,low,clear,high,city_center,50.84
13.45,24.0390903804465,morning,high,clear,high,city_center,37.29
9.32,17.690572974608866,morning,medium,clear,normal,city_center,22.22
21.15,34.05095784250494,afternoon,low,rainy,high,city_center,41.52
19.05,32.91434784576384,afternoon,low,clear,low,suburbs,26.47
8.15,16.576791365805235,night,medium,clear,high,city_center,17.07
15.56,19.218715713026207,evening,medium,clear,normal,city_center,23.02
9.87,14.134185805527295,afternoon,medium,clear,high,suburbs,17.78
1.03,5.0,night,high,clear,normal,airport,7.24
24.08,32.78344584661449,evening,medium,clear,normal,city_center,39.73
14.19,35.965613209533416,night,medium,rainy,normal,city_center,29.39
15.36,34.01233103375128,evening,low,clear,low,airport,27.83
15.4,23.563058776900363,evening,low,clear,normal,suburbs,25.94
14.22,28.471936259730757,afternoon,low,rainy,high,city_center,33.38
7.96,11.289364028166343,evening,medium,clear,low,suburbs,7.54
24.32,68.29025715995867,evening,low,clear,normal,airport,55.8
15.92,30.37132661483116,morning,medium,clear,low,city_center,28.99
17.1,40.35283543669091,morning,low,clear,normal,city_center,29.49
11.92,30.390519264948388,night,high,clear,normal,city_center,25.77
7.91,22.33358976157214,night,low,rainy,high,city_center,21.36
2.54,11.894345848538675,evening,medium,clear,low,airport,10.84
9.41,14.992443311527863,morning,high,clear,normal,airport,28.16
5.23,5.0,afternoon,high,clear,high,city_center,12.19
16.89,47.4350774109986,morning,high,clear,low,airport,36.17
22.1,49.5703834277857,evening,medium,clear,low,airport,41.77
8.27,24.470409098075812,morning,low,clear,normal,city_center,18.32
8.99,14.713742865008683,afternoon,medium,clear,low,city_center,12.56
17.09,25.497050227048277,evening,medium,clear,normal,suburbs,28.95
4.58,10.540115973297912,evening,medium,clear,normal,city_center,8.61
23.31,38.78361910065661,night,medium,clear,normal,city_center,41.53
9.73,14.54616485935541,afternoon,low,clear,low,suburbs,12.41
3.43,21.107886106510588,morning,low,clear,high,airport,21.64
5.19,21.44516824032981,morning,medium,clear,low,city_center,14.06
23.39,44.79758842073267,evening,high,rainy,high,suburbs,68.22
6.93,8.729538010982559,morning,high,clear,high,suburbs,16.5
16.89,33.401954718974,evening,medium,clear,high,city_center,42.11
4.75,12.51454763817956,afternoon,high,clear,high,city_center,17.29
5.66,19.388865976359767,afternoon,medium,clear,high,airport,21.29
22.1,63.8845891842914,afternoon,high,clear,high,city_center,63.51
4.55,6.194116733616966,night,high,clear,normal,city_center,13.12
1.45,5.0,evening,medium,rainy,high,city_center,11.01
13.03,17.763522880397332,afternoon,high,rainy,high,city_center,30.32
21.71,51.55919621466345,afternoon,medium,clear,high,suburbs,46.9
8.82,14.164158311752361,afternoon,high,rainy,normal,city_center,18.6
4.08,11.525919816986935,afternoon,low,clear,high,city_center,11.82
24.57,42.30016623927091,night,high,clear,normal,airport,45.65
17.24,43.52991088722592,afternoon,high,clear,normal,city_center,36.51
21.42,43.50457671264035,morning,low,clear,low,suburbs,36.99
19.05,28.334292899399866,night,medium,clear,normal,city_center,31.15
17.76,39.13128382473624,evening,low,rainy,normal,city_center,31.92
10.23,13.717887108901003,morning,medium,rainy,low,suburbs,16.53
8.78,17.12503051762925,morning,high,clear,low,suburbs,19.88
18.21,40.24732537186146,afternoon,medium,clear,low,city_center,28.14
18.2,23.02170556492805,evening,high,clear,high,airport,47.54
23.81,47.41838767192213,night,high,clear,low,airport,53.89
14.65,27.165202799413077,morning,high,clear,high,suburbs,43.91
8.07,21.371611326509637,afternoon,high,clear,low,suburbs,16.09
12.75,33.15061319321662,afternoon,low,rainy,low,city_center,24.28
15.73,23.171055627832388,afternoon,medium,rainy,high,suburbs,30.34
11.24,22.847350811151642,evening,low,clear,high,suburbs,25.98
19.99,42.078007037711174,morning,medium,rainy,normal,city_center,42.79
15.03,38.735621591359525,night,low,clear,normal,suburbs,29.34
1.23,5.0,afternoon,medium,clear,low,city_center,7.48
14.68,26.765837940047472,evening,high,clear,normal,city_center,31.09
16.21,39.9380519149768,evening,high,clear,high,airport,58.04
22.97,52.15853892974808,afternoon,medium,clear,normal,airport,40.18
10.93,17.106801467760008,evening,low,rainy,high,suburbs,25.27
14.79,27.233424242500053,evening,low,rainy,normal,city_center,25.29
12.4,33.305560408389674,evening,low,clear,high,city_center,34.64
13.76,39.4732710216839,evening,low,clear,high,city_center,38.02
2.62,5.0,evening,high,clear,low,suburbs,10.47
22.53,31.87114358029803,morning,high,clear,normal,city_center,42.43
22.85,48.44164590482208,evening,high,rainy,normal,suburbs,54.04
14.15,30.084050424053203,night,high,rainy,normal,city_center,30.72
14.36,22.291553160674145,evening,low,clear,low,city_center,21.28
2.38,5.0,evening,medium,clear,high,suburbs,9.66
15.35,16.689787908562312,night,low,rainy,normal,airport,21.12
11.3,22.734668599049698,morning,low,rainy,normal,city_center,22.33
18.02,34.7171985736156,evening,low,clear,high,suburbs,40.78
2.13,9.994790334473446,night,medium,rainy,normal,city_center,15.06
18.06,52.01009651678379,morning,medium,clear,normal,city_center,41.93
7.89,21.24819231342455,morning,high,clear,normal,city_center,17.38
16.64,33.622531703095504,morning,low,clear,high,airport,41.4
16.05,40.71840392592047,night,medium,clear,high,city_center,37.59
6.44,14.594406186905161,night,medium,clear,high,suburbs,17.79
11.57,27.876695747662517,night,high,clear,normal,city_center,28.67
21.06,39.391293129217715,afternoon,medium,clear,high,suburbs,38.25
15.53,19.827583355981915,evening,low,clear,high,airport,38.47
2.65,7.489865610086156,morning,medium,clear,normal,suburbs,5.56
11.63,14.435612267301956,night,low,clear,normal,city_center,15.84
8.48,16.698712021488863,night,medium,clear,low,suburbs,10.78
16.4,30.76288611350373,evening,low,clear,high,city_center,36.58
15.75,38.24761435313348,morning,medium,clear,normal,suburbs,31.65
1.25,5.0,night,high,clear,normal,city_center,10.27
15.58,52.52252512552523,night,low,rainy,normal,airport,35.22
18.64,43.23771333294899,night,medium,clear,high,city_center,41.35
19.45,35.5440561496405,afternoon,low,clear,high,suburbs,39.05
2.42,5.0,afternoon,low,clear,normal,suburbs,5.0
8.29,27.94586342213129,afternoon,medium,clear,normal,airport,21.27
11.11,22.628114503471746,afternoon,high,clear,high,suburbs,28.26
5.31,13.721783702231868,night,low,clear,normal,airport,14.61
11.1,34.387388513591276,morning,low,stormy,high,airport,39.21
2.71,5.0,evening,high,clear,normal,city_center,8.66
3.72,6.069246952843405,night,medium,clear,normal,city_center,9.67
17.05,47.229565427406364,afternoon,low,stormy,normal,suburbs,31.58
7.3,21.266033849854797,afternoon,low,rainy,normal,city_center,19.03
18.07,34.23748699197421,evening,high,clear,normal,city_center,38.06
2.15,9.189275314696346,afternoon,high,clear,normal,suburbs,7.38
14.5,22.142443305618293,afternoon,medium,clear,normal,airport,24.85
10.39,18.451505164968598,evening,low,clear,high,city_center,24.22
20.13,57.82562855287464,morning,high,rainy,low,city_center,45.89
19.81,45.50930450988324,evening,medium,rainy,high,suburbs,54.8
10.01,16.83686455665139,night,low,clear,high,suburbs,20.99
15.95,25.210151045079336,morning,low,clear,low,airport,26.92
6.46,22.928829965039757,morning,low,stormy,high,city_center,23.56
14.93,30.751227130348575,morning,low,clear,low,city_center,24.34
2.95,8.588664931489845,evening,medium,clear,normal,airport,14.61
11.43,29.24396631851299,afternoon,high,rainy,normal,airport,29.22
5.39,13.006519583265671,afternoon,high,clear,high,suburbs,15.39
22.2,44.03030567274931,evening,high,rainy,low,airport,48.3
11.68,18.51026736252082,afternoon,high,clear,normal,city_center,20.38
15.18,33.67173338505199,evening,low,clear,high,airport,41.0
9.65,28.578086554070353,night,medium,clear,low,suburbs,23.3
7.93,19.85392700394869,afternoon,low,rainy,normal,airport,20.48
5.87,16.152050020004424,night,medium,clear,high,suburbs,17.1
22.88,49.06263648964285,afternoon,low,clear,high,airport,48.69
20.19,44.53850031857502,afternoon,medium,clear,normal,airport,40.26
4.2,12.632756758718138,afternoon,low,clear,normal,city_center,9.04
18.92,44.04056247275557,evening,medium,clear,high,city_center,49.96
11.04,12.413077391298245,evening,high,clear,normal,city_center,16.41
1.37,5.0,evening,low,stormy,low,city_center,5.0
13.68,32.26248979773648,afternoon,high,clear,normal,city_center,27.26
4.12,11.483198389802828,night,low,clear,normal,airport,13.41
6.04,19.86334033450739,afternoon,low,clear,normal,suburbs,11.76
17.7,38.26521912266578,evening,medium,clear,normal,city_center,37.91
7.17,21.672851459539505,afternoon,medium,rainy,high,airport,25.24
22.41,50.01268888729037,morning,high,clear,low,city_center,47.94
16.77,48.04526124085257,afternoon,medium,stormy,normal,airport,38.68
20.97,34.65117645825979,morning,low,clear,low,city_center,28.65
15.76,24.86084559962003,morning,medium,clear,normal,suburbs,30.39
21.85,43.89479238621764,afternoon,high,rainy,normal,suburbs,38.88
9.68,24.15296870965602,night,low,clear,low,suburbs,16.76
14.18,18.010270528560234,night,low,clear,low,suburbs,17.07
13.38,25.684913375370463,night,high,clear,high,city_center,32.09
22.69,50.846257619491254,morning,high,clear,normal,airport,50.44
4.96,11.352170637894131,morning,high,clear,high,suburbs,14.76
14.87,33.36873655366045,morning,low,clear,high,suburbs,34.65
19.11,45.32849386084001,evening,high,clear,high,city_center,57.94
9.88,25.76290301354781,night,low,clear,normal,city_center,20.19
21.82,47.68099396918543,afternoon,medium,clear,normal,airport,39.6
9.95,15.958801003570454,evening,low,rainy,high,city_center,27.24
5.16,11.597576586350614,morning,medium,stormy,low,suburbs,15.31
15.02,27.525421086491033,evening,high,clear,low,airport,33.06
11.09,40.64276503594158,night,low,rainy,low,suburbs,21.69
1.36,5.0,evening,low,clear,high,suburbs,6.82
2.68,7.309703124961733,evening,medium,clear,low,suburbs,7.53
5.69,5.501710735410163,afternoon,high,clear,high,suburbs,9.15
19.46,43.268736774299605,afternoon,medium,clear,normal,city_center,33.41
22.41,56.647318664798604,afternoon,high,rainy,high,city_center,62.07
14.1,32.33090094483551,evening,high,clear,high,city_center,40.22
3.53,7.18619442192049,evening,medium,clear,low,city_center,7.69
13.83,23.85467777865161,afternoon,medium,rainy,normal,suburbs,20.41
21.53,39.065115681510704,afternoon,medium,rainy,low,suburbs,33.73
18.99,31.40550235717411,morning,medium,clear,low,city_center,27.35
7.99,5.0,morning,low,clear,normal,suburbs,12.32
3.97,10.276950786165223,morning,low,clear,normal,airport,18.56
22.62,54.72321297590438,night,medium,clear,normal,city_center,41.52
21.5,44.41671378675452,afternoon,low,clear,normal,airport,41.0
2.29,5.0,night,low,clear,low,city_center,6.79
20.77,45.1933161199105,afternoon,medium,rainy,low,suburbs,33.14
3.33,5.0,afternoon,high,rainy,high,city_center,8.14
2.52,5.0,evening,low,clear,normal,city_center,11.05
19.21,33.31768833340981,morning,high,rainy,low,city_center,36.43
13.87,23.84084769194815,night,low,clear,normal,city_center,22.58
10.95,34.42079007194863,evening,medium,clear,normal,suburbs,24.58
22.69,40.970041123937975,morning,high,clear,normal,suburbs,42.87
21.14,39.96210788621933,night,low,clear,normal,city_center,35.98
2.38,5.0,afternoon,medium,clear,normal,suburbs,5.0
15.79,33.99782297255002,morning,high,rainy,normal,city_center,35.49
19.53,45.35726943169354,night,medium,clear,normal,city_center,34.09
14.21,27.668384398841955,afternoon,low,clear,normal,suburbs,19.29
24.59,49.02194517745911,evening,medium,clear,normal,city_center,49.17
17.47,31.887684995909765,morning,low,rainy,normal,city_center,32.66
3.5,10.721351437970132,night,medium,clear,high,airport,14.49
5.76,5.0,afternoon,low,rainy,normal,suburbs,6.46
20.83,46.73233185178511,morning,high,rainy,normal,suburbs,49.94
24.92,57.03926645330344,night,high,clear,normal,suburbs,49.87
3.36,6.085023693691735,evening,low,clear,normal,city_center,5.26
3.41,5.0,evening,medium,clear,normal,airport,5.04
19.32,51.02956296768328,afternoon,high,clear,normal,city_center,41.17
2.54,5.0,evening,medium,clear,normal,city_center,11.6
2.65,7.960888360871656,afternoon,high,clear,normal,city_center,7.36
22.33,36.925451912883496,afternoon,low,rainy,normal,suburbs,34.01
20.21,29.23639789865417,afternoon,low,clear,high,suburbs,39.47
22.16,33.701747821533274,afternoon,low,rainy,high,city_center,38.96
16.61,34.764375404036805,morning,high,rainy,normal,suburbs,34.85
8.74,11.442463029799287,evening,medium,clear,normal,city_center,15.62
22.75,41.525006952473106,morning,low,clear,normal,city_center,40.01
8.17,20.364123626855616,afternoon,medium,clear,normal,suburbs,16.23
7.61,16.148176740037208,evening,medium,clear,high,suburbs,19.99
22.27,49.95423027819244,morning,high,clear,high,city_center,70.38
17.34,41.47104195393669,afternoon,medium,clear,high,suburbs,40.7
22.5,48.11680236036012,afternoon,low,clear,high,city_center,45.42
4.74,5.0,morning,low,clear,high,suburbs,10.43
23.86,38.06120096461193,evening,medium,rainy,normal,suburbs,40.28
15.71,33.58206860866255,afternoon,low,rainy,normal,suburbs,29.0
17.03,33.61621578882203,afternoon,high,clear,high,airport,41.31
22.94,35.47669143713643,morning,high,stormy,high,suburbs,63.35
10.14,13.108329097800844,afternoon,medium,clear,low,city_center,10.05
18.27,37.358622413738225,afternoon,medium,clear,low,city_center,28.56
16.37,28.402242195505018,morning,low,clear,normal,city_center,29.94
19.91,33.59283029722487,afternoon,low,clear,high,city_center,34.34
22.53,41.61796239130228,evening,low,clear,low,airport,34.65
17.32,37.73175978232122,morning,medium,clear,normal,city_center,34.37
2.62,5.0,morning,low,clear,normal,city_center,8.81
5.4,6.284373651058163,evening,high,clear,normal,city_center,9.2
23.9,60.894945531297445,morning,high,clear,normal,suburbs,53.68
24.25,73.54359521586359,morning,high,rainy,low,airport,63.33
24.22,39.282009592275735,night,high,clear,normal,city_center,44.49
1.88,5.0,morning,medium,rainy,low,airport,9.67
10.18,13.915841188227404,evening,medium,clear,normal,airport,20.56
19.23,42.86870045314142,evening,high,stormy,normal,suburbs,41.8
19.07,30.426551686297987,afternoon,low,clear,low,suburbs,21.83
3.06,5.468559059128237,afternoon,low,stormy,high,city_center,11.42
15.63,26.42493042111862,evening,medium,clear,normal,suburbs,26.98
4.43,6.113917647733402,morning,high,clear,normal,airport,17.06
12.84,29.05974230050795,afternoon,low,clear,normal,city_center,27.18
6.75,15.817678907754736,night,high,rainy,normal,suburbs,16.07
2.28,6.682559235959511,afternoon,medium,rainy,high,city_center,5.0
2.92,16.351674033363878,evening,medium,clear,high,city_center,14.75
22.86,49.72430031027992,afternoon,medium,clear,high,city_center,52.44
18.87,33.72016753679169,evening,medium,rainy,high,city_center,49.39
23.36,57.05253378389561,afternoon,high,rainy,normal,airport,48.49
12.28,18.221996540292288,evening,medium,clear,normal,city_center,20.21
10.92,14.455988665730384,afternoon,high,clear,normal,city_center,19.06
9.6,17.3837335566145,afternoon,medium,stormy,normal,suburbs,20.27
15.79,41.92547175949444,evening,high,clear,normal,city_center,36.81
9.44,33.46037815447863,night,high,clear,normal,airport,31.14
18.91,38.658419512187734,afternoon,medium,stormy,normal,city_center,29.33
20.23,40.05634892721755,morning,low,rainy,high,airport,52.01
22.02,59.45191412816887,evening,high,clear,high,city_center,65.7
6.83,17.656143291466574,morning,low,clear,normal,city_center,15.45
13.65,19.72283713731408,night,low,clear,normal,airport,20.92
6.36,14.364243465372397,morning,medium,clear,high,airport,22.95
1.9,10.772332793574119,morning,low,clear,low,city_center,9.87
17.99,38.64869425173913,morning,high,clear,normal,city_center,40.65
14.18,21.010391877783206,morning,low,clear,normal,suburbs,25.39
18.37,34.25963812231277,evening,medium,clear,low,airport,34.62
3.1,10.418011367565484,afternoon,high,clear,normal,city_center,11.03
24.89,47.253783332998,night,low,clear,low,suburbs,32.62
24.86,55.09321530990675,afternoon,medium,rainy,normal,city_center,44.88
12.16,13.876966988787943,evening,low,clear,high,suburbs,22.44
21.79,46.913621676142846,evening,medium,stormy,high,airport,64.68
6.85,5.0,afternoon,medium,clear,normal,city_center,13.61
18.7,32.172252530869095,night,high,rainy,low,city_center,37.45
22.1,54.988416645733786,afternoon,low,clear,low,suburbs,31.72
20.55,54.649857534600244,evening,high,stormy,high,suburbs,72.86
20.48,56.60522316315818,afternoon,medium,rainy,high,city_center,50.28
12.11,32.21282159295066,afternoon,medium,clear,low,suburbs,18.55
20.68,33.28729277692732,morning,low,clear,normal,city_center,28.14
17.58,29.506344174577105,afternoon,low,rainy,high,city_center,36.92
4.18,6.456409222797905,night,low,clear,high,airport,13.8
3.74,5.330351495782999,evening,low,clear,normal,city_center,13.25
19.53,45.926395837650794,night,medium,clear,normal,suburbs,32.78
16.01,30.141033224010755,evening,high,clear,normal,city_center,34.38
13.47,32.089471723165026,evening,low,clear,low,city_center,26.53
22.77,34.820781320399725,night,low,stormy,normal,airport,48.28
16.83,36.835308314648145,afternoon,low,clear,normal,city_center,25.86
10.51,17.995642738325646,night,medium,clear,low,airport,19.5
10.93,19.491028943768942,afternoon,low,clear,low,city_center,16.83
15.53,28.770650331907138,evening,low,rainy,normal,city_center,28.54
19.25,49.96952779960239,afternoon,medium,clear,normal,airport,40.74
14.54,29.143428272352438,morning,medium,rainy,high,suburbs,37.29
13.21,16.173275878579936,morning,low,clear,low,suburbs,21.17
18.45,33.90393155768169,night,high,rainy,low,airport,36.43
17.93,40.22813847299197,evening,medium,rainy,high,suburbs,48.97
20.93,42.26981609513637,morning,high,rainy,low,city_center,42.41
2.5,5.0,night,medium,clear,low,airport,11.88
19.12,24.153521713272905,night,medium,clear,high,suburbs,35.75
13.33,37.36995306917675,evening,high,rainy,low,suburbs,30.97
2.79,6.173570184134061,afternoon,medium,rainy,normal,city_center,6.37
17.3,56.89773891502977,afternoon,low,rainy,high,airport,52.04
18.2,36.69348903593949,night,high,rainy,normal,suburbs,33.86
13.57,23.42579203501883,morning,high,rainy,normal,suburbs,30.41
20.05,31.36602577088467,morning,high,clear,high,suburbs,50.78
8.21,22.450899962615928,morning,medium,clear,normal,city_center,25.49
5.85,16.049218107671084,evening,medium,rainy,high,suburbs,21.07
9.42,24.98405475423651,afternoon,medium,rainy,normal,suburbs,14.1
10.84,24.54018431590176,night,medium,clear,high,airport,28.46
17.7,37.92799262177191,evening,low,rainy,normal,airport,38.2
21.29,48.2339648385701,night,high,clear,high,city_center,55.35
18.3,36.003256439748725,afternoon,medium,clear,normal,city_center,31.2
5.18,13.179378253425371,afternoon,medium,clear,high,city_center,12.15
9.79,18.163725319996555,evening,medium,rainy,normal,airport,19.9
4.8,18.767208796038197,night,low,clear,low,suburbs,8.47
17.48,44.78362450558482,afternoon,low,clear,normal,suburbs,34.78
6.96,16.147724564332275,afternoon,medium,rainy,high,suburbs,20.5
13.61,26.42467855255267,evening,medium,rainy,normal,city_center,26.49
20.0,41.64426936103885,evening,high,clear,normal,suburbs,42.52
17.1,32.58620638575274,morning,medium,rainy,low,suburbs,26.57
8.16,16.444854480877865,afternoon,medium,clear,low,city_center,16.34
8.99,20.05648503797401,afternoon,medium,clear,low,city_center,13.24
16.68,38.53417683179272,afternoon,medium,clear,normal,city_center,28.77
14.19,31.051619371214564,morning,high,rainy,normal,airport,35.94
3.31,5.898043397572424,evening,high,clear,high,city_center,12.41
21.98,58.15850129383881,morning,medium,clear,normal,city_center,46.93
13.3,20.9714718283481,morning,high,clear,low,city_center,24.96
12.36,21.89199329045841,afternoon,medium,clear,normal,airport,26.86
5.76,16.48357288240243,morning,high,clear,normal,suburbs,13.45
10.05,10.019602428161818,evening,low,rainy,normal,suburbs,9.53
8.99,24.72737408662973,evening,high,stormy,high,suburbs,34.7
7.5,31.429768238931363,evening,medium,rainy,normal,city_center,27.65
14.62,36.259616211451146,morning,medium,clear,low,suburbs,24.16
12.09,25.904646603499998,morning,high,rainy,high,city_center,39.57
22.34,46.12590913451217,evening,medium,clear,normal,suburbs,39.56
23.59,33.740992100408754,morning,low,rainy,low,suburbs,31.71
6.27,6.5277606969722655,morning,high,clear,normal,suburbs,10.41
3.4,5.0,evening,medium,clear,normal,city_center,10.26
19.85,27.465863622785434,morning,medium,clear,high,city_center,45.87
24.88,44.42147285985926,afternoon,medium,clear,low,suburbs,36.27
21.73,51.390467544136015,morning,medium,rainy,high,city_center,61.01
1.57,5.42814255937115,morning,low,clear,low,city_center,6.9
7.03,17.76233222533764,night,medium,clear,normal,airport,17.67
2.04,8.28991143829985,evening,high,clear,low,suburbs,9.93
20.7,42.39521712113499,morning,medium,clear,normal,city_center,42.61
14.95,16.109439683215186,morning,medium,clear,high,city_center,29.94
13.33,27.606375110351756,afternoon,medium,clear,normal,city_center,22.38
14.31,24.93751934482807,evening,low,clear,high,suburbs,32.35
7.06,14.022260453578845,evening,high,clear,normal,airport,18.83
15.44,47.414362705257545,afternoon,low,clear,normal,airport,34.14
1.74,5.0,night,medium,clear,normal,city_center,5.0
16.5,29.777132238392152,evening,medium,clear,high,suburbs,40.46
18.63,37.80693570642109,evening,high,clear,normal,city_center,40.79
17.15,20.727949869684302,night,high,stormy,normal,airport,37.12
8.97,9.648040759910794,afternoon,medium,clear,normal,city_center,15.49
20.83,34.75708826878598,afternoon,high,rainy,low,city_center,33.29
18.17,25.03437608988483,afternoon,medium,clear,normal,city_center,29.15
4.08,12.749116138381286,morning,high,clear,low,city_center,15.75
5.68,7.012770194638802,morning,low,clear,low,city_center,12.32
16.29,17.48135492258563,night,high,clear,high,suburbs,35.11
7.95,15.916436611971656,night,medium,clear,high,suburbs,26.8
3.87,5.0,afternoon,high,clear,low,city_center,12.64
4.72,16.613342261382336,evening,medium,clear,high,city_center,16.84
4.97,10.438325269679014,morning,medium,clear,high,suburbs,14.75
12.47,15.158074828799421,morning,medium,rainy,high,city_center,24.5
15.58,43.29483981229388,afternoon,high,clear,normal,city_center,36.25
5.23,18.612897299583004,evening,medium,rainy,high,suburbs,18.03
18.1,30.188650917560533,evening,high,rainy,normal,city_center,42.94
7.74,26.762593894463325,evening,medium,rainy,normal,city_center,23.79
8.48,14.001768171380643,night,medium,clear,low,airport,16.69
6.36,25.1717246751238,morning,high,clear,normal,suburbs,20.42
19.84,31.852855196102063,afternoon,medium,rainy,low,city_center,31.44
24.04,45.3357193096013,morning,medium,stormy,high,suburbs,64.88
12.82,20.630465968580314,night,medium,rainy,normal,city_center,21.11
2.01,5.0,afternoon,high,clear,high,suburbs,11.49
7.25,19.90192949155919,afternoon,high,clear,high,suburbs,15.93
4.79,5.0,night,low,clear,normal,city_center,5.73
21.23,47.65023759982856,afternoon,low,clear,normal,suburbs,33.13
3.04,7.521377345707758,afternoon,low,clear,normal,city_center,7.17
24.2,43.20546692873857,morning,low,clear,low,suburbs,36.23
15.12,32.34782769736019,afternoon,low,clear,normal,city_center,22.45
13.43,30.287018678595903,evening,high,clear,normal,airport,33.29
21.34,53.33483019316061,night,medium,clear,low,airport,37.1
1.66,5.0,morning,medium,clear,normal,airport,7.94
19.65,40.700560524061,evening,high,clear,normal,suburbs,41.07
3.8,10.999856054628493,morning,high,clear,high,city_center,13.82
21.18,43.08698734817513,evening,medium,clear,high,airport,53.83
13.7,29.495941457836608,afternoon,low,clear,low,suburbs,18.52
2.47,6.3013403007859825,morning,medium,clear,normal,suburbs,7.04
21.0,44.899849380310854,afternoon,high,rainy,normal,airport,41.4
1.66,5.0,night,high,rainy,normal,city_center,8.9
4.32,11.246065065084018,morning,medium,rainy,low,suburbs,8.46
20.15,55.580521084779875,afternoon,high,clear,normal,city_center,44.0
12.16,11.1186371697837,morning,medium,rainy,high,city_center,25.92
22.15,49.245205321906575,night,high,clear,normal,airport,49.25
16.25,36.41864089100649,afternoon,high,clear,normal,suburbs,31.61
15.96,31.59702945392341,night,low,clear,high,suburbs,37.46
8.01,21.5458701521548,morning,low,clear,normal,suburbs,13.39
4.21,7.931344130774493,afternoon,medium,rainy,normal,airport,17.84
24.07,52.50614322463925,afternoon,medium,clear,low,suburbs,38.02
3.52,7.793740872430186,afternoon,high,clear,normal,city_center,9.21
13.7,30.78231696248962,afternoon,medium,clear,normal,suburbs,25.23
7.54,22.29928658940519,afternoon,high,clear,normal,city_center,24.64
7.34,15.65450069281359,morning,low,clear,low,city_center,10.99
15.27,43.867039551402286,afternoon,high,clear,normal,city_center,34.91
20.15,47.95202907994234,evening,high,clear,normal,suburbs,42.04
19.65,42.18689056335255,afternoon,low,stormy,low,suburbs,32.37
21.85,54.14834218700166,afternoon,low,clear,low,suburbs,34.6
8.03,7.443894975428838,night,low,rainy,high,suburbs,12.8
12.18,30.24960096151364,evening,medium,stormy,high,airport,41.2
1.22,7.815444494384268,evening,high,rainy,high,city_center,11.43
18.92,33.58798686261737,morning,high,clear,low,suburbs,36.14
8.26,14.405174929316829,evening,medium,clear,normal,city_center,19.83
14.48,35.65374832916855,morning,medium,rainy,low,city_center,30.53
5.06,16.262188320068788,morning,high,clear,normal,suburbs,15.89
20.67,48.21970732126445,afternoon,medium,clear,normal,airport,39.78
20.61,38.1692097188642,night,high,rainy,normal,city_center,43.5
22.06,54.72196786660745,morning,low,clear,normal,city_center,44.4
2.1,5.0,afternoon,low,rainy,normal,city_center,8.92
24.82,59.793371862028984,morning,low,clear,normal,city_center,47.89
6.95,10.982282657370627,morning,high,clear,high,suburbs,16.38
8.43,10.434333668148748,afternoon,high,clear,normal,city_center,12.96
6.98,16.36506651064874,morning,high,clear,normal,city_center,20.05
7.42,11.343925508817886,evening,medium,rainy,high,city_center,19.09
14.26,33.788919832382305,morning,low,clear,normal,suburbs,28.35
6.76,17.694810937969457,evening,low,clear,normal,city_center,15.09
10.45,17.188515290504743,morning,medium,clear,normal,city_center,18.36
16.73,34.416481593102304,morning,high,rainy,normal,city_center,40.59
21.06,34.69366814339431,afternoon,low,rainy,normal,city_center,28.98
17.63,26.915785186229762,afternoon,high,clear,high,city_center,40.72
15.26,38.45938970738783,morning,low,clear,normal,airport,33.73
4.55,5.0,morning,low,clear,normal,city_center,7.87
20.59,38.07675059080305,afternoon,low,clear,normal,city_center,30.43
1.89,10.671403185531652,evening,low,clear,low,suburbs,7.34
7.34,9.455103439554872,night,medium,clear,normal,suburbs,16.25
2.37,12.294416340701991,morning,high,clear,normal,suburbs,11.72
17.02,51.04071727230495,morning,high,clear,high,suburbs,58.27
9.84,18.8227634686771,afternoon,low,clear,low,city_center,17.3
16.65,32.74988752134775,evening,medium,clear,normal,suburbs,30.9
9.33,7.538769055163417,afternoon,medium,rainy,normal,airport,16.94
11.94,11.74216837656635,morning,low,clear,normal,city_center,17.84
11.99,26.90469572177574,evening,medium,clear,high,city_center,31.92
2.09,9.315548461953728,evening,low,clear,normal,airport,15.09
11.33,21.87514782308775,afternoon,low,rainy,normal,suburbs,24.35
16.39,28.116523481038858,evening,high,clear,normal,suburbs,31.7
14.11,24.43875831327265,morning,high,rainy,normal,city_center,31.95
2.81,5.722616642107748,afternoon,high,clear,normal,city_center,8.9
17.03,24.421153674065554,evening,medium,clear,normal,suburbs,26.73
8.41,10.48202639183531,evening,medium,clear,normal,city_center,10.93
1.35,5.0,morning,medium,clear,low,city_center,10.05
4.73,11.170992308646719,afternoon,low,clear,low,suburbs,9.61
12.94,24.734236782923745,morning,high,rainy,normal,city_center,31.66
8.45,14.559670277614767,night,medium,clear,normal,airport,18.23
17.67,28.11324864674176,afternoon,medium,rainy,high,suburbs,36.9
6.78,17.61271285112959,night,medium,stormy,normal,city_center,14.79
19.55,47.322902167883214,night,high,clear,high,suburbs,52.96
7.88,16.071261697533206,afternoon,low,rainy,normal,city_center,12.77
15.9,28.55997479228852,night,high,rainy,normal,airport,33.4
20.18,58.600000870887555,morning,low,rainy,high,airport,60.97
10.25,11.310637828147065,morning,low,clear,normal,city_center,16.37
2.12,5.140934049097116,afternoon,high,clear,high,city_center,13.74
13.85,22.180455066464468,evening,low,clear,low,city_center,17.69
24.89,51.46170578916716,night,medium,clear,low,suburbs,38.41
24.26,49.07900349730476,afternoon,medium,rainy,high,suburbs,54.48
6.3,13.108714954366423,morning,medium,rainy,high,airport,21.42
19.14,45.58380649563093,morning,high,stormy,high,airport,68.24
9.28,24.606220515378865,afternoon,medium,clear,low,suburbs,17.7
4.85,13.384611005343782,evening,low,clear,low,suburbs,7.96
16.98,31.83692129193069,evening,low,clear,normal,airport,33.97
13.02,30.11418936582556,night,high,clear,high,suburbs,34.83
13.94,33.7692609572884,afternoon,high,clear,normal,suburbs,28.9
20.86,42.90745272781834,afternoon,low,clear,normal,suburbs,31.98
9.08,20.91881506387927,morning,medium,clear,normal,city_center,20.03
17.01,29.510482779379245,evening,medium,clear,normal,city_center,30.95
9.79,29.366925207292866,evening,high,clear,high,city_center,33.85
2.03,10.540585230841799,afternoon,medium,clear,high,airport,16.26
10.07,18.266835809260588,afternoon,high,clear,normal,city_center,20.66
23.8,47.89753907447396,morning,low,clear,normal,city_center,42.56
12.6,32.71457899681059,night,medium,clear,normal,suburbs,27.99
3.6,12.950248006525824,evening,high,rainy,normal,city_center,16.26
17.51,65.9037923059016,evening,low,clear,low,city_center,37.24
24.12,41.49648804165841,morning,medium,clear,normal,city_center,47.73
22.79,45.28142522893886,afternoon,high,rainy,normal,suburbs,41.65
14.73,32.03034397390605,afternoon,high,clear,normal,suburbs,34.6
10.03,22.10690459435917,afternoon,low,rainy,normal,airport,13.92
14.94,29.996577369482154,afternoon,medium,clear,normal,city_center,24.38
20.58,35.66726261553858,afternoon,medium,rainy,normal,airport,36.9
21.67,56.95483635046432,afternoon,low,clear,normal,city_center,37.5
20.65,54.34372601014515,afternoon,medium,stormy,high,suburbs,53.96
11.93,17.95067872808935,morning,low,clear,low,city_center,20.32
3.85,16.223510146676894,evening,high,rainy,high,airport,22.45
14.66,19.264160273804624,evening,medium,clear,high,suburbs,30.85
4.75,10.309402834053305,afternoon,low,clear,normal,city_center,11.2
2.46,5.0,night,medium,clear,high,city_center,17.41
12.97,23.089192351048055,night,low,clear,normal,airport,29.28
16.73,45.268200919949685,evening,high,clear,normal,suburbs,41.54
21.5,43.81637271758399,evening,medium,clear,normal,suburbs,42.78
19.79,42.95034532120421,afternoon,medium,clear,high,suburbs,36.49
21.57,45.524408939811174,afternoon,high,rainy,normal,airport,42.79
19.24,38.577621468690594,morning,medium,clear,high,city_center,46.47
17.88,39.34614376531565,afternoon,medium,rainy,high,city_center,39.13
1.24,5.0,morning,low,clear,low,city_center,7.56
16.03,35.296299242482874,night,low,rainy,high,suburbs,38.68
3.89,7.263493409032221,night,low,clear,low,airport,11.39
2.41,5.0,afternoon,low,clear,high,airport,10.14
4.75,5.0,evening,medium,clear,normal,suburbs,12.29
20.76,35.86589930423557,night,low,clear,normal,airport,31.2
18.85,34.20179320298054,evening,low,clear,normal,suburbs,30.73
23.77,37.53739940084104,morning,low,clear,high,city_center,47.26
24.5,46.956364693475166,night,medium,clear,normal,city_center,40.73
22.44,40.3763516494184,evening,low,clear,normal,suburbs,36.01
4.19,12.441430955625144,morning,low,clear,normal,city_center,11.46
22.08,53.42203571335151,morning,high,clear,high,city_center,66.24
21.13,52.15753329878675,evening,low,rainy,low,city_center,43.9
21.91,40.19203667650141,morning,medium,rainy,high,suburbs,54.78
4.64,7.331499610779676,night,high,stormy,high,city_center,15.66
3.8,7.000552056988537,evening,high,clear,normal,city_center,10.04
23.17,47.62587857048503,morning,medium,clear,normal,city_center,44.63
5.17,5.0,afternoon,medium,stormy,high,city_center,9.67
9.85,19.99583549248281,afternoon,medium,clear,low,suburbs,9.7
11.94,30.273265422200804,morning,medium,rainy,high,suburbs,34.38
3.99,11.118746104020014,evening,medium,clear,normal,city_center,11.55
1.5,10.334661386333574,night,medium,rainy,normal,suburbs,10.84
24.86,47.74803071520826,evening,high,rainy,normal,airport,57.11
22.04,37.89953537086183,afternoon,medium,clear,normal,city_center,36.07
22.9,46.911645929704044,night,low,clear,low,city_center,35.21
7.83,14.971451962629912,night,high,rainy,high,airport,26.89
6.28,20.82123536797914,night,medium,clear,normal,airport,16.85
11.22,20.76391166873423,morning,high,rainy,normal,suburbs,24.79
11.88,29.09710213915818,morning,medium,clear,low,city_center,20.56
1.13,5.0,evening,low,clear,high,city_center,6.34
19.7,40.15196151855282,morning,low,clear,high,city_center,42.82
24.92,52.88728316804575,afternoon,high,clear,normal,city_center,49.91
13.69,17.934777121342712,evening,high,rainy,normal,city_center,27.77
10.32,29.661543313913604,night,high,rainy,low,airport,25.3
10.43,29.06854895910527,afternoon,high,clear,normal,suburbs,19.78
3.31,5.0,evening,high,clear,normal,suburbs,10.96
7.39,10.11909792538993,afternoon,low,clear,normal,city_center,14.34
13.05,23.225969237375494,evening,medium,clear,low,suburbs,17.87
11.36,25.820521302776612,morning,low,clear,low,suburbs,20.94
14.08,34.417049248931626,morning,medium,clear,normal,airport,31.92
21.38,40.63572451299311,evening,high,rainy,normal,city_center,48.79
6.41,7.941689669102327,evening,medium,rainy,high,city_center,13.29
1.66,12.22412981310049,evening,medium,clear,normal,suburbs,8.46
1.92,5.0,morning,medium,clear,low,suburbs,6.31
4.22,10.524711328096206,morning,medium,clear,normal,suburbs,14.13
14.69,29.37703431890833,morning,medium,rainy,normal,city_center,28.31
20.4,47.29237123635405,evening,high,rainy,high,suburbs,58.75
22.28,64.48037487112792,evening,high,clear,high,city_center,68.74
16.24,27.362949627492753,afternoon,low,clear,normal,city_center,22.43
10.68,29.238780174569047,morning,medium,rainy,normal,suburbs,27.71
4.71,16.74050639109366,morning,low,clear,high,city_center,15.09
10.63,21.16140130002783,afternoon,low,clear,normal,city_center,18.99
8.98,17.5658678714804,morning,medium,rainy,normal,city_center,20.43
21.88,35.79478690134212,night,medium,clear,normal,suburbs,30.41
12.68,20.911067618328133,morning,low,stormy,high,suburbs,32.95
6.43,14.433521602601232,afternoon,medium,clear,high,suburbs,17.91
7.93,21.63617703715742,evening,low,clear,normal,suburbs,15.66
4.28,11.027528562210154,night,low,rainy,normal,suburbs,9.1
23.05,41.10797755217724,evening,medium,clear,high,city_center,51.96
2.21,7.494230212053655,afternoon,medium,clear,high,suburbs,5.23
1.31,5.0,afternoon,high,clear,normal,city_center,7.96
5.39,20.297069363838794,morning,medium,clear,low,city_center,14.83
20.46,39.21385863753362,morning,high,clear,normal,suburbs,42.06
13.56,32.68718443073572,evening,medium,clear,normal,suburbs,21.87
16.02,31.86917334681646,evening,medium,clear,normal,city_center,31.78
9.59,12.191916029063073,afternoon,medium,clear,low,suburbs,15.78
2.65,5.0,evening,high,clear,normal,city_center,7.72
21.55,41.17443929978033,evening,medium,clear,high,city_center,48.85
5.61,8.77797113568957,afternoon,high,clear,normal,airport,17.72
1.79,5.0,afternoon,medium,clear,normal,airport,7.04
14.74,25.78306494955917,night,high,rainy,normal,airport,27.28
3.0,5.0,morning,high,clear,normal,suburbs,8.53
3.3,5.0,morning,high,clear,high,suburbs,9.49
20.21,55.14006558801186,morning,low,clear,high,city_center,54.94
12.8,31.503270630259884,evening,medium,clear,normal,suburbs,26.32
6.8,18.01052358069986,night,medium,clear,high,city_center,21.52
9.37,23.48370468764179,morning,medium,clear,high,city_center,27.77
18.5,36.72359205913168,morning,low,clear,high,airport,48.66
2.59,5.4935555634934,night,high,stormy,high,city_center,20.1
3.8,5.0,evening,low,clear,normal,city_center,7.95
15.79,33.69330877445724,night,medium,clear,low,city_center,25.55
15.57,32.43060693755514,evening,medium,clear,normal,suburbs,26.39
24.34,53.28475001968021,evening,medium,clear,normal,suburbs,44.58
9.99,12.67141328730375,afternoon,high,clear,low,city_center,16.38
2.56,8.588968257611763,morning,high,clear,normal,city_center,9.61
13.9,19.43521994290539,evening,medium,rainy,normal,city_center,25.73
16.32,37.36402561608004,afternoon,low,clear,normal,city_center,28.05
4.35,17.859423360374794,afternoon,low,clear,normal,suburbs,11.42
14.27,25.953425115930703,afternoon,low,clear,low,suburbs,18.01
5.75,7.28986545632401,morning,medium,clear,high,city_center,11.25
21.27,41.499292338142396,evening,low,rainy,normal,airport,44.67
21.04,39.999003785162046,afternoon,medium,clear,normal,city_center,33.03
11.31,23.628236214854955,evening,medium,clear,normal,suburbs,23.79
24.2,61.99325447865255,morning,low,clear,high,city_center,60.26
24.51,40.05897154763613,evening,high,clear,normal,city_center,44.36
4.1,5.0,afternoon,high,clear,normal,city_center,8.81
9.83,20.714055387119092,morning,medium,clear,normal,airport,19.64
15.41,23.97808598640605,afternoon,medium,clear,normal,suburbs,20.15
3.04,5.0,afternoon,low,rainy,low,airport,9.8
10.18,21.241676173220757,evening,low,rainy,normal,suburbs,16.84
7.27,17.68059497077421,morning,medium,clear,high,airport,24.99
23.85,52.63849694521635,evening,medium,clear,normal,city_center,43.6
10.88,25.210603154873155,morning,high,clear,normal,city_center,28.09
19.3,47.50185320759824,afternoon,medium,clear,low,city_center,26.4
10.28,18.259959828212303,evening,low,rainy,normal,suburbs,19.57
4.16,9.489374963319092,morning,high,clear,normal,city_center,12.41
21.72,51.57640554732765,morning,high,rainy,normal,suburbs,48.65
1.01,5.0,afternoon,high,clear,high,suburbs,6.21
2.34,5.987488445988729,afternoon,high,clear,normal,city_center,9.18
9.75,13.944511282916492,afternoon,high,clear,high,airport,20.75
17.49,50.02626884468207,night,medium,clear,high,city_center,47.39
9.2,5.023179841096727,morning,high,clear,low,suburbs,17.47
2.59,9.1124340507096,night,high,clear,high,suburbs,7.69
8.63,21.502583937839013,night,medium,rainy,normal,airport,27.18
6.88,15.83747318570943,morning,medium,clear,normal,suburbs,17.04
1.13,5.0,evening,medium,rainy,normal,city_center,5.18
13.84,15.157539059659598,night,low,clear,normal,suburbs,18.74
3.8,11.439315979112926,morning,medium,rainy,normal,city_center,10.72
7.9,23.10768368045147,afternoon,medium,clear,high,airport,26.16
16.39,39.51669602658465,evening,medium,rainy,high,suburbs,48.64
18.4,35.400637218136914,evening,medium,clear,normal,city_center,35.86
7.32,14.177610577160456,evening,high,clear,normal,airport,20.92
8.9,16.6116398381633,afternoon,high,clear,high,suburbs,22.97
6.93,17.89309931822022,morning,high,clear,normal,city_center,15.81
23.97,50.221413176678276,evening,medium,clear,high,city_center,62.36
5.57,17.013778304921864,afternoon,high,clear,normal,city_center,14.8
5.4,5.0,evening,low,clear,high,suburbs,11.09
11.68,18.347443314956287,afternoon,medium,clear,normal,airport,23.22
5.54,14.180734096752138,afternoon,medium,stormy,normal,airport,16.66
4.76,19.745992866824178,night,low,clear,low,city_center,10.46
3.3,6.6209604709688366,evening,high,rainy,normal,city_center,11.92
16.36,39.26897908258885,evening,low,clear,high,airport,44.3
15.69,41.182159432985344,night,high,rainy,normal,suburbs,32.71
16.6,29.325926800229443,afternoon,high,rainy,normal,city_center,34.31
19.56,41.56402478500916,evening,medium,clear,high,airport,46.09
8.83,13.570286117566189,afternoon,low,clear,high,airport,19.06
23.04,49.88346871170252,evening,high,clear,normal,city_center,52.34
18.6,37.4730654554847,evening,high,stormy,high,city_center,58.78
20.31,61.203418099882185,night,high,clear,normal,city_center,50.68
18.3,45.210714871492,afternoon,high,clear,normal,airport,44.08
9.6,23.30227077312832,evening,high,clear,low,city_center,24.58
7.79,10.95361214977505,afternoon,high,rainy,normal,airport,23.27
11.14,15.564308508129315,evening,low,clear,high,city_center,24.16
3.33,6.537057734899236,night,high,clear,normal,city_center,9.53
11.83,44.835226322923994,evening,high,clear,high,airport,49.79
2.04,5.0,evening,medium,rainy,normal,suburbs,9.02
1.09,7.1940824843189874,evening,medium,clear,normal,city_center,6.16
23.36,45.175725440804534,afternoon,high,rainy,low,airport,46.09
17.54,37.601726337783404,evening,low,clear,normal,airport,36.61
14.48,33.32894988765397,evening,high,rainy,high,city_center,48.43
9.19,27.133223635976663,afternoon,low,clear,normal,city_center,21.26
14.69,35.28454572492462,night,medium,rainy,normal,airport,32.82
22.4,39.763884468176556,afternoon,medium,clear,high,suburbs,47.59
16.66,38.45903019159719,morning,low,rainy,normal,city_center,36.28
15.46,16.86449565569673,evening,low,clear,normal,city_center,19.35
12.04,16.6043174043734,morning,medium,clear,high,city_center,22.39
9.3,17.494460864802736,evening,medium,stormy,normal,city_center,19.37
17.77,57.191146999746486,night,low,clear,high,suburbs,45.49
24.54,57.0942763191761,evening,medium,clear,high,suburbs,63.68
11.19,26.732475886363865,evening,medium,clear,normal,city_center,23.56
10.41,20.817795481869013,night,high,clear,normal,city_center,21.56
11.27,25.887391699846734,afternoon,medium,clear,low,city_center,19.96
11.21,13.385469338934207,morning,medium,clear,normal,suburbs,21.79
24.77,67.10620796881989,evening,medium,clear,normal,city_center,53.07
17.96,36.68730244823899,evening,high,rainy,normal,city_center,40.55
9.62,18.73963108575626,night,high,clear,normal,suburbs,16.49
9.92,15.232827658682357,afternoon,high,stormy,high,city_center,24.35
11.34,16.379382816476287,morning,high,clear,normal,suburbs,18.33
1.88,5.988338926371753,morning,high,rainy,normal,airport,13.92
13.67,28.2961789037209,afternoon,low,rainy,normal,suburbs,23.3
20.47,38.65571411612789,evening,low,clear,low,suburbs,32.51
16.85,29.344053795930083,afternoon,medium,clear,low,city_center,26.65
5.76,18.054814096899992,morning,medium,clear,normal,city_center,16.44
18.47,47.75937635877877,morning,medium,clear,high,suburbs,46.46
18.27,43.10568586995082,afternoon,high,clear,high,suburbs,44.43
7.3,16.202605043110466,afternoon,medium,clear,high,suburbs,17.62
15.95,28.482655372790532,evening,low,clear,low,city_center,24.64
15.66,39.22585259906118,night,high,rainy,high,city_center,42.14
21.15,42.14082948815023,evening,high,clear,high,city_center,56.34
4.27,13.548120920569373,afternoon,low,rainy,normal,airport,18.47
5.68,5.0,morning,medium,clear,high,city_center,14.68
12.66,29.78885611045623,afternoon,high,clear,high,city_center,34.64
2.06,11.432779516042721,evening,medium,clear,low,suburbs,5.67
10.97,14.92127408618477,afternoon,medium,rainy,normal,airport,18.22
19.92,38.35569155872085,afternoon,high,clear,normal,city_center,36.99
4.57,5.869362876486235,evening,high,clear,normal,city_center,12.66
12.04,22.022303794753682,evening,medium,clear,high,airport,30.03
24.75,39.33563827718993,afternoon,medium,clear,normal,suburbs,37.41
13.14,33.69071347508951,evening,high,stormy,normal,city_center,36.18
12.96,18.478168303240555,afternoon,high,stormy,high,suburbs,33.0
14.41,22.980922545523534,morning,low,clear,normal,city_center,25.09
5.46,13.882809516819684,night,medium,clear,high,airport,19.87
4.53,14.068098237049034,morning,medium,clear,normal,suburbs,18.52
17.26,28.17553007180697,morning,low,clear,low,suburbs,26.51
10.5,23.995858095009595,evening,high,rainy,normal,airport,30.58
7.96,10.726964160513965,afternoon,high,clear,low,city_center,15.6
1.75,5.0,evening,low,clear,low,suburbs,5.0
21.31,51.08520795177291,night,high,clear,normal,city_center,46.84
1.78,5.0,afternoon,low,clear,high,city_center,8.58
19.0,43.49040583924487,morning,low,clear,normal,city_center,35.92
10.17,17.55586606097775,morning,low,clear,normal,airport,22.0
15.37,36.69660379205383,morning,medium,clear,low,city_center,28.61
6.94,20.544360890702016,evening,high,rainy,normal,suburbs,19.9
4.73,7.492852861490733,afternoon,medium,rainy,low,suburbs,10.98
13.8,37.449800282934966,afternoon,low,clear,high,suburbs,32.63
17.69,66.83971737430238,evening,low,clear,normal,suburbs,36.38
5.69,20.636814563524382,evening,low,clear,high,suburbs,23.19
11.47,21.04343116063293,night,low,stormy,low,city_center,21.88
11.67,16.72733086337644,afternoon,medium,clear,low,city_center,23.23
6.18,7.869475531742079,evening,high,clear,low,city_center,12.91
14.56,18.500975152236315,afternoon,high,clear,high,suburbs,32.84
4.5,13.479213111262917,night,low,clear,normal,suburbs,12.03
13.23,34.511503078691796,night,low,clear,high,city_center,33.29
3.72,7.589282482184347,evening,medium,rainy,low,suburbs,11.62
12.65,19.344864033638608,evening,medium,rainy,low,city_center,21.5
8.48,12.906290405386544,evening,low,rainy,normal,city_center,17.12
11.85,29.184899534959904,evening,high,rainy,low,city_center,25.18
11.41,21.846147077354402,afternoon,medium,clear,low,suburbs,16.17
22.79,53.32924295984198,evening,medium,clear,low,suburbs,37.15
12.76,38.2055612827993,night,high,clear,normal,city_center,31.45
20.64,32.466756769799964,evening,medium,rainy,normal,city_center,38.88
6.42,5.0,afternoon,high,clear,normal,city_center,12.86
9.45,11.942515181688002,afternoon,high,clear,normal,city_center,17.83
2.8,8.155687845304978,evening,high,stormy,normal,suburbs,12.44
11.1,19.41468588331879,morning,low,clear,normal,airport,30.34
17.05,27.83950470208112,afternoon,low,clear,high,airport,35.09
21.12,45.2614160481479,morning,high,clear,normal,suburbs,50.91
14.58,22.642621351868925,afternoon,low,clear,high,suburbs,23.12
16.36,33.127865373192876,morning,medium,rainy,high,city_center,36.93
5.25,16.829747251179533,afternoon,high,clear,normal,suburbs,16.55
1.89,11.991102284141363,night,low,rainy,normal,airport,13.05
20.0,45.33594748585631,morning,low,clear,normal,city_center,33.98
5.01,5.4777805564438244,afternoon,medium,clear,normal,city_center,9.66
3.19,5.501104975613244,afternoon,high,stormy,high,suburbs,10.11
23.5,38.08289555598424,evening,medium,clear,high,city_center,53.1
24.12,56.10902723918536,night,high,clear,normal,airport,52.42
15.79,31.175990311817664,evening,high,clear,normal,suburbs,36.36
10.09,27.48713307251345,night,medium,clear,high,suburbs,26.69
21.0,45.549838349445,morning,low,clear,normal,suburbs,38.05
5.91,10.310367207555997,afternoon,medium,rainy,normal,city_center,11.87
11.31,24.254380990212304,night,medium,rainy,low,suburbs,20.83
9.57,20.789790041287475,morning,low,clear,normal,city_center,19.5
22.9,50.925831509705475,afternoon,medium,clear,low,airport,41.17
23.07,52.70374026560383,afternoon,medium,clear,low,city_center,32.3
16.62,39.76237453752202,night,high,clear,low,suburbs,31.18
3.66,5.0,afternoon,high,stormy,normal,suburbs,7.42
12.57,27.788356245995825,night,high,clear,normal,city_center,24.74
6.89,15.71434669604012,evening,low,stormy,high,city_center,19.22
22.24,38.99900558546352,afternoon,medium,clear,normal,suburbs,30.92
4.32,12.097609909941509,morning,low,clear,low,city_center,11.81
2.3,11.438932889104173,afternoon,medium,rainy,normal,city_center,10.65
17.91,32.641202667308484,morning,medium,clear,normal,city_center,35.05
11.88,33.10214257666915,afternoon,medium,clear,high,city_center,29.65
21.12,28.31820617500789,afternoon,low,clear,high,city_center,39.68
2.79,8.973986482152812,evening,high,rainy,normal,city_center,11.38
20.23,32.134115034793496,afternoon,low,clear,normal,airport,34.5
1.9,5.0,night,high,clear,normal,city_center,8.11
1.67,5.0,morning,medium,rainy,normal,airport,9.3
12.07,18.58762622156653,night,medium,clear,normal,suburbs,15.48
6.31,5.0,evening,low,clear,low,airport,10.86
15.25,27.5520053174553,evening,high,rainy,normal,airport,35.15
1.62,6.98822206052146,evening,medium,clear,normal,suburbs,5.28
1.85,5.0,morning,medium,clear,normal,suburbs,7.63
18.45,27.840995897459198,evening,high,clear,low,suburbs,33.68
6.04,12.994257622072482,evening,low,clear,normal,city_center,16.51
16.75,28.68722979145287,evening,medium,stormy,normal,airport,30.52
19.0,41.531864757026895,night,high,clear,low,city_center,33.97
2.42,8.130806520163123,morning,medium,clear,normal,suburbs,7.04
19.47,57.342133928821674,night,high,clear,normal,city_center,44.28
7.44,24.139755303947325,night,medium,stormy,normal,city_center,16.47
10.35,27.22972709596273,night,high,clear,high,suburbs,32.78
3.08,12.586217711377284,evening,high,clear,high,suburbs,19.33
21.13,44.00682849640106,evening,high,clear,high,suburbs,56.74
14.46,31.375112232078433,evening,medium,clear,normal,airport,38.28
13.11,37.61585992559686,afternoon,medium,clear,low,city_center,18.17
24.25,47.36049129050609,night,high,clear,normal,airport,47.11
9.03,16.594325452670482,morning,medium,clear,normal,city_center,17.98
22.38,70.72424271671667,night,high,clear,normal,airport,58.43
18.27,49.34655835917374,afternoon,high,stormy,low,suburbs,39.23
23.28,35.4147807410892,afternoon,low,clear,normal,suburbs,28.51
22.79,47.18669418835054,afternoon,medium,rainy,high,suburbs,51.13
24.78,50.90248144847859,evening,high,rainy,high,city_center,72.83
4.16,12.760694801773944,morning,low,clear,normal,city_center,10.68
20.1,22.355766692029544,evening,low,clear,high,city_center,37.62
20.31,27.909995027789808,afternoon,low,rainy,normal,suburbs,25.13
16.46,46.3267785513061,evening,high,stormy,low,suburbs,42.85
7.69,20.820450627705814,morning,medium,clear,low,airport,17.68
24.16,37.884349742060074,morning,low,clear,high,suburbs,45.62
5.91,11.303890513749762,morning,low,clear,normal,airport,20.7
12.99,31.23089241791527,morning,medium,rainy,normal,city_center,29.32
13.52,14.366452899066125,evening,medium,clear,high,suburbs,25.08
4.88,14.165545155564672,afternoon,low,clear,normal,city_center,6.84
18.34,42.605930470825655,evening,medium,clear,low,city_center,33.79
3.13,5.0,evening,medium,clear,normal,suburbs,7.29
17.63,35.80104625016353,morning,medium,clear,low,suburbs,31.95
21.37,29.3159404512933,night,medium,rainy,normal,airport,31.4
9.39,16.17050782550746,evening,high,clear,high,suburbs,23.89
18.03,25.941895359252058,morning,medium,clear,high,city_center,40.87
4.76,8.25661981089618,evening,low,rainy,normal,suburbs,9.59
21.3,43.533681656851506,afternoon,medium,rainy,normal,city_center,38.67
23.85,74.21830826672858,afternoon,high,clear,high,airport,73.29
4.66,22.213157856148438,afternoon,low,clear,normal,city_center,14.43
17.6,26.83847922434425,afternoon,high,stormy,normal,city_center,36.33
13.14,32.80153683694291,afternoon,medium,rainy,normal,suburbs,21.58
13.76,23.54223778749315,afternoon,medium,rainy,normal,suburbs,22.98
17.96,57.00914146794512,afternoon,medium,rainy,normal,suburbs,37.87
12.73,35.1010584981195,evening,high,clear,normal,suburbs,36.61
15.41,24.376461313406182,morning,low,clear,low,city_center,18.68
6.54,15.592333473130632,morning,high,rainy,high,suburbs,21.45
10.08,16.844380797387927,afternoon,low,rainy,normal,city_center,18.73
21.77,48.04715889687391,afternoon,low,clear,high,suburbs,46.19
3.64,13.072336370540476,evening,low,rainy,low,suburbs,9.07
15.34,26.87716756804311,evening,high,clear,normal,city_center,31.48
5.42,5.0,afternoon,high,rainy,high,city_center,13.77
21.32,57.05496428925657,evening,medium,clear,high,airport,65.32
14.9,25.641942599803272,afternoon,low,clear,high,airport,32.98
10.67,25.36242410462377,afternoon,high,stormy,normal,airport,28.26
7.0,19.33999672828349,evening,low,clear,normal,suburbs,13.89
11.48,11.109900808785856,evening,low,clear,high,city_center,21.34
23.98,51.66465849432596,evening,low,clear,low,city_center,41.56
13.22,31.916996762246708,evening,low,clear,high,suburbs,35.85
12.27,16.899853083111296,afternoon,high,rainy,normal,suburbs,17.03
18.91,38.08318240705621,night,medium,rainy,normal,airport,36.78
10.1,10.829594674157908,night,medium,clear,normal,city_center,17.61
11.26,25.624606012244897,afternoon,high,clear,high,city_center,31.31
9.09,17.25394233857625,night,high,clear,low,city_center,17.14
4.62,5.0,afternoon,low,clear,normal,suburbs,9.3
18.13,44.25328398012728,night,low,clear,normal,suburbs,34.77
21.95,42.057677150059746,night,low,clear,high,suburbs,42.14
22.73,45.24289411524064,afternoon,medium,stormy,high,city_center,50.52
22.14,36.72468038994354,afternoon,low,clear,high,airport,44.72
11.84,16.98175972229615,evening,medium,rainy,high,city_center,26.09
7.82,25.899028375564704,afternoon,low,clear,high,suburbs,22.62
16.31,25.90715538705727,evening,high,clear,high,suburbs,38.36
23.91,45.070872997699645,afternoon,medium,rainy,normal,city_center,44.62
18.45,37.57434113572601,afternoon,medium,clear,normal,airport,31.55
12.88,18.47167243506743,afternoon,medium,clear,normal,suburbs,18.44
17.53,35.66724098411494,evening,high,clear,low,suburbs,33.7
19.54,44.91991601311471,evening,medium,rainy,normal,city_center,39.32
23.06,44.40442535923768,evening,medium,rainy,low,airport,43.09
19.32,61.60429094434284,evening,low,clear,low,city_center,39.2
11.4,35.165901064451816,evening,low,rainy,normal,city_center,32.5
7.57,15.610776901242449,afternoon,low,clear,normal,city_center,15.12
13.0,30.612382323396332,afternoon,low,clear,high,airport,33.24
8.88,15.076608909031584,afternoon,medium,rainy,high,suburbs,22.67
23.63,50.67024399096496,evening,high,clear,normal,suburbs,51.54
13.19,32.18204568727899,morning,medium,clear,high,city_center,39.47
12.33,23.204968508060915,evening,high,clear,normal,airport,28.88
9.36,12.331836039924715,morning,medium,rainy,normal,city_center,14.63
16.35,33.92914883602805,afternoon,medium,clear,high,airport,43.79
13.48,33.759008206122026,evening,medium,clear,high,suburbs,37.23
4.1,7.67440628580042,evening,low,rainy,high,airport,15.55
21.86,41.477670962874946,afternoon,medium,clear,normal,suburbs,30.81
9.62,18.194300572448203,evening,high,clear,high,city_center,27.65
11.38,18.931858013633995,night,low,clear,normal,suburbs,22.35
5.94,19.974110327539854,morning,medium,clear,high,suburbs,16.93
14.28,30.738394472527784,night,medium,clear,normal,suburbs,29.61
17.85,26.194664038801633,afternoon,high,clear,high,airport,41.19
22.15,43.531229955150756,afternoon,low,clear,high,airport,47.59
2.24,5.528160037141337,evening,medium,rainy,low,airport,11.27
24.36,41.70718149711212,evening,low,rainy,normal,suburbs,41.43
17.89,36.90301117702883,evening,low,rainy,high,city_center,40.71
7.82,23.775963311757444,afternoon,medium,rainy,low,suburbs,21.5
5.91,10.69897581215444,afternoon,low,clear,normal,city_center,13.27
8.11,8.208807196255508,afternoon,medium,clear,normal,city_center,15.08
22.02,58.882942871124364,evening,low,clear,normal,city_center,44.65
7.99,5.0,evening,high,clear,low,suburbs,12.96
12.11,36.57428033661746,night,medium,stormy,high,suburbs,38.53
17.94,34.030558446538144,afternoon,low,clear,normal,airport,32.46
21.93,64.4524680841325,evening,low,rainy,low,suburbs,40.06
16.81,32.04433856019908,evening,high,clear,high,city_center,44.84
19.07,41.96222864722578,evening,low,clear,normal,city_center,38.29
5.16,10.127764155621996,night,medium,clear,low,airport,17.64
22.06,44.65764059402608,evening,high,clear,high,city_center,58.81
7.62,21.788434483891407,morning,low,rainy,high,airport,27.4
4.08,9.909236759989284,evening,high,clear,high,city_center,15.63
24.43,67.93208924504846,night,medium,rainy,normal,suburbs,50.77
5.84,7.687636306546092,morning,low,rainy,normal,suburbs,10.53
4.28,10.840623644809913,evening,high,clear,high,city_center,16.26
16.02,40.86433360952594,evening,medium,clear,normal,city_center,32.24
8.65,26.743152895078577,afternoon,low,clear,low,city_center,19.13
4.2,5.0,night,medium,rainy,normal,airport,12.8
15.43,20.2887355554183,evening,high,stormy,high,suburbs,41.38
19.22,26.24000326502821,morning,medium,clear,normal,city_center,31.81
20.04,44.6439958331638,morning,high,rainy,low,city_center,46.52
4.73,6.6522509375251335,morning,low,stormy,high,airport,19.11
14.36,46.93885366133716,night,low,clear,normal,city_center,34.25
20.53,40.44968990744623,morning,low,clear,normal,city_center,34.3
4.87,11.78720754371431,evening,high,rainy,high,suburbs,18.16
5.98,14.538375339199293,evening,low,stormy,normal,suburbs,14.51
1.06,5.0,morning,high,clear,normal,city_center,14.21
13.59,27.509018424651607,morning,low,clear,normal,city_center,25.87
5.67,11.421059847380805,evening,medium,rainy,high,suburbs,14.31
18.38,32.2639521154058,afternoon,high,clear,normal,airport,37.59
24.09,36.75742775665814,afternoon,low,clear,normal,city_center,35.22
6.01,14.133099363214896,afternoon,low,clear,normal,suburbs,14.98
16.58,28.71293441022706,morning,low,clear,high,city_center,36.28
6.08,11.725633795865342,afternoon,medium,clear,high,airport,22.56
1.43,10.268305036472931,afternoon,medium,clear,normal,city_center,8.52
19.21,27.49347046055289,afternoon,low,clear,normal,city_center,28.48
11.42,22.71985550716427,morning,low,stormy,normal,city_center,27.02
23.72,62.95815013706458,evening,high,clear,low,city_center,50.92
13.82,28.496553041863578,afternoon,medium,rainy,high,airport,32.46
4.78,13.004187368521908,morning,high,clear,high,suburbs,18.07
11.79,18.8247024101126,evening,low,clear,high,city_center,25.89
5.87,24.856932696875806,evening,low,clear,normal,airport,18.5
22.07,46.832264150002665,night,medium,clear,normal,suburbs,37.71
17.58,36.83996775965543,evening,low,clear,high,suburbs,38.27
9.19,17.894082644374762,afternoon,medium,rainy,high,city_center,23.11
13.67,33.20376186263817,evening,medium,rainy,normal,city_center,30.75
17.07,31.188433536984014,night,medium,clear,normal,airport,32.22
19.79,30.325530017458412,afternoon,low,clear,high,airport,37.71
2.92,9.17656268066197,morning,high,clear,high,city_center,10.81
1.54,5.0,morning,high,clear,normal,city_center,8.59
3.75,9.906620761821724,night,medium,clear,normal,suburbs,11.98
10.48,21.600558511843044,morning,medium,rainy,high,airport,34.83
12.2,30.436709024632744,night,medium,clear,low,city_center,19.13
4.28,5.846334419683023,evening,low,clear,high,suburbs,9.81
10.87,15.084129012456046,evening,medium,clear,low,city_center,17.44
11.6,23.894675836469634,afternoon,low,rainy,high,airport,27.11
3.62,5.0,afternoon,high,clear,high,suburbs,8.58
23.0,70.74110026375536,afternoon,medium,clear,low,suburbs,36.99
15.38,38.63762142030079,evening,medium,clear,high,suburbs,44.64
10.32,21.049599843380996,evening,high,rainy,normal,suburbs,24.55
13.17,34.75097761097032,afternoon,high,rainy,normal,city_center,34.17
8.54,17.678177098052146,afternoon,low,clear,low,airport,18.45
21.5,45.89711782142236,evening,medium,clear,normal,suburbs,43.44
14.8,29.219203571654628,afternoon,high,rainy,normal,suburbs,25.05
12.88,34.18191235616241,evening,medium,clear,low,airport,32.76
22.86,38.92045535171531,morning,low,clear,high,suburbs,47.58
21.11,49.348858833346284,night,high,rainy,high,airport,62.69
20.51,41.04282162839768,afternoon,high,rainy,normal,city_center,42.8
6.41,10.160331699015948,afternoon,low,clear,high,city_center,14.61
4.67,9.768055609416098,afternoon,low,clear,low,city_center,10.58
17.56,27.40840790397091,afternoon,low,clear,high,airport,34.33
12.25,25.470186106954113,morning,high,clear,normal,suburbs,31.66
17.41,34.67111894577375,afternoon,high,clear,normal,airport,34.63
19.26,56.74731988141442,afternoon,medium,clear,normal,city_center,35.01
8.09,15.951029781012322,afternoon,high,clear,normal,suburbs,13.73
7.83,15.62641804317119,morning,low,clear,normal,city_center,13.32
12.78,27.305699867873585,night,medium,clear,high,airport,29.74
7.57,13.172457127356015,night,low,clear,normal,airport,17.85
17.02,29.684883687922714,afternoon,high,rainy,normal,suburbs,27.88
18.92,62.71836179568328,morning,low,clear,low,city_center,36.99
12.33,17.23723581402794,afternoon,high,clear,high,suburbs,21.29
18.37,40.70231419029574,night,high,stormy,low,airport,46.65
13.25,29.397088890275647,evening,high,clear,normal,suburbs,30.84
18.11,42.82065783591156,evening,medium,clear,normal,city_center,31.72
6.4,12.093055266002352,evening,medium,rainy,normal,airport,18.19
18.73,42.50262300334252,evening,low,clear,low,city_center,31.8
18.16,32.624759967708776,morning,low,clear,normal,city_center,31.37
7.4,14.931544987803571,afternoon,medium,clear,normal,suburbs,13.93
14.34,28.826185644317437,evening,low,rainy,normal,city_center,24.43
21.53,50.670516831045596,morning,medium,stormy,normal,city_center,46.85
6.99,5.0,morning,low,clear,normal,city_center,10.67
18.66,49.77314953274342,evening,medium,rainy,high,airport,58.82
23.9,51.35098968987596,evening,low,clear,normal,city_center,42.61
21.79,60.64962683318116,morning,low,rainy,high,suburbs,59.58
10.64,15.62399469504831,afternoon,low,stormy,normal,suburbs,14.35
15.57,34.22364851759408,morning,low,rainy,high,airport,41.97
24.8,43.49077686262084,morning,medium,clear,normal,suburbs,43.9
14.64,29.564888212761627,afternoon,low,clear,low,suburbs,21.67
3.76,10.287307843354744,evening,medium,clear,high,suburbs,13.45
2.09,5.0,afternoon,medium,clear,normal,suburbs,7.39
19.97,45.73333934043936,evening,low,clear,low,suburbs,34.26
11.17,25.66633168833481,morning,medium,clear,low,airport,23.96
6.92,20.794404489431496,morning,low,clear,high,suburbs,21.99
9.34,20.828603575175254,afternoon,low,rainy,normal,city_center,18.32
19.18,43.510153546765906,evening,high,clear,normal,suburbs,41.29
12.17,27.67908796621699,night,medium,clear,normal,suburbs,21.13
21.84,27.67607260648743,afternoon,high,clear,high,city_center,47.47
18.64,49.91216758927827,evening,high,clear,low,suburbs,41.46
24.38,42.64625901601428,morning,low,clear,low,airport,39.33
22.32,40.69896496683707,morning,high,clear,normal,suburbs,42.56
7.11,16.14168757349055,morning,medium,stormy,normal,airport,21.08
16.82,32.45773951856748,morning,medium,clear,normal,city_center,33.8
1.49,5.0,night,medium,clear,normal,city_center,5.0
24.79,64.27124557332341,evening,medium,rainy,high,city_center,69.0
7.26,5.0,night,high,clear,high,suburbs,16.86
16.96,21.508732777614064,evening,high,clear,normal,suburbs,31.45
21.38,34.30888797945386,evening,medium,clear,normal,city_center,38.16
4.85,5.0,afternoon,high,rainy,high,city_center,9.84
21.35,67.476428186793,morning,high,clear,high,airport,76.53
1.29,5.0,morning,high,clear,normal,airport,9.38
11.61,32.27711783619297,morning,medium,clear,normal,city_center,25.7
12.33,16.190878000612663,morning,medium,clear,normal,suburbs,16.27
9.98,14.25415221839625,morning,medium,clear,normal,city_center,21.19
15.07,16.30683242826401,evening,low,rainy,low,city_center,23.48
22.96,42.12032226413798,afternoon,low,clear,high,city_center,42.74
8.85,13.198446692448622,afternoon,medium,stormy,normal,suburbs,16.75
14.9,31.099803021768903,afternoon,high,clear,normal,city_center,31.38
22.06,52.8975158200274,afternoon,low,clear,low,airport,40.11
19.55,75.89500513002994,morning,low,rainy,high,city_center,66.31
1.98,5.0,afternoon,medium,clear,normal,suburbs,5.0
23.63,50.5524896289602,night,medium,clear,low,city_center,34.62
2.12,11.021775153988282,evening,high,clear,normal,airport,20.07
15.13,29.342323066614963,night,medium,clear,normal,city_center,25.91
14.81,31.56062224414354,afternoon,medium,clear,high,airport,36.79
19.87,40.974360615675465,evening,high,rainy,low,city_center,41.93
4.56,6.221018442939838,evening,high,clear,low,airport,16.57
5.3,12.708426831488907,night,high,clear,high,suburbs,16.07
19.05,48.82373855125584,afternoon,high,rainy,high,city_center,56.19
4.59,5.0,evening,medium,clear,high,city_center,19.22
12.27,21.075415110333235,afternoon,high,clear,low,suburbs,18.99
18.56,56.022024488036664,afternoon,medium,rainy,normal,suburbs,38.63
16.63,34.4344397001497,afternoon,medium,rainy,normal,airport,31.07
6.05,6.467434606462311,afternoon,medium,clear,normal,suburbs,8.38
8.3,19.931173102959903,night,high,clear,normal,airport,21.58
24.26,39.70647856999514,night,low,clear,normal,city_center,34.0
11.77,17.702080447712966,evening,high,clear,normal,city_center,22.13
2.07,5.0,morning,high,clear,normal,suburbs,10.66
6.27,16.031895528551217,afternoon,medium,clear,high,city_center,22.04
9.22,7.049671081758385,afternoon,medium,clear,normal,city_center,16.9
24.99,49.8197792995864,evening,medium,clear,low,city_center,41.47
8.26,27.90830175219241,morning,medium,clear,high,airport,33.87
1.63,5.0,evening,low,clear,high,suburbs,5.0
13.31,25.647366453079727,afternoon,low,clear,high,city_center,21.26
3.01,7.769825437898417,afternoon,medium,clear,normal,city_center,7.85
7.58,24.252882306539128,morning,low,rainy,normal,airport,24.12
24.82,50.382080441503085,morning,low,rainy,normal,suburbs,44.06
17.91,42.69813045351267,night,high,clear,normal,city_center,38.84
2.22,5.0,evening,medium,clear,low,suburbs,6.0
11.77,23.651767093915456,evening,high,clear,normal,airport,29.48
5.12,5.0,morning,medium,clear,high,suburbs,10.92
3.95,5.0,evening,medium,clear,high,suburbs,11.48
15.09,38.184446973136026,morning,high,clear,normal,suburbs,39.79
13.14,40.018735737983114,afternoon,medium,rainy,low,airport,28.45
18.83,35.380934609048744,evening,medium,clear,high,suburbs,46.81
22.42,79.15545767957884,morning,low,clear,normal,suburbs,48.66
6.92,14.05712723820067,evening,low,clear,normal,suburbs,11.81
23.15,49.15972761400628,evening,low,clear,normal,suburbs,42.85
13.43,20.490755955110693,afternoon,low,clear,normal,suburbs,22.97
7.21,10.544137777692786,afternoon,high,stormy,normal,suburbs,12.7
21.3,29.213240713517525,afternoon,high,clear,normal,airport,33.67
1.85,5.0,evening,low,clear,normal,city_center,6.35
14.43,30.48114687983597,afternoon,low,clear,normal,airport,30.97
18.32,29.647660686900274,evening,medium,clear,low,city_center,30.29
7.72,10.664480490685985,evening,medium,stormy,normal,airport,16.66
21.72,58.57144865933689,afternoon,medium,clear,high,suburbs,48.98
6.77,33.31598471281075,morning,low,rainy,normal,suburbs,21.74
21.16,39.481078461469316,afternoon,medium,clear,normal,city_center,36.69
2.89,5.0,afternoon,high,stormy,normal,suburbs,7.37
4.84,14.094846847307778,night,medium,clear,low,suburbs,11.73
10.14,26.92819089346182,evening,high,clear,normal,airport,32.02
21.5,44.26327732737636,evening,medium,stormy,high,suburbs,59.0
4.47,18.128358075836992,afternoon,medium,clear,high,suburbs,14.54
22.01,53.01828274383834,afternoon,medium,clear,low,airport,40.36
6.51,10.303950221243806,afternoon,high,rainy,normal,suburbs,12.0
11.86,30.42440684224542,night,high,clear,normal,airport,29.55
9.47,12.917652722458893,evening,low,rainy,high,city_center,19.0
3.84,18.601179167538245,morning,medium,clear,normal,city_center,8.31
23.66,49.17477105386138,night,medium,stormy,normal,suburbs,41.87
11.52,27.162194480557318,afternoon,medium,rainy,low,airport,24.14
17.57,37.45470964286248,evening,medium,clear,high,suburbs,46.07
14.81,20.148962119376748,night,low,rainy,high,suburbs,29.55
13.04,17.338451511752048,evening,low,rainy,high,city_center,32.4
15.8,44.79883635167906,night,medium,rainy,low,suburbs,28.77
22.56,48.272304046468136,evening,medium,clear,high,suburbs,55.03
17.78,53.650038854921156,morning,medium,rainy,low,airport,40.64
13.78,20.457610719989894,evening,high,stormy,normal,suburbs,25.08
16.48,37.100184507456156,evening,low,clear,normal,city_center,28.68
15.55,31.262596772220174,afternoon,medium,clear,low,city_center,22.51
11.39,24.534261774605216,night,medium,clear,normal,airport,26.06
15.99,28.266894669870133,evening,high,rainy,normal,city_center,31.56
11.65,22.302790068509513,afternoon,high,clear,high,suburbs,28.99
19.18,33.424549598385305,morning,high,clear,normal,suburbs,38.78
24.25,35.46279360304604,morning,medium,rainy,low,city_center,34.35
24.04,34.1549568219504,morning,medium,clear,normal,airport,44.71
20.7,38.51554203177968,evening,high,clear,high,city_center,55.04
15.44,25.95941080838212,evening,low,rainy,high,suburbs,31.17
18.98,29.484147228926233,morning,high,clear,high,city_center,48.13
5.27,14.363998918571006,afternoon,medium,clear,high,city_center,12.9
12.5,34.07341329841297,afternoon,high,clear,high,suburbs,37.51
7.18,23.66700525872822,night,low,rainy,low,city_center,11.65
1.08,5.0,night,low,clear,normal,city_center,8.44
24.2,35.908837005379084,morning,low,clear,low,suburbs,37.31
21.73,60.11245678975782,afternoon,low,clear,normal,city_center,42.43
13.33,33.65190158537454,night,low,clear,normal,airport,31.91
7.1,10.23084002450003,afternoon,medium,clear,high,city_center,15.04
17.63,31.480640210702752,evening,low,clear,low,suburbs,26.33
11.44,25.397278289428026,morning,low,stormy,low,city_center,24.22
20.28,47.908146768839615,afternoon,medium,clear,high,suburbs,41.34
24.99,61.701201254685856,evening,medium,clear,high,airport,70.49
9.38,26.577993745211337,afternoon,low,clear,normal,city_center,20.58
6.87,15.462289969224486,evening,medium,clear,low,city_center,15.53
7.42,14.673399219282041,night,medium,clear,normal,suburbs,9.61
3.24,12.891812581457668,afternoon,medium,clear,normal,city_center,12.28
10.46,20.210141677732167,afternoon,low,rainy,high,city_center,24.94
1.42,5.0,evening,medium,clear,normal,suburbs,5.0
3.75,6.126470642628446,evening,high,clear,normal,suburbs,9.53
7.52,6.254587128613432,morning,low,clear,high,suburbs,18.69
4.84,16.112437664977236,afternoon,medium,clear,normal,suburbs,12.82
18.57,48.94458065683733,afternoon,low,clear,low,airport,36.64
3.53,8.182064629855553,afternoon,high,clear,high,suburbs,15.63
21.78,42.20531149451976,evening,medium,clear,normal,suburbs,37.97
6.31,12.066220806678878,night,medium,clear,low,airport,14.76
3.61,10.134920688446002,evening,medium,stormy,high,airport,19.38
1.24,5.0,evening,high,clear,low,airport,5.24
18.16,35.371050547427814,evening,medium,rainy,high,suburbs,47.11
7.16,13.068025712739137,morning,medium,clear,normal,city_center,16.55
13.23,19.668496983334833,morning,medium,clear,high,suburbs,27.09
3.68,5.0,afternoon,low,clear,normal,suburbs,5.82
24.65,64.49189151018062,afternoon,high,clear,normal,suburbs,45.85
4.01,7.068370358732815,night,medium,clear,normal,suburbs,10.77
10.89,18.370574698082773,evening,medium,rainy,normal,suburbs,20.59
21.44,53.037792725375,afternoon,high,stormy,high,city_center,65.8
6.88,24.92034918920501,morning,medium,clear,normal,city_center,19.7
7.41,12.611377103765289,afternoon,low,clear,normal,city_center,17.43
20.4,45.10465600685729,afternoon,medium,clear,low,airport,32.48
7.56,17.865026994223356,evening,high,rainy,low,city_center,16.56
1.07,5.0,night,high,clear,low,suburbs,5.0
11.27,27.13564537725857,morning,medium,clear,low,city_center,24.43
1.3,5.0,evening,high,rainy,normal,suburbs,5.0
22.84,48.55798008219141,evening,medium,rainy,normal,city_center,41.14
16.4,40.155540747938026,afternoon,medium,rainy,high,suburbs,37.31
14.99,36.39616374530987,morning,medium,rainy,normal,suburbs,33.95
5.84,11.966731015215858,morning,low,clear,normal,suburbs,13.79
17.8,57.481729266684354,evening,low,clear,normal,city_center,37.2
17.25,36.196741002789764,evening,medium,clear,normal,airport,32.39
2.45,15.598326414626776,evening,low,stormy,normal,city_center,17.21
22.14,45.72796237630497,evening,medium,clear,normal,city_center,40.54
14.91,21.439037651562657,afternoon,high,clear,normal,suburbs,26.56
20.02,53.857110113276406,afternoon,high,rainy,normal,airport,50.21
7.31,25.259759135881218,morning,low,clear,normal,suburbs,15.08
3.93,10.778166976108592,evening,high,rainy,normal,suburbs,11.04
17.86,41.620922084199606,afternoon,medium,rainy,high,city_center,44.8
20.05,32.81053914539077,night,low,clear,normal,city_center,30.27
10.26,14.339467697669448,afternoon,high,clear,low,suburbs,12.04
1.57,5.6180062485338444,afternoon,low,clear,normal,suburbs,5.0
20.64,46.6449016087841,evening,high,clear,high,suburbs,57.14
5.95,5.0,evening,medium,stormy,normal,suburbs,13.88
9.14,32.35836631978661,evening,medium,clear,low,airport,27.51
16.08,26.350454549955714,morning,high,clear,high,city_center,39.78
3.4,11.97984257721934,morning,high,clear,normal,city_center,13.32
2.73,5.0,evening,medium,clear,normal,suburbs,5.0
1.62,5.0,afternoon,medium,clear,high,suburbs,5.0
23.0,79.66981212279468,morning,medium,clear,low,city_center,53.67
8.47,19.088022935540398,afternoon,medium,rainy,normal,suburbs,16.21
16.86,23.942179239838797,evening,medium,rainy,high,city_center,42.35
24.74,40.629240639489865,afternoon,low,rainy,high,airport,52.19
17.07,38.66639407204823,morning,medium,clear,low,city_center,32.7
13.6,32.51676534198112,night,medium,clear,high,city_center,34.16
13.5,18.123848286052873,morning,high,stormy,low,suburbs,21.02
10.05,17.411356489054324,afternoon,low,clear,normal,city_center,17.83
15.39,26.61207470574854,morning,medium,clear,high,suburbs,38.17
24.01,45.84366062295422,afternoon,high,clear,normal,city_center,45.48
19.91,47.17409068004862,evening,medium,clear,high,city_center,46.85
11.18,23.62537354897195,morning,low,clear,normal,city_center,24.38
8.98,11.170892981036342,morning,high,clear,low,city_center,16.73
22.2,57.819604340754694,morning,low,clear,low,suburbs,37.33
4.26,9.675013036990322,morning,medium,clear,normal,city_center,10.68
21.39,76.68004962042158,afternoon,medium,clear,normal,city_center,45.82
7.12,10.416922594768518,morning,high,clear,normal,airport,17.91
18.18,42.200699098929874,afternoon,high,rainy,normal,airport,41.8
20.35,43.2318341414847,evening,high,rainy,normal,city_center,48.4
12.45,21.982136997641717,afternoon,medium,clear,normal,city_center,21.92
5.61,11.937903723609438,morning,low,clear,normal,airport,17.98
21.27,39.82391227926436,afternoon,low,rainy,normal,suburbs,36.21
9.82,13.305717544592198,morning,low,clear,normal,city_center,17.48
8.7,8.857455435766466,morning,medium,clear,low,suburbs,14.1
13.24,25.2071279724039,afternoon,medium,clear,high,suburbs,26.31
11.44,34.69046082550388,afternoon,low,clear,high,city_center,30.46
17.39,39.66445985051638,morning,high,clear,high,city_center,52.32
4.29,12.39964322960198,afternoon,medium,clear,normal,city_center,8.79
11.46,15.837786888294751,afternoon,low,clear,normal,city_center,16.19
22.4,50.683322290985366,afternoon,high,stormy,low,suburbs,41.08
1.87,5.0,morning,medium,rainy,high,city_center,10.11
11.98,26.66934621728351,night,low,clear,normal,city_center,21.91
16.85,30.898350021664534,evening,high,rainy,normal,city_center,40.04
22.31,40.438181500302996,evening,low,rainy,normal,suburbs,40.44
15.25,27.228242352607033,afternoon,low,clear,low,airport,25.78
20.79,33.72474589002393,evening,high,clear,normal,city_center,43.06
6.34,11.259176648905413,evening,medium,stormy,normal,city_center,17.39
9.47,22.768734755034966,afternoon,medium,clear,normal,suburbs,19.67
23.61,45.289115883329984,evening,low,rainy,high,city_center,58.21
22.26,62.85733414778858,evening,low,clear,normal,city_center,50.93
14.39,36.06840680406632,afternoon,medium,clear,high,suburbs,35.46
12.41,23.708049474547398,afternoon,high,clear,normal,suburbs,20.22
11.83,21.859794935988532,morning,medium,rainy,normal,suburbs,26.32
2.41,12.20779883153974,afternoon,medium,clear,high,airport,13.97
22.42,51.27663122399683,evening,high,clear,high,suburbs,68.19
20.64,30.7721784035472,evening,high,clear,normal,city_center,39.14
11.95,32.47908075550941,afternoon,medium,clear,low,city_center,25.85
7.71,15.69230519345748,afternoon,low,clear,low,suburbs,9.13
9.23,20.78065566768477,evening,low,clear,high,suburbs,27.37
3.96,6.729587074294575,afternoon,medium,clear,normal,city_center,13.66
18.32,30.82549098577106,evening,medium,stormy,low,suburbs,37.48
14.36,21.495069640001006,evening,high,rainy,low,suburbs,29.9
6.62,8.371882546001451,evening,medium,clear,low,city_center,13.22
15.95,34.49662324640347,evening,medium,clear,normal,suburbs,30.81
24.5,57.3218645045565,evening,low,clear,high,suburbs,58.98
3.94,9.068606081720688,evening,medium,clear,high,suburbs,10.07
12.0,15.929901382293,night,medium,clear,normal,airport,22.96
12.86,42.74095999074099,evening,high,clear,normal,suburbs,37.49
5.0,5.0,afternoon,medium,clear,high,airport,19.94
13.76,31.701489247346252,night,high,clear,high,suburbs,36.44
15.54,32.58860635480041,night,medium,clear,normal,suburbs,26.3
4.78,20.619399266599814,afternoon,high,rainy,high,city_center,25.58
4.71,8.749472567870596,evening,medium,clear,low,city_center,10.57
21.55,54.599673343019,night,low,rainy,high,airport,54.38
8.47,5.119922221617427,morning,low,clear,normal,suburbs,15.17
16.13,30.483355134076405,afternoon,high,clear,normal,city_center,30.75
16.04,39.68121508335977,afternoon,high,rainy,normal,city_center,36.51
21.14,62.92406420195641,evening,medium,stormy,normal,city_center,53.78
18.76,35.95519839427868,night,low,rainy,normal,airport,37.25
21.17,39.65094291372655,afternoon,low,clear,high,city_center,39.0
16.01,38.45865300811067,evening,high,clear,normal,airport,40.91
11.79,24.532064491615632,evening,medium,clear,high,city_center,31.39
10.45,24.152539135498998,evening,medium,clear,low,city_center,19.52
10.1,21.54693025772388,evening,low,clear,low,airport,24.18
11.04,12.180253912368709,evening,medium,rainy,high,suburbs,28.47
4.1,7.519573446904799,afternoon,high,clear,high,airport,18.66
11.18,22.20846892431196,morning,medium,clear,low,suburbs,19.03
10.35,18.207539772310533,afternoon,low,rainy,normal,suburbs,15.56
1.83,5.236896765359237,morning,low,clear,low,suburbs,5.0
7.6,26.176651462811293,evening,low,clear,normal,airport,21.36
19.05,53.3654659764936,night,medium,clear,high,airport,51.86
14.87,25.58610481756367,morning,low,clear,normal,city_center,28.3
20.35,50.94086758752116,evening,low,rainy,normal,airport,43.83
14.02,20.22545115211925,morning,high,clear,high,city_center,37.64
21.5,41.30039398809961,afternoon,high,clear,normal,suburbs,41.15
20.11,29.100002559781053,morning,high,clear,normal,suburbs,35.62
3.36,7.300329065644316,afternoon,medium,clear,normal,city_center,9.56
24.45,36.05202450304111,night,medium,clear,normal,suburbs,38.91
1.35,5.0,afternoon,low,rainy,high,suburbs,6.39
15.32,33.09667583176895,morning,medium,rainy,normal,city_center,32.22
20.02,34.258751430261675,morning,low,clear,normal,suburbs,31.58
8.97,17.5678163422457,evening,high,clear,normal,suburbs,18.49
15.37,25.774285082637114,afternoon,high,stormy,normal,suburbs,27.36
9.69,19.50273159649943,night,medium,clear,high,suburbs,20.87
2.45,5.0,evening,medium,rainy,low,city_center,7.4
1.2,5.0,afternoon,medium,clear,normal,suburbs,5.61
3.28,14.267215583843388,afternoon,medium,clear,high,airport,20.14
3.36,13.353793736777046,evening,medium,clear,low,suburbs,6.3
15.66,29.242587750177254,evening,high,rainy,low,city_center,29.02
13.62,21.98682169528766,morning,low,clear,normal,city_center,27.34
11.93,17.151240886444384,afternoon,medium,rainy,normal,suburbs,17.52
17.61,33.610707433431344,afternoon,low,clear,low,airport,30.13
1.4,5.0,night,low,clear,normal,airport,12.41
7.5,17.773176913530534,evening,medium,clear,normal,city_center,18.92
19.66,47.82114451040443,afternoon,high,clear,low,city_center,36.2
22.84,42.41935900317417,afternoon,low,clear,low,airport,36.65
11.52,28.776312337873172,afternoon,medium,clear,low,suburbs,19.21
2.96,6.508229834093124,night,medium,clear,high,airport,13.02
20.17,31.083337738990664,afternoon,high,rainy,high,city_center,46.54
22.24,45.148519648973554,morning,medium,clear,normal,suburbs,39.67
10.93,24.36513947235965,evening,low,rainy,low,airport,25.24
6.84,26.62069531971718,morning,low,clear,normal,suburbs,15.47
2.06,11.43145409569641,evening,high,rainy,high,suburbs,16.09
15.19,31.07019591640871,afternoon,medium,clear,high,city_center,33.44
22.84,61.54555948339924,evening,low,rainy,normal,airport,49.44
17.27,34.0655396803441,evening,medium,clear,low,city_center,28.24
8.61,23.239775230655045,morning,low,clear,normal,suburbs,16.19
16.43,37.179209277322165,night,medium,clear,high,city_center,36.69
20.97,53.81850887263509,night,low,clear,high,airport,56.67
12.42,29.266075908290553,afternoon,medium,clear,high,suburbs,31.41
20.67,46.538941005359696,evening,low,clear,normal,airport,39.75
10.41,19.386875239360695,evening,high,clear,low,suburbs,17.78
9.36,19.756531210438425,afternoon,medium,rainy,normal,suburbs,14.7
14.99,34.405150898799086,morning,high,clear,normal,airport,39.79
12.15,25.523023871364643,afternoon,medium,clear,normal,city_center,22.35
24.45,48.06390404455327,morning,high,clear,high,airport,70.53
13.39,26.320446524634832,evening,high,rainy,low,city_center,26.01
10.24,20.435454880300387,evening,medium,clear,normal,suburbs,16.82
10.48,15.684403995589015,morning,medium,clear,normal,airport,21.89
14.15,24.797101804816247,evening,medium,clear,high,suburbs,34.49
9.52,28.048782725077505,morning,high,clear,low,airport,33.18
18.35,30.792561373362062,morning,high,clear,normal,suburbs,32.69
10.14,23.367474737165292,morning,low,clear,high,suburbs,28.71
10.22,20.596227905004447,afternoon,low,clear,high,airport,27.87
15.81,28.292679821020936,evening,high,stormy,normal,city_center,36.0
2.46,5.0,afternoon,medium,clear,normal,suburbs,6.94
16.73,31.245870462858854,night,high,clear,high,city_center,42.53
13.12,15.043196386576097,afternoon,high,stormy,low,city_center,23.24
11.87,34.087750593731,morning,low,stormy,low,airport,32.72
18.26,29.33541316618685,afternoon,medium,clear,low,suburbs,28.54
19.2,41.43366039211615,evening,high,clear,normal,suburbs,42.88
21.31,66.58901140231667,afternoon,medium,clear,high,city_center,55.13
10.0,21.92559788863843,afternoon,low,clear,normal,city_center,16.69
8.85,27.07189099459125,morning,high,rainy,low,city_center,23.76
18.14,31.482099237337707,evening,low,clear,high,city_center,41.03
14.96,34.43499183425482,afternoon,medium,rainy,normal,suburbs,26.09
16.16,32.60597405408505,night,high,rainy,high,city_center,46.03
14.33,20.384352404643288,afternoon,high,clear,high,suburbs,34.97
19.54,48.84139530846275,morning,medium,clear,normal,suburbs,35.28
5.56,5.0,night,low,clear,normal,city_center,8.44
14.34,32.66184006135159,morning,medium,stormy,normal,suburbs,36.65
4.79,5.453064046844092,morning,low,clear,normal,city_center,10.39
10.77,31.983978244396432,evening,medium,rainy,normal,city_center,30.11
16.94,31.871048717135952,afternoon,high,clear,high,airport,41.69
12.83,35.61583251978927,afternoon,medium,clear,normal,airport,30.23
10.11,16.99633947364302,afternoon,medium,clear,normal,city_center,16.81
22.24,40.22906703786365,evening,medium,clear,low,airport,39.56
19.55,28.880077567475617,evening,medium,clear,high,airport,45.51
13.63,23.963668843889312,evening,high,clear,normal,airport,36.82
23.8,62.79514888960149,night,high,clear,high,city_center,65.62
11.18,27.242183650944277,evening,high,rainy,normal,city_center,32.06
19.91,37.495197828824644,afternoon,high,clear,normal,suburbs,35.19
5.03,5.0,evening,high,clear,normal,city_center,16.36
7.86,18.39685941154814,evening,medium,clear,high,suburbs,23.27
9.11,21.440887245428282,afternoon,high,clear,normal,suburbs,15.6
3.54,6.347764825703377,evening,low,clear,normal,city_center,9.59
13.04,23.875289072156825,afternoon,high,clear,normal,suburbs,23.11
5.61,15.487401860039224,morning,medium,clear,high,suburbs,19.07
16.22,42.84487436093012,evening,low,rainy,high,city_center,45.65
5.56,8.09235931195608,afternoon,low,clear,normal,city_center,6.61
3.96,8.012872183098569,afternoon,medium,clear,low,suburbs,6.34
24.26,68.71816438685585,afternoon,medium,clear,normal,city_center,44.51
16.8,31.799167559777306,evening,medium,rainy,high,airport,46.18
23.47,42.479772579099325,evening,medium,clear,high,suburbs,53.43
12.76,33.66990643960948,night,medium,rainy,normal,airport,32.66
1.8,5.0,evening,high,rainy,normal,airport,13.59
14.78,29.54225661330454,night,low,clear,low,suburbs,15.43
14.4,38.96661433504069,morning,low,clear,normal,airport,35.34
1.36,5.0,morning,low,clear,normal,city_center,10.21
21.67,59.21337805402649,evening,medium,rainy,high,suburbs,61.58
15.88,28.96583303227045,evening,medium,clear,normal,suburbs,26.75
18.87,37.953405316509695,night,high,clear,low,suburbs,30.15
12.85,19.909930700635993,evening,medium,rainy,normal,airport,30.38
15.84,28.23764420789801,morning,medium,clear,high,city_center,38.7
7.18,12.832395164951354,evening,medium,clear,high,city_center,18.3
24.37,38.53728197678104,morning,medium,clear,low,suburbs,36.36
10.62,14.703624507683493,afternoon,medium,clear,normal,city_center,16.17
4.9,15.114341112430747,evening,medium,clear,normal,suburbs,11.55
2.34,5.0,evening,medium,clear,high,city_center,10.03
16.27,32.19594315450653,afternoon,low,rainy,normal,suburbs,26.39
24.6,51.20446756427883,evening,low,clear,low,airport,41.48
22.5,38.95716363244049,night,medium,clear,normal,suburbs,34.06
17.85,28.50298531393047,morning,medium,clear,high,suburbs,43.28
24.77,60.570321737199485,morning,high,clear,normal,suburbs,52.89
18.35,36.40129067428384,morning,low,clear,high,suburbs,41.81
9.14,26.119630863252063,afternoon,low,clear,high,suburbs,23.78
15.43,50.891598304736476,afternoon,medium,clear,normal,city_center,31.13
2.91,10.134186714131936,afternoon,medium,rainy,normal,city_center,8.3
6.32,13.985302048200586,morning,low,clear,low,airport,14.87
11.02,25.113970348052526,morning,low,clear,low,city_center,18.0
5.84,5.0,afternoon,low,clear,high,city_center,15.72
23.88,53.233847618475565,night,high,clear,high,city_center,61.14
24.89,56.07465351345702,afternoon,high,clear,low,suburbs,41.81
9.9,14.965799921288829,morning,high,clear,low,suburbs,15.65
18.02,36.69761048254734,afternoon,low,clear,normal,city_center,29.87
10.79,20.548360364214634,night,medium,clear,normal,suburbs,17.08
4.35,5.58081933822054,afternoon,medium,clear,normal,suburbs,9.37
9.09,15.34250922675808,evening,high,clear,normal,suburbs,16.88
6.6,5.0,afternoon,low,rainy,normal,suburbs,13.25
8.87,14.480496143191772,morning,low,rainy,low,airport,18.15
6.16,11.665723100023612,afternoon,low,clear,normal,city_center,12.73
3.7,8.056124787897785,evening,medium,rainy,normal,city_center,11.72
6.22,10.926606981873599,evening,high,clear,normal,city_center,17.84
22.74,52.04794039953613,morning,low,clear,high,airport,54.91
3.05,8.232274760308972,night,medium,rainy,low,city_center,6.38
8.79,22.022697311595998,afternoon,low,clear,high,city_center,20.91
13.68,24.9510577387952,afternoon,low,clear,low,airport,26.19
9.51,23.031743565133496,night,medium,clear,normal,airport,22.72
13.42,22.225801125148326,afternoon,medium,clear,low,suburbs,22.56
2.04,5.0,evening,high,clear,low,suburbs,11.48
16.57,40.38145285001517,evening,medium,clear,low,city_center,31.16
14.52,20.416971196317558,morning,low,clear,normal,city_center,29.53
17.34,23.272267896777837,morning,high,stormy,normal,city_center,36.89
14.61,30.552790891270135,night,medium,clear,low,suburbs,23.28
11.51,30.808989494219034,night,high,clear,normal,suburbs,26.66
9.4,19.00077344693051,night,medium,clear,normal,airport,25.26
6.43,6.065011258835236,evening,low,clear,high,suburbs,16.12
13.0,29.08448190598271,evening,high,rainy,high,suburbs,39.68
1.63,5.0,morning,medium,rainy,low,city_center,5.53
8.88,16.75683925967136,evening,low,clear,normal,city_center,18.73
17.27,32.98265687057055,afternoon,high,clear,normal,airport,37.45
3.61,5.0,afternoon,high,clear,normal,suburbs,10.8
2.51,5.457148563012668,evening,high,rainy,normal,suburbs,12.28
16.65,27.727784436484836,morning,medium,clear,normal,city_center,29.39
10.55,30.85516877926618,afternoon,high,stormy,low,airport,28.12
20.24,43.617985552799624,evening,high,rainy,normal,suburbs,46.53
23.5,52.970599250744094,evening,medium,clear,high,suburbs,54.39
23.97,57.78417519023977,afternoon,low,clear,high,city_center,55.48
11.21,10.521812414701737,afternoon,medium,stormy,low,suburbs,13.32
7.34,22.836156905444444,evening,low,clear,normal,suburbs,17.22
15.61,22.16541807342791,morning,medium,rainy,normal,city_center,24.94
16.08,25.16666044431321,morning,high,clear,normal,suburbs,29.17
15.94,30.718738514400204,evening,low,stormy,normal,suburbs,33.3
8.72,36.23317447981067,morning,high,clear,high,city_center,34.71
2.53,16.299806296524473,afternoon,low,rainy,normal,suburbs,8.39
6.04,6.836135121874422,afternoon,medium,clear,high,airport,21.36
4.71,12.716865403018884,night,high,clear,high,suburbs,16.89
3.97,17.405249935600743,evening,high,clear,high,suburbs,17.73
23.23,75.31734443283919,evening,low,clear,high,city_center,62.62
1.33,5.0,evening,high,rainy,low,suburbs,9.06
15.44,28.30881995901912,afternoon,high,rainy,normal,city_center,34.54
23.74,57.91465966316923,afternoon,low,rainy,low,suburbs,30.71
9.64,25.442247241533913,morning,low,rainy,low,airport,20.36
13.65,18.598884570869885,afternoon,low,clear,high,suburbs,26.19
17.7,29.287268120532822,morning,low,clear,high,city_center,37.11
8.61,21.48049023665534,night,low,clear,low,airport,21.88
12.46,19.149102127983227,morning,medium,rainy,normal,city_center,22.58
20.61,30.557365241306307,morning,low,clear,high,city_center,46.24
18.89,23.938862526252883,afternoon,high,rainy,low,city_center,25.63
20.4,28.08568505293317,afternoon,medium,rainy,high,suburbs,37.66
24.7,76.12954076900624,morning,medium,clear,high,city_center,70.82
9.89,13.955308702216964,night,high,rainy,high,city_center,27.48
18.93,45.74415171305334,afternoon,medium,rainy,high,suburbs,44.26
15.47,39.85831611839081,evening,low,clear,normal,suburbs,29.62
17.0,30.348076458717117,evening,low,rainy,high,airport,42.86
18.76,23.234078244640138,morning,medium,clear,low,airport,26.22
18.99,22.83256196226542,afternoon,high,clear,low,suburbs,24.86
22.26,34.45344230813951,afternoon,medium,clear,normal,city_center,31.14
9.38,23.937221930671907,night,high,clear,low,city_center,21.64
16.68,38.8469011808015,evening,high,rainy,normal,suburbs,37.51
7.73,13.994702751620542,afternoon,medium,clear,normal,suburbs,14.77
15.27,35.67033549778974,morning,low,clear,normal,city_center,28.94
19.03,24.135806814717654,evening,high,rainy,low,city_center,32.97
19.98,47.51615303109009,afternoon,medium,rainy,high,suburbs,46.18
11.08,22.273170542401143,afternoon,low,clear,high,airport,26.18
13.21,45.93138026989711,evening,high,rainy,normal,suburbs,38.43
9.01,7.764178463845318,night,low,clear,normal,city_center,9.81
5.06,20.015396084798056,night,low,clear,normal,city_center,15.3
7.25,7.622517469669231,evening,low,stormy,high,airport,22.73
22.89,57.83957550776287,night,low,clear,normal,airport,45.78
8.42,17.020358380774297,afternoon,low,clear,normal,airport,21.76
24.39,69.96034046822125,morning,medium,rainy,high,airport,79.92
6.8,16.653755504478323,afternoon,low,clear,normal,suburbs,11.71
18.35,46.10185981425516,evening,high,clear,high,city_center,54.35
14.77,30.587187268992054,evening,medium,clear,normal,city_center,28.2
17.72,39.97346810943786,night,medium,rainy,normal,airport,41.33
16.45,22.86388510826807,afternoon,medium,clear,normal,suburbs,20.65
17.96,32.31177605918631,afternoon,low,rainy,normal,suburbs,33.76
22.73,50.47295565049461,afternoon,medium,rainy,high,suburbs,50.96
14.52,23.911080466540795,evening,medium,clear,low,city_center,24.98
2.63,6.00996173665922,evening,medium,rainy,high,suburbs,13.63
7.5,9.590591725255763,evening,low,clear,high,suburbs,15.38
18.0,26.18544959884724,morning,medium,stormy,normal,airport,39.68
12.86,47.66390636016771,afternoon,low,rainy,normal,airport,36.01
14.17,13.99581234732528,morning,high,clear,normal,city_center,23.29
15.32,40.75786598338673,afternoon,low,clear,normal,airport,27.41
10.18,20.31815408128754,morning,low,clear,high,airport,29.82
19.57,37.85677832093732,night,medium,rainy,normal,suburbs,30.66
18.36,46.417889191697064,evening,low,clear,high,city_center,48.33
18.14,29.657231417232925,evening,high,clear,normal,airport,39.62
18.17,33.60533935660382,morning,low,clear,normal,suburbs,33.14
22.37,50.02182317512088,afternoon,medium,rainy,normal,city_center,42.28
15.29,38.27874604755098,morning,high,clear,low,suburbs,27.98
24.21,55.85641514076409,morning,low,clear,low,suburbs,38.46
3.86,11.87399441399959,afternoon,high,rainy,high,airport,16.22
16.17,22.560531725315943,afternoon,high,stormy,high,city_center,41.44
18.21,40.75509103371603,night,medium,clear,high,suburbs,38.32
12.45,26.30481104422755,night,medium,rainy,normal,airport,30.62
7.92,11.983393286822135,night,low,clear,normal,suburbs,8.49
14.2,25.226817594053248,morning,medium,rainy,low,city_center,25.12
9.75,14.22902130589833,afternoon,medium,rainy,normal,city_center,15.07
22.82,40.944854964776894,morning,medium,clear,low,suburbs,34.25
9.56,23.672310281318993,evening,high,rainy,normal,city_center,24.49
5.22,5.0,afternoon,high,clear,normal,suburbs,9.25
14.83,32.85010423285081,afternoon,medium,clear,high,suburbs,29.62
10.5,21.188761846416497,morning,low,clear,low,suburbs,16.16
3.3,5.0,morning,low,rainy,high,city_center,15.46
14.56,38.250932630831166,afternoon,high,clear,low,airport,32.28
13.91,32.577002273818486,morning,low,rainy,low,suburbs,28.89
5.16,17.227925044185497,morning,medium,clear,low,airport,17.07
15.34,23.485428326714846,night,low,clear,normal,suburbs,21.07
14.62,24.05658374688898,morning,high,clear,normal,suburbs,25.95
19.57,25.317082002223405,morning,medium,clear,normal,city_center,33.24
9.68,14.160301265248066,night,medium,clear,normal,city_center,20.79
6.97,11.641975797802893,night,low,clear,normal,city_center,15.84
23.83,44.56709008009484,afternoon,high,rainy,normal,city_center,46.54
14.47,27.979291199155373,evening,medium,rainy,high,city_center,41.03
1.65,5.326925968105928,morning,low,rainy,normal,city_center,9.33
20.7,31.739231872126513,evening,low,rainy,low,city_center,34.42
5.72,10.520990798117829,night,medium,clear,low,suburbs,11.75
19.86,61.02929956773679,afternoon,low,clear,normal,airport,43.46
17.92,44.79064433700446,morning,medium,rainy,low,city_center,32.87
24.25,47.66043154215708,evening,low,clear,normal,city_center,41.17
24.17,59.977920016183475,evening,medium,clear,high,suburbs,66.32
7.59,13.313469400916333,night,high,clear,normal,city_center,15.21
19.39,28.74742182930668,afternoon,low,clear,high,city_center,32.84
8.6,9.390170781663517,afternoon,low,clear,normal,city_center,14.58
16.1,26.729264616390424,evening,high,rainy,low,airport,34.44
15.35,40.29815464508279,morning,medium,clear,high,city_center,46.76
2.31,5.0,morning,high,clear,high,airport,11.14
1.12,5.0,morning,low,stormy,high,city_center,6.12
2.39,5.0,afternoon,high,rainy,low,city_center,12.54
4.07,8.95070355837099,afternoon,high,rainy,low,suburbs,6.77
7.18,13.693426952157374,evening,low,clear,high,airport,21.25
22.77,40.04726415029774,morning,medium,clear,high,suburbs,49.85
13.45,33.61416084631976,afternoon,medium,rainy,normal,city_center,21.06
20.13,42.64518306676709,evening,high,clear,high,airport,61.72
21.12,49.90144202540369,afternoon,medium,clear,normal,airport,37.19
18.64,35.54347080512036,evening,high,clear,normal,suburbs,39.56
10.39,23.886462722598274,night,high,clear,high,airport,29.8
21.73,36.32843103415185,morning,medium,clear,low,airport,39.7
18.81,52.12407888172557,night,low,clear,normal,suburbs,33.8
18.84,26.957045386767994,night,medium,clear,low,city_center,26.05
22.64,46.13660704459822,afternoon,high,clear,normal,suburbs,42.29
15.37,33.028451844187096,evening,medium,clear,high,airport,45.22
13.69,34.24072544728727,afternoon,low,clear,high,city_center,31.92
22.36,47.0370740826235,evening,high,clear,normal,city_center,48.39
11.91,18.081792896587487,evening,medium,rainy,normal,suburbs,20.23
20.48,41.792789459072836,night,medium,clear,normal,suburbs,35.09
2.29,12.097921600501621,morning,medium,clear,normal,suburbs,12.52
1.03,5.0,evening,medium,clear,low,airport,11.02
13.68,28.450616148960265,morning,high,clear,low,airport,28.85
2.77,5.0,night,medium,clear,low,airport,10.71
24.44,46.484481031177616,morning,medium,clear,high,city_center,55.6
1.13,5.0,afternoon,low,clear,normal,city_center,5.0
18.24,39.30419909634924,evening,medium,rainy,normal,city_center,36.8
6.84,17.835136486697877,afternoon,high,clear,low,suburbs,14.85
24.22,47.86053836418401,evening,high,clear,normal,suburbs,50.96
10.16,23.96530400842314,afternoon,high,rainy,normal,city_center,24.54
1.65,5.0,evening,low,clear,high,suburbs,5.47
1.65,5.0,evening,medium,rainy,low,suburbs,5.0
14.28,27.46464853500875,night,medium,rainy,normal,city_center,23.36
24.68,41.82238466985109,afternoon,low,clear,normal,suburbs,33.98
24.51,36.28062076102436,evening,medium,clear,normal,airport,45.64
9.09,11.03487364886491,afternoon,medium,clear,high,suburbs,18.34
12.58,31.56041578561579,night,low,clear,high,city_center,28.55
3.41,7.107248262818951,evening,low,clear,high,suburbs,14.34
13.53,17.973218305187725,afternoon,medium,clear,high,city_center,26.93
15.39,27.73150174415577,afternoon,low,clear,low,city_center,23.74
7.03,6.678084124984773,morning,medium,rainy,normal,suburbs,13.55
15.69,34.884060461842694,night,high,clear,low,suburbs,24.84
22.59,71.65421659036288,afternoon,medium,clear,normal,city_center,46.98
1.02,13.430054357900278,morning,medium,clear,high,city_center,15.93
6.49,12.066745128218518,afternoon,medium,rainy,normal,suburbs,9.5
6.04,8.530770028976407,evening,low,rainy,normal,airport,13.98
3.97,10.303961573078679,evening,high,clear,high,city_center,17.39
4.99,7.955793483236882,afternoon,high,rainy,normal,suburbs,10.76
16.02,38.30634764415125,afternoon,medium,rainy,low,airport,32.39
3.46,7.184997741807582,morning,low,clear,normal,suburbs,5.39
18.72,38.78320535829418,evening,high,clear,normal,suburbs,41.22
22.29,25.287265169487792,night,medium,stormy,normal,city_center,32.35
23.24,41.791406794783214,night,medium,rainy,normal,suburbs,37.53
16.84,31.97304371506154,afternoon,low,rainy,high,suburbs,35.0
5.74,8.423418026493673,afternoon,medium,clear,normal,suburbs,7.78
3.05,8.455245633106179,afternoon,high,clear,normal,city_center,10.05
6.57,17.22407177932859,evening,low,clear,low,suburbs,15.52
24.09,51.492754590323386,evening,medium,clear,normal,city_center,43.84
24.1,48.01297970766677,morning,medium,clear,normal,suburbs,42.15
10.17,15.064331047828398,morning,low,clear,normal,airport,16.07
8.82,12.438519884545602,afternoon,high,rainy,low,suburbs,14.92
13.24,24.387269848122017,afternoon,low,rainy,normal,city_center,25.65
8.0,10.642984095730117,night,low,stormy,low,suburbs,10.04
24.51,60.162015270728745,morning,medium,rainy,normal,suburbs,49.07
6.31,14.5292015629467,evening,medium,stormy,high,suburbs,23.15
9.86,18.340930804050718,night,low,clear,normal,suburbs,19.77
11.3,22.843151307795125,afternoon,low,rainy,normal,airport,23.64
4.0,5.0,morning,low,rainy,normal,city_center,7.3
10.19,16.255897408879054,morning,low,clear,high,suburbs,21.37
21.56,37.98140628930805,evening,medium,clear,normal,suburbs,38.35
4.37,5.0,morning,medium,clear,high,city_center,10.81
15.02,25.90801382115444,night,medium,clear,high,city_center,31.52
10.76,25.774686691948023,evening,medium,clear,low,airport,23.11
5.09,8.967832609642505,evening,low,clear,high,airport,20.44
1.3,5.134098245174053,evening,medium,rainy,high,suburbs,7.93
7.56,12.138127502186595,morning,low,clear,normal,airport,17.06
2.48,7.911330391443647,evening,medium,clear,normal,city_center,9.41
10.04,18.17305804650379,evening,medium,clear,high,city_center,26.96
20.45,48.45598965292886,morning,medium,stormy,high,airport,60.34
18.27,33.72937670937292,afternoon,medium,clear,low,city_center,27.84
23.74,56.1128888434061,afternoon,high,clear,normal,suburbs,48.59
11.25,22.785669468379233,afternoon,low,clear,normal,city_center,17.48
17.99,32.66097221471811,morning,medium,clear,high,city_center,40.77
16.97,28.45753273482923,afternoon,medium,clear,normal,airport,33.07
6.21,8.09660436665235,night,low,rainy,normal,suburbs,5.66
8.29,12.204161312896748,afternoon,medium,clear,low,city_center,18.77
13.72,22.156739073066998,morning,high,clear,normal,suburbs,24.44
20.12,63.4268133254611,afternoon,medium,clear,high,airport,54.48
12.08,30.028470370721976,afternoon,low,stormy,high,city_center,30.04
6.47,16.6732314969031,night,medium,clear,normal,suburbs,10.45
24.84,58.7736662727102,afternoon,high,clear,normal,suburbs,48.29
3.77,9.81673272792798,morning,low,rainy,normal,city_center,12.35
23.94,40.53309605587854,morning,medium,stormy,high,airport,63.41
20.42,39.9961382212544,morning,low,stormy,normal,city_center,38.03
21.13,50.62788090142965,evening,high,clear,normal,airport,50.86
20.08,42.321545837959285,afternoon,medium,clear,normal,city_center,34.97
6.0,8.448832012382562,evening,low,clear,high,suburbs,13.91
16.18,33.66249881151764,evening,medium,rainy,high,city_center,43.41
19.16,48.480259174298,evening,high,clear,normal,airport,48.15
18.9,43.56726492126684,morning,medium,clear,high,suburbs,41.71
7.52,6.836727942186571,morning,high,clear,low,city_center,9.97
5.35,5.0,afternoon,medium,rainy,high,suburbs,13.81
8.87,34.13320250597377,afternoon,low,clear,low,suburbs,17.99
12.52,24.500213569246064,afternoon,high,stormy,normal,suburbs,24.05
14.77,24.411119964459225,evening,high,clear,normal,airport,33.92
21.09,39.170756277058196,night,low,rainy,normal,airport,43.23
19.46,21.90372662638529,evening,medium,stormy,low,suburbs,28.68
17.23,27.799696167462848,morning,medium,clear,low,city_center,27.73
7.32,11.302400958209596,afternoon,low,clear,high,suburbs,16.19
12.49,35.95285106822416,night,high,stormy,normal,suburbs,31.41
9.05,34.17800416115047,morning,low,clear,low,suburbs,26.59
6.64,14.154214004435836,morning,low,clear,normal,suburbs,12.92
1.25,5.295472104347638,night,medium,clear,normal,suburbs,7.99
9.15,18.33184079977078,morning,high,clear,high,suburbs,28.53
7.15,9.377130828403923,evening,high,clear,normal,city_center,18.04
14.73,21.739836561515702,morning,low,rainy,normal,city_center,27.72
2.5,17.999821688970567,evening,low,clear,low,city_center,7.29
7.49,6.210639289844931,morning,medium,clear,high,city_center,13.54
2.07,5.405050539721341,night,low,rainy,high,city_center,12.98
16.39,32.465092165286485,morning,low,rainy,low,airport,29.62
14.64,32.733707506597526,afternoon,low,clear,normal,suburbs,28.17
9.1,27.048534581806862,evening,high,clear,high,suburbs,27.75
4.54,5.0,evening,high,clear,normal,city_center,10.39
23.99,39.32941707470668,afternoon,medium,clear,low,airport,36.63
15.03,16.557379722831406,afternoon,medium,clear,low,city_center,18.54
17.3,33.87220503423187,afternoon,high,rainy,low,airport,36.44
13.75,26.981502432688945,night,high,clear,normal,suburbs,31.51
20.36,41.76493877142308,evening,medium,clear,high,city_center,48.04
22.51,46.201148563187836,afternoon,high,clear,low,city_center,35.65
10.19,26.18084291683615,afternoon,high,clear,normal,suburbs,22.65
17.56,50.20864713005665,afternoon,medium,clear,high,city_center,45.17
6.52,20.71809132722243,night,medium,clear,high,city_center,18.29
16.64,16.801490787145585,morning,high,clear,normal,airport,37.37
10.58,24.667632355711813,afternoon,low,clear,normal,city_center,17.36
1.16,5.0,morning,medium,clear,normal,city_center,8.67
23.93,43.814464049943176,evening,low,clear,normal,suburbs,39.54
21.84,37.62397932692113,evening,low,rainy,high,city_center,52.41
7.98,12.42163229257933,evening,low,rainy,normal,suburbs,12.14
24.95,36.52947775089852,evening,medium,clear,low,airport,42.32
8.61,13.193679205394515,evening,high,rainy,low,suburbs,11.75
12.01,18.012410398762984,night,low,clear,normal,suburbs,17.56
21.43,43.417642800145096,afternoon,high,stormy,normal,suburbs,42.81
8.31,11.004277837593305,morning,high,clear,high,city_center,24.02
11.81,26.269551579316897,afternoon,medium,clear,normal,airport,29.96
16.97,31.43667454297602,evening,high,rainy,normal,city_center,35.73
4.13,5.0,afternoon,medium,clear,high,airport,14.98
11.14,42.24735375965398,afternoon,medium,clear,high,suburbs,30.98
8.43,15.154100114443889,evening,low,clear,low,suburbs,17.28
17.24,36.53511902757265,morning,medium,clear,high,airport,47.98
4.26,6.614458203100982,evening,low,rainy,normal,city_center,9.46
6.59,9.335558110198185,evening,medium,clear,normal,city_center,15.66
18.07,41.27098599296888,night,low,clear,high,airport,41.71
4.75,6.8686059678432905,evening,medium,clear,normal,airport,15.16
11.13,19.042861601380885,morning,low,clear,low,airport,21.7
18.11,39.99730445206459,afternoon,high,clear,low,suburbs,32.52
19.37,37.02794453912821,afternoon,medium,clear,normal,city_center,26.7
3.28,12.430226385282083,afternoon,high,clear,normal,airport,13.1
21.45,36.235337167492396,evening,medium,clear,high,suburbs,46.44
18.38,41.07344227798078,evening,high,clear,high,airport,53.19
9.14,19.400039419756197,evening,high,rainy,normal,suburbs,17.47
19.33,33.14803497783277,evening,medium,clear,normal,suburbs,35.96
18.48,43.11258227752551,evening,medium,rainy,low,city_center,34.99
15.42,33.90474943388847,evening,high,clear,normal,city_center,38.75
14.4,20.53844914189968,morning,high,clear,normal,city_center,28.61
18.63,34.917016306176876,morning,low,clear,normal,suburbs,34.45
24.98,40.50877257124999,morning,high,stormy,normal,city_center,52.88
14.89,22.031954430056633,evening,low,clear,normal,city_center,26.79
20.41,36.53059931882325,night,high,clear,high,city_center,45.89
18.86,61.877930569429566,night,high,clear,high,city_center,60.95
21.54,50.54282518019429,morning,high,clear,normal,airport,58.14
23.91,43.3817173470914,night,low,clear,high,city_center,47.26
5.63,9.349372086265749,night,low,clear,normal,suburbs,10.57
4.97,7.100045305316598,morning,medium,clear,normal,suburbs,9.13
15.07,50.26223263849124,evening,low,clear,normal,city_center,35.95
11.78,23.244537211627584,night,low,clear,high,city_center,26.46
14.7,39.34167206380037,afternoon,low,clear,normal,city_center,33.04
20.15,47.949442597438065,night,low,rainy,high,city_center,49.02
23.36,51.394121496985775,afternoon,low,clear,normal,city_center,35.42
11.02,27.310232783865114,afternoon,medium,rainy,low,suburbs,17.31
18.23,39.81469442270903,morning,medium,clear,normal,airport,42.91
5.72,10.265300413610529,morning,low,clear,normal,city_center,11.87
13.83,26.990518521947475,evening,medium,clear,high,airport,41.37
1.52,8.275845715887503,afternoon,medium,clear,high,city_center,11.71
13.09,27.74330433305422,afternoon,low,clear,low,suburbs,17.84
14.09,30.72691511548954,night,medium,clear,normal,city_center,24.8
18.65,55.63406435044942,morning,high,clear,normal,suburbs,47.71
16.59,44.399523119016266,afternoon,medium,rainy,high,city_center,39.82
9.6,21.861305472215303,night,high,clear,normal,city_center,24.93
1.14,5.0,night,low,clear,low,airport,7.65
3.77,15.061761172887795,evening,low,rainy,low,suburbs,10.01
24.35,65.94917656040519,afternoon,high,clear,normal,city_center,51.92
23.14,37.46468052915584,morning,medium,clear,high,suburbs,50.87
8.8,9.452192892002392,evening,high,clear,high,city_center,20.36
7.21,6.109369546232965,evening,medium,stormy,normal,city_center,9.9
11.47,16.36184449882035,evening,high,clear,normal,city_center,22.17
17.56,41.852083002500294,afternoon,low,clear,high,city_center,39.46
9.56,12.647987975470542,evening,low,clear,low,city_center,17.84
2.62,5.0,evening,low,clear,normal,suburbs,5.0
10.67,30.18435059935001,night,medium,clear,low,airport,24.27
7.25,22.201530576337937,morning,medium,clear,normal,suburbs,13.29
8.8,29.991521850588615,afternoon,high,clear,high,suburbs,22.17
4.91,5.0,afternoon,low,stormy,high,airport,21.6
16.81,40.02691821092375,evening,low,rainy,normal,airport,36.9
13.64,22.260560552439628,night,low,rainy,high,suburbs,28.49
7.5,12.974727152124634,afternoon,high,rainy,normal,suburbs,16.92
14.29,30.888945183794846,afternoon,high,clear,normal,city_center,33.21
12.82,28.821175628801885,evening,low,clear,normal,city_center,24.99
20.1,31.367054403575494,morning,medium,stormy,normal,suburbs,36.36
23.94,60.042843654978796,evening,medium,clear,normal,airport,50.78
4.14,7.789187421644982,afternoon,high,clear,normal,airport,13.54
22.21,44.63066822565653,night,low,stormy,low,suburbs,36.0
17.92,37.69268504490504,afternoon,low,clear,high,city_center,37.44
17.62,37.63980140223981,evening,low,clear,normal,airport,34.96
9.98,17.72477386253379,morning,high,clear,normal,suburbs,18.36
9.25,16.94683493240714,afternoon,high,clear,normal,city_center,23.01
1.14,5.0,afternoon,low,clear,normal,city_center,5.81
24.57,59.263137237355274,morning,medium,clear,normal,suburbs,45.39
15.56,36.969568546912576,evening,medium,clear,normal,city_center,27.47
10.66,15.421995298305434,evening,low,clear,normal,suburbs,17.94
14.05,27.753968729951385,afternoon,low,clear,normal,suburbs,20.91
1.97,5.0,evening,low,clear,normal,city_center,5.1
5.17,6.945279267546541,afternoon,high,rainy,normal,city_center,13.78
15.96,26.095548132872022,afternoon,high,clear,high,suburbs,32.18
13.34,39.60164518957207,morning,low,clear,low,suburbs,25.64
19.89,27.636017349158486,evening,low,rainy,normal,suburbs,32.86
16.81,42.51544649980788,morning,medium,clear,high,city_center,43.05
15.43,37.50738055940577,morning,medium,stormy,normal,suburbs,35.82
20.57,35.42220301121301,morning,low,clear,high,airport,47.79
2.64,5.0,afternoon,low,stormy,high,suburbs,9.83
17.58,45.81834657713957,afternoon,low,clear,high,city_center,42.08
18.17,50.850459531257634,afternoon,low,clear,normal,suburbs,25.58
7.6,13.109460574339934,evening,high,clear,high,city_center,24.14
5.7,7.71770014220066,afternoon,medium,rainy,normal,city_center,12.38
6.13,14.68540251853366,morning,high,clear,high,city_center,26.22
5.76,12.440198283671908,evening,high,clear,normal,suburbs,16.02
13.57,26.69504626867426,morning,medium,clear,low,city_center,24.65
4.26,12.73376570761381,morning,high,clear,normal,airport,16.73
16.82,24.91151406380937,evening,low,clear,normal,airport,28.47
3.52,13.910303484504828,morning,medium,clear,normal,city_center,13.33
1.65,5.0,evening,high,clear,high,airport,12.11
8.66,24.877735014444987,evening,medium,clear,high,airport,28.94
5.6,15.050222969696014,night,medium,clear,low,airport,15.48
24.73,73.30110411842283,afternoon,medium,clear,low,suburbs,42.27
8.27,17.014363445111275,evening,low,clear,normal,city_center,19.85
6.33,8.735816275850777,evening,low,clear,normal,city_center,13.17
5.72,8.458673680679041,evening,low,clear,low,suburbs,10.11
9.97,16.339564901958287,afternoon,low,clear,low,city_center,13.95
15.54,34.565232973848424,evening,high,clear,normal,city_center,34.57
19.77,33.36167796899558,afternoon,medium,clear,normal,city_center,30.05
9.75,23.28425647229974,morning,high,clear,low,city_center,22.84
16.02,30.002732275673317,morning,medium,clear,high,city_center,35.87
12.57,21.595129297266258,night,high,clear,high,airport,32.92
21.32,49.337434531509885,evening,low,clear,low,airport,42.46
14.66,24.565024238865693,evening,low,clear,normal,airport,29.43
7.96,14.117584946050519,evening,medium,clear,high,suburbs,12.87
17.89,45.006633489819556,morning,low,clear,normal,suburbs,35.51
20.68,23.044001354923896,morning,high,clear,normal,city_center,36.76
12.17,43.28916789610252,evening,medium,rainy,normal,city_center,33.32
24.69,35.257210300432746,evening,high,clear,high,city_center,59.44
22.1,59.57222413978343,evening,low,rainy,low,city_center,46.52
5.73,21.039857985720893,afternoon,high,rainy,normal,suburbs,16.18
19.88,38.5859358733172,evening,high,clear,normal,city_center,36.36
15.42,26.204272006038714,evening,high,clear,high,suburbs,43.35
13.84,28.199861828105686,afternoon,medium,clear,high,airport,36.97
13.33,32.08799482229962,evening,medium,clear,normal,city_center,26.73
21.48,51.5594718880607,morning,high,rainy,normal,suburbs,48.89
15.66,29.136483245512096,morning,high,rainy,normal,suburbs,36.09
13.9,26.832243611948847,evening,low,clear,normal,suburbs,31.08
2.17,5.0,afternoon,medium,clear,normal,suburbs,6.85
11.76,32.450302753207396,evening,low,rainy,normal,city_center,25.23
22.79,53.80762879339592,evening,medium,clear,low,suburbs,41.15
18.08,36.034986327905685,afternoon,medium,clear,normal,suburbs,26.87
2.22,5.0,evening,low,clear,normal,suburbs,5.0
22.22,58.717398302396646,morning,low,clear,normal,suburbs,42.55
20.84,44.688667785355406,morning,low,clear,high,city_center,51.45
14.12,26.328977988293502,afternoon,low,clear,normal,city_center,25.24
1.54,5.0,evening,low,clear,high,city_center,5.18
14.5,33.79375317521169,afternoon,low,rainy,normal,suburbs,23.3
2.31,5.0,afternoon,medium,clear,normal,airport,6.42
8.69,10.321923848890492,night,medium,clear,normal,airport,20.95
16.09,29.375224276780685,night,low,clear,low,suburbs,23.31
22.91,35.1136608518496,night,low,clear,low,airport,35.12
9.59,22.208669632318212,morning,low,clear,high,city_center,25.94
21.64,43.11858864911762,evening,low,clear,high,city_center,50.36
23.04,39.9128310296417,evening,low,clear,low,suburbs,34.25
1.51,5.0,afternoon,low,clear,low,airport,10.09
6.75,5.2357514788914585,morning,low,rainy,normal,airport,13.74
18.04,32.57821345583355,morning,medium,stormy,high,city_center,51.02
19.16,36.55232435166603,evening,low,clear,high,airport,50.36
10.42,18.391704043154704,evening,medium,clear,high,city_center,27.01
16.76,33.3642017722367,morning,high,clear,high,airport,50.03
15.69,32.53513247215773,morning,low,rainy,normal,suburbs,34.11
18.75,45.28769403218711,evening,low,rainy,normal,suburbs,38.78
18.25,41.26364488599405,evening,medium,rainy,low,city_center,30.52
3.06,5.0,night,low,rainy,normal,airport,13.2
4.8,14.00710429439367,morning,medium,clear,high,city_center,20.12
4.19,18.71197564630409,night,medium,rainy,high,suburbs,16.09
23.38,32.218790394755025,morning,high,rainy,normal,suburbs,40.78
22.93,43.15182134787186,afternoon,high,clear,normal,city_center,44.55
20.14,27.59251300631811,night,low,clear,high,suburbs,36.79
3.8,12.775488650334077,afternoon,high,rainy,normal,suburbs,14.27
14.78,34.230551756375526,evening,low,clear,normal,city_center,29.78
5.49,8.993047288532932,afternoon,medium,clear,high,suburbs,8.18
9.84,27.432415813792197,evening,medium,clear,normal,suburbs,23.71
7.41,10.933215950376397,afternoon,low,clear,low,suburbs,11.83
20.89,38.77667844916122,afternoon,medium,rainy,high,city_center,42.6
4.47,13.707049434020206,morning,high,clear,high,airport,28.72
16.51,23.609858326606755,night,low,clear,high,city_center,29.64
24.61,53.456541189948936,night,medium,clear,normal,airport,44.79
17.49,28.05460923910133,evening,high,clear,high,airport,52.72
2.9,5.0,night,low,clear,high,city_center,6.11
22.79,54.83998580719718,evening,low,clear,normal,city_center,43.46
16.43,34.411034907402424,morning,low,rainy,normal,airport,34.04
11.95,28.120462863926736,morning,low,clear,high,city_center,31.36
16.83,31.811697292643967,evening,low,clear,normal,city_center,27.77
22.1,34.34049899615229,afternoon,medium,clear,low,suburbs,33.35
12.45,26.401223816612926,afternoon,medium,clear,low,suburbs,16.55
13.75,14.947447836372733,morning,high,clear,normal,suburbs,25.99
11.86,27.180520126858617,night,low,clear,normal,city_center,18.52
2.74,10.460639864142916,morning,medium,clear,low,airport,12.53
19.89,33.84694469344729,afternoon,high,clear,normal,airport,42.02
4.03,9.647990102415054,evening,medium,clear,normal,city_center,11.69
10.47,24.738073912446325,evening,medium,clear,high,airport,36.27
10.28,21.890754824134067,morning,medium,clear,normal,city_center,21.31
7.72,6.064666860209346,evening,high,clear,normal,airport,20.45
10.66,20.168165864252938,afternoon,low,stormy,high,suburbs,25.3
15.83,43.019828211367326,morning,low,rainy,high,suburbs,40.87
8.47,23.739895926494803,evening,low,clear,low,city_center,20.88
5.14,18.285368565989117,night,medium,rainy,normal,city_center,12.89
21.86,37.13691740289964,evening,medium,rainy,normal,city_center,41.52
24.3,42.95464004449793,morning,medium,clear,normal,suburbs,41.03
12.01,16.629765499066178,morning,low,clear,normal,suburbs,19.89
8.85,19.9550238244984,afternoon,high,clear,low,suburbs,16.38
2.14,9.940200113657681,morning,medium,rainy,normal,city_center,15.17
1.88,5.0,morning,low,clear,low,suburbs,6.98
10.43,20.572514187120554,afternoon,medium,clear,high,suburbs,21.64
23.33,52.921281331782,morning,low,clear,normal,city_center,43.03
18.54,38.969912538380015,afternoon,high,clear,normal,airport,39.24
9.38,9.404011008131125,morning,medium,clear,high,suburbs,18.34
24.23,44.90631253080705,morning,medium,clear,normal,city_center,40.41
11.29,16.09086840039182,morning,medium,clear,normal,city_center,25.82
7.64,26.52841973868638,afternoon,low,clear,low,airport,21.8
11.23,27.097063143754227,afternoon,medium,clear,low,city_center,17.93
6.08,7.923317517974196,morning,medium,clear,high,suburbs,15.05
22.26,42.773259918461115,afternoon,low,clear,low,suburbs,32.54
9.67,18.785831132841714,morning,medium,clear,normal,suburbs,17.48
16.79,48.56754265689777,evening,medium,clear,high,city_center,44.1
10.34,25.723564054252883,afternoon,low,clear,normal,airport,20.92
22.64,48.81586327000756,evening,low,clear,normal,city_center,38.53
16.42,32.411564376991905,evening,low,clear,normal,suburbs,28.46
12.72,33.698699347531424,evening,high,clear,normal,suburbs,27.5
4.17,15.891067165020715,evening,medium,rainy,normal,city_center,16.44
22.65,48.581062731274145,afternoon,high,clear,normal,airport,47.12
14.12,18.32426421236015,afternoon,medium,clear,normal,city_center,22.94
7.84,11.116611383157611,afternoon,low,clear,normal,suburbs,13.11
22.07,38.830104455679425,morning,low,stormy,high,airport,56.09
2.31,5.751770011495388,afternoon,medium,stormy,high,city_center,5.0
8.54,23.95053362916623,afternoon,low,clear,normal,airport,23.12
13.88,27.22833148952995,morning,medium,clear,low,city_center,22.85
9.16,15.455430820206796,night,high,clear,normal,city_center,20.84
12.44,37.48643048306919,morning,medium,rainy,normal,suburbs,29.09
7.34,16.592129585394467,morning,high,clear,normal,city_center,19.73
4.12,9.285940624884866,evening,high,clear,normal,suburbs,13.51
1.88,5.0,evening,low,clear,high,suburbs,5.53
4.78,19.41559773433933,afternoon,medium,clear,normal,airport,15.41
23.87,44.46859498207634,evening,medium,clear,low,airport,45.79
14.81,24.042420952017498,afternoon,low,clear,low,city_center,22.78
12.74,30.725528356768248,night,low,rainy,normal,city_center,26.14
10.22,19.670375711143173,evening,low,clear,normal,city_center,16.61
18.0,27.716401910097435,morning,high,clear,low,suburbs,30.17
4.39,11.283637837830444,evening,high,clear,high,airport,18.36
7.63,12.987944122356353,morning,low,clear,high,suburbs,16.35
16.74,29.185567625805625,afternoon,low,clear,high,suburbs,29.35
12.5,27.04436820726786,afternoon,high,clear,normal,suburbs,21.5
19.48,39.54825961940052,evening,high,rainy,low,suburbs,38.36
22.53,40.858039073011476,night,low,clear,high,suburbs,41.84
20.76,32.54776785691523,afternoon,high,clear,high,suburbs,43.08
5.42,17.022926176519075,evening,high,clear,normal,airport,18.67
3.2,12.110677951054356,evening,low,clear,normal,suburbs,12.69
5.07,12.465475475418986,morning,medium,clear,normal,city_center,13.91
19.8,43.5009005132527,evening,low,rainy,normal,airport,43.55
22.93,43.78901070661959,night,low,stormy,high,airport,57.22
23.21,61.89779379256141,evening,medium,rainy,normal,airport,54.54
8.16,14.815205566719808,afternoon,low,clear,low,city_center,13.76
21.17,36.9341626578844,evening,high,clear,normal,airport,50.21
13.87,41.1911474334628,evening,medium,clear,normal,suburbs,33.49
20.75,50.59239027585335,morning,high,clear,normal,city_center,48.37
14.16,27.159334617830986,morning,medium,stormy,high,airport,41.42
4.5,5.0,evening,medium,clear,low,city_center,10.91
2.9,5.0,morning,medium,rainy,normal,city_center,7.69
23.97,43.35999016311303,evening,low,clear,normal,airport,43.21
11.22,18.07080198915524,afternoon,low,rainy,normal,airport,21.75
9.41,15.924720314270305,morning,low,rainy,normal,airport,22.64
9.55,23.815278602033708,evening,medium,clear,high,city_center,30.28
10.09,29.1781485195691,morning,high,clear,normal,suburbs,23.51
23.68,51.56834832441351,afternoon,low,clear,low,city_center,35.63
2.5,5.0,afternoon,low,clear,high,suburbs,6.39
3.86,7.669444127476519,evening,high,clear,high,suburbs,20.89
19.95,33.23273933828569,afternoon,medium,rainy,normal,suburbs,30.46
14.19,25.897892033690134,evening,low,clear,normal,suburbs,26.97
4.08,16.53771440416574,night,low,clear,high,city_center,19.81
1.83,8.898863294574364,evening,low,clear,normal,city_center,6.04
6.38,10.04665216737058,morning,low,clear,normal,suburbs,11.59
7.26,16.084941827880936,afternoon,medium,rainy,high,airport,24.36
1.34,8.719013047397066,afternoon,low,clear,high,city_center,6.68
6.19,9.715364518787053,afternoon,high,clear,normal,suburbs,10.83
18.72,36.105075662892595,afternoon,medium,rainy,normal,suburbs,29.95
21.53,57.8487032640647,afternoon,low,rainy,normal,city_center,41.9
22.56,52.77721869511788,evening,high,clear,high,city_center,69.94
10.36,20.923151718581313,evening,high,clear,high,suburbs,29.25
8.67,15.826278270252766,evening,high,rainy,high,airport,28.39
25.0,60.79440718835599,morning,low,clear,normal,airport,56.71
19.46,46.24367578733966,afternoon,medium,clear,high,suburbs,44.34
13.9,15.389952929525592,evening,medium,clear,low,suburbs,21.26
7.11,6.4601154073225775,evening,medium,rainy,normal,city_center,9.52
8.71,20.136230037819573,morning,medium,rainy,high,suburbs,20.71
13.37,31.039355801378463,morning,medium,clear,high,suburbs,33.64
14.01,29.327323242486642,evening,low,clear,high,city_center,35.86
1.33,5.0,afternoon,medium,clear,normal,city_center,6.36
24.03,46.61832772547006,afternoon,high,clear,high,suburbs,53.39
14.81,25.54832036704577,morning,medium,clear,normal,airport,28.19
15.14,36.52946792123916,afternoon,high,clear,high,airport,46.24
6.08,18.926469321165825,morning,low,clear,normal,city_center,17.22
19.36,39.99595490245154,morning,medium,clear,normal,city_center,35.5
18.69,48.46109168276939,afternoon,medium,clear,low,suburbs,29.56
3.28,5.0,evening,medium,clear,normal,suburbs,5.33
15.28,12.31755118066361,night,low,clear,high,suburbs,22.33
16.8,41.35165791561092,morning,low,clear,normal,city_center,34.03
21.05,42.501724722352265,afternoon,medium,clear,normal,city_center,39.75
5.95,18.900782643428585,morning,low,clear,normal,suburbs,15.05
22.06,38.3457518838122,night,low,clear,normal,suburbs,34.17
12.08,26.40509318538734,morning,high,clear,high,city_center,35.97
3.32,5.4546286802876836,night,high,clear,low,suburbs,6.56
3.53,7.40223179684426,evening,high,clear,normal,city_center,12.73
5.75,12.93889525172029,evening,medium,rainy,low,suburbs,12.55
7.79,18.881161968642537,morning,medium,clear,normal,city_center,19.63
12.91,24.086797790079412,evening,medium,clear,normal,city_center,22.17
18.97,34.0475656029669,morning,high,clear,low,city_center,35.22
5.48,6.449941231623605,evening,medium,clear,low,city_center,10.52
24.82,64.003254579821,evening,low,rainy,high,airport,70.94
4.88,5.0,evening,medium,clear,low,airport,13.96
15.39,27.704707624661342,evening,medium,stormy,high,suburbs,39.08
23.29,42.229158693200034,night,medium,clear,normal,airport,44.55
20.98,54.15447063328221,afternoon,high,stormy,high,city_center,67.74
16.55,37.635478884095434,evening,low,clear,normal,airport,34.08
18.17,31.79392469901502,morning,high,rainy,high,suburbs,46.67
4.22,12.602220662077738,morning,high,rainy,low,city_center,11.72
1.23,5.406943207643115,morning,high,clear,normal,airport,9.69
11.42,20.650981918992326,morning,medium,stormy,normal,city_center,25.54
3.15,10.329765106700808,morning,high,clear,high,city_center,17.8
9.59,19.065991322858952,afternoon,high,clear,high,suburbs,23.78
6.37,20.256654795330753,afternoon,high,clear,high,suburbs,23.55
22.99,39.9256500381708,evening,medium,clear,high,city_center,56.47
22.12,61.382381658021096,afternoon,low,clear,high,city_center,53.61
20.65,47.11540713151417,night,medium,clear,high,suburbs,49.26
18.13,19.64564472947444,afternoon,medium,clear,normal,suburbs,25.76
4.7,6.503066453416116,morning,high,clear,normal,suburbs,10.81
2.16,5.0,evening,medium,clear,normal,suburbs,5.0
16.69,25.20915936438221,evening,high,clear,high,city_center,45.48
16.41,32.08718276439252,afternoon,medium,clear,low,suburbs,25.54
9.87,25.288387278092635,morning,medium,clear,high,city_center,25.43
12.34,9.671814288954813,night,high,clear,high,airport,28.71
12.74,19.755167087819956,night,low,rainy,low,airport,22.96
6.76,11.211972337592062,night,high,clear,low,city_center,12.72
8.54,15.501282009765365,afternoon,high,stormy,normal,suburbs,21.01
11.04,31.126494480543982,morning,high,clear,low,city_center,28.59
15.48,26.624879175708628,afternoon,low,clear,high,airport,35.87
23.94,56.042541429045514,evening,high,rainy,normal,suburbs,54.52
13.92,25.444478045995595,morning,low,clear,normal,city_center,23.52
18.55,36.618425773790584,afternoon,low,clear,normal,suburbs,30.97
20.37,49.42559391032678,night,low,clear,high,city_center,44.47
3.72,5.0,morning,low,clear,high,suburbs,6.1
16.67,35.40675808020683,morning,low,clear,low,airport,31.41
12.57,27.210495592204474,evening,high,clear,low,airport,29.72
14.74,32.00631648117971,night,medium,clear,high,suburbs,34.11
1.92,5.0,night,medium,clear,high,suburbs,9.29
22.75,49.92081436115191,afternoon,high,clear,high,suburbs,57.23
23.87,62.692654313778114,evening,high,clear,high,city_center,74.79
1.08,5.0,night,high,clear,normal,city_center,5.69
6.11,11.35726793008121,evening,high,clear,low,suburbs,13.0
5.32,17.849625399345317,morning,high,clear,low,suburbs,14.36
19.75,49.99553443032609,evening,low,clear,low,city_center,39.34
15.35,42.9661126097562,afternoon,medium,clear,normal,suburbs,26.1
5.26,5.0,afternoon,medium,clear,normal,city_center,8.31
20.54,49.12332270586781,afternoon,low,clear,high,city_center,49.35
9.48,22.659314404234447,morning,low,clear,normal,suburbs,22.28
12.06,17.077494825466893,evening,medium,clear,high,suburbs,26.43
10.3,27.83156963369909,afternoon,high,clear,high,suburbs,28.55
13.51,18.875085062745775,morning,medium,clear,normal,city_center,26.13
12.52,28.63804107569578,afternoon,high,clear,low,suburbs,24.95
7.59,33.04784023157882,evening,low,clear,low,airport,23.61
11.19,15.564717630298741,evening,low,rainy,high,city_center,30.9
22.8,42.147966905945836,evening,high,clear,low,city_center,42.0
13.07,30.947339686452683,evening,low,clear,normal,suburbs,25.48
22.99,32.41836197484695,evening,medium,clear,normal,city_center,41.64
14.2,31.072260063617154,evening,low,rainy,normal,suburbs,27.05
19.45,49.97458789451987,evening,low,rainy,high,city_center,57.14
8.05,26.263467366969625,afternoon,medium,rainy,low,suburbs,18.16
19.97,37.592970895416656,afternoon,medium,rainy,normal,suburbs,30.75
7.34,12.796113429224746,afternoon,low,clear,low,airport,19.26
1.47,5.616108976995834,evening,high,clear,low,city_center,6.32
4.86,14.580406078460491,evening,low,clear,normal,airport,13.95
1.52,5.0,morning,medium,stormy,normal,suburbs,6.62
23.73,48.348309648324005,night,medium,rainy,low,suburbs,35.47
25.0,49.19104053228695,night,medium,clear,normal,suburbs,39.9
19.29,47.01885100475124,afternoon,medium,clear,high,city_center,43.43
3.6,10.703015100415525,night,low,stormy,low,suburbs,6.66
22.57,62.60620663559524,afternoon,medium,clear,normal,suburbs,36.7
18.85,43.29882193905306,morning,medium,rainy,normal,airport,45.16
8.97,6.809502675144936,evening,low,clear,high,airport,23.33
13.05,22.097790701859054,morning,low,clear,normal,city_center,24.96
16.88,40.37389352564911,evening,medium,clear,normal,city_center,35.54
1.58,5.0,evening,high,clear,low,suburbs,5.0
13.04,29.890339998361615,afternoon,low,clear,low,suburbs,20.3
18.58,39.588833814421285,afternoon,high,clear,high,airport,48.34
5.52,9.932917554383383,afternoon,medium,clear,low,city_center,8.56
11.65,27.403933284037954,afternoon,low,clear,normal,airport,19.67
13.78,28.09275833797381,evening,medium,clear,normal,city_center,29.89
18.65,31.517582596829897,evening,high,clear,high,city_center,46.91
24.15,54.14320133164564,night,high,clear,low,city_center,45.63
21.36,35.30975583228461,afternoon,medium,rainy,normal,suburbs,29.39
15.92,31.894842895630514,afternoon,medium,clear,normal,city_center,25.19
15.01,22.214511723614592,afternoon,medium,clear,high,city_center,32.61
15.48,27.769071831881085,evening,medium,rainy,high,airport,44.63
14.08,14.459754788061382,morning,medium,clear,normal,suburbs,24.41
2.42,5.0,afternoon,low,rainy,normal,city_center,6.07
17.76,41.566775022142245,afternoon,medium,clear,low,city_center,25.98
18.19,32.01032565198339,evening,medium,clear,normal,suburbs,32.7
13.3,31.577526237875524,morning,medium,stormy,high,suburbs,36.0
21.89,43.79779380291285,afternoon,medium,clear,high,city_center,44.56
17.14,37.185791066352984,evening,high,clear,normal,city_center,36.7
9.7,19.39377691628631,evening,low,rainy,low,city_center,22.22
1.47,5.0,afternoon,high,clear,high,suburbs,5.67
2.42,11.389559242903292,night,medium,clear,low,city_center,9.22
9.44,20.733257761232714,evening,medium,clear,normal,airport,20.79
12.09,20.545921122566018,evening,medium,clear,normal,city_center,25.69
5.0,12.96126753225497,evening,low,clear,high,suburbs,16.59
5.54,19.749213848662713,evening,low,clear,high,suburbs,17.44
6.53,8.588053093192514,night,medium,clear,normal,city_center,14.83
19.73,36.10339788857546,morning,high,clear,low,airport,44.08
19.51,41.11071087176495,afternoon,high,clear,normal,suburbs,34.82
10.19,21.671017213137894,evening,low,clear,low,airport,25.05
5.14,9.307520149199545,morning,medium,clear,low,suburbs,9.66
3.66,9.608720607234927,morning,medium,clear,normal,city_center,7.56
3.09,5.892613487120936,afternoon,medium,clear,low,city_center,8.34
10.39,26.20012166408434,evening,low,clear,low,city_center,19.01
2.09,5.0,evening,medium,clear,normal,city_center,5.0
9.01,29.78389128554703,evening,medium,clear,high,suburbs,29.04
24.08,33.344595496633275,morning,high,clear,high,suburbs,57.08
13.18,32.35542227265372,evening,low,clear,normal,airport,35.56
20.74,27.62473004811215,afternoon,high,rainy,low,airport,35.14
4.1,5.0,night,high,stormy,normal,suburbs,6.73
7.43,5.0,afternoon,medium,clear,high,city_center,13.27
23.72,48.0447362772925,morning,high,rainy,low,suburbs,48.79
10.21,23.73083812114392,afternoon,medium,clear,normal,airport,27.91
16.56,35.81560116371736,evening,medium,clear,high,suburbs,43.02
24.43,41.790990872976366,night,medium,clear,normal,suburbs,38.66
14.22,36.537042986384776,evening,medium,clear,high,city_center,38.64
8.33,15.962751101263626,night,low,rainy,high,city_center,19.52
13.77,33.94244217101297,afternoon,low,rainy,high,airport,37.94
2.31,5.0,morning,high,rainy,normal,suburbs,8.3
3.7,7.802766356317843,afternoon,low,clear,low,city_center,5.0
1.17,5.408969511482151,evening,medium,rainy,normal,city_center,5.0
22.22,58.40444716785311,morning,high,clear,low,suburbs,45.73
17.11,50.19091551885632,morning,medium,clear,high,city_center,49.91
8.16,9.793175837030166,evening,high,clear,normal,city_center,15.78
6.31,11.56063941025085,afternoon,high,clear,normal,city_center,15.0
17.39,42.636345679557664,evening,low,clear,normal,city_center,35.17
23.07,27.622658977896606,afternoon,low,clear,normal,city_center,31.23
8.18,14.866016485672962,afternoon,medium,clear,high,city_center,21.45
8.72,27.724768568219176,afternoon,high,rainy,normal,city_center,20.55
21.5,57.728430163331225,night,medium,clear,low,city_center,38.05
22.44,29.973107393654523,morning,low,rainy,normal,suburbs,35.47
22.94,41.70841026596891,morning,medium,rainy,high,city_center,57.42
8.04,9.360184047392181,morning,medium,clear,low,city_center,13.69
3.89,12.517671461083495,night,medium,clear,normal,airport,12.66
11.56,35.66415988890709,morning,low,clear,normal,city_center,26.58
8.1,16.85159169783659,evening,high,clear,normal,suburbs,18.61
22.21,39.51480041261509,afternoon,medium,stormy,low,suburbs,34.54
1.88,5.0,evening,high,clear,high,suburbs,12.58
16.21,34.559049939625524,afternoon,low,rainy,normal,city_center,26.66
22.75,47.99603920453489,afternoon,low,rainy,normal,airport,41.98
24.44,52.743926469151305,night,low,rainy,normal,suburbs,36.58
16.6,38.81397427969461,morning,medium,clear,high,city_center,41.68
23.8,42.3198533540059,evening,high,rainy,normal,city_center,49.1
2.82,7.047915190497254,night,high,clear,low,suburbs,6.34
9.62,34.979397195319365,morning,low,rainy,normal,city_center,28.45
1.21,5.0,evening,medium,clear,normal,suburbs,7.93
24.55,58.5343297881951,afternoon,medium,clear,low,city_center,33.6
22.67,47.18399401502293,morning,low,clear,low,city_center,36.44
1.67,5.0,morning,medium,rainy,normal,suburbs,8.63
1.44,9.578769136514723,evening,low,stormy,high,suburbs,10.98
9.81,29.297200569773448,morning,high,clear,high,city_center,34.6
7.2,5.0,afternoon,medium,clear,high,suburbs,11.48
21.33,43.50286789419648,evening,low,rainy,normal,city_center,32.91
4.85,8.189173471219394,morning,high,clear,normal,city_center,13.04
19.98,41.803324726964775,morning,high,clear,low,airport,38.63
14.31,31.578543110773488,morning,high,stormy,normal,suburbs,35.82
10.06,10.701742609026411,morning,low,clear,high,airport,28.01
4.5,9.964899118949022,afternoon,medium,rainy,normal,city_center,12.49
24.94,72.41494764328968,afternoon,low,clear,high,suburbs,54.51
15.83,23.95860221591775,night,high,clear,high,suburbs,36.08
11.55,24.8157301534197,evening,medium,clear,normal,suburbs,25.82
9.91,23.814964564091554,night,high,clear,high,suburbs,27.28
22.74,45.39202246756755,evening,low,clear,normal,city_center,41.47
20.71,46.290872528725444,night,low,clear,high,suburbs,45.34
20.47,32.009056651889324,morning,medium,clear,normal,suburbs,34.13
15.79,27.659545865578476,morning,medium,rainy,normal,suburbs,28.21
22.31,40.18009613517372,afternoon,low,clear,high,city_center,48.61
8.18,15.45079457401049,afternoon,medium,clear,high,suburbs,21.85
17.89,39.04692982982414,evening,medium,clear,high,suburbs,44.29
10.71,16.21807248129422,afternoon,low,clear,normal,city_center,16.14
15.4,26.418796374926252,night,low,clear,high,suburbs,31.56
24.96,29.763770162175042,afternoon,high,clear,high,city_center,54.67
24.63,51.75376222750068,evening,high,rainy,normal,city_center,56.31
13.3,28.010826738193444,evening,high,clear,normal,city_center,33.23
14.77,35.81274427118924,morning,low,clear,normal,suburbs,26.21
22.54,47.05179142799926,evening,low,clear,high,suburbs,52.33
24.66,80.20867475296859,evening,medium,clear,high,suburbs,75.85
19.69,41.587690454897704,morning,low,rainy,low,airport,40.46
2.56,5.0,afternoon,low,clear,normal,airport,13.87
8.74,11.266916218256124,evening,low,clear,normal,airport,18.79
22.52,31.314218322107944,evening,medium,rainy,low,city_center,33.85
19.44,40.23382231434493,afternoon,medium,clear,low,suburbs,30.62
18.81,51.27433704112432,evening,low,clear,normal,city_center,37.09
17.03,41.75909402873156,afternoon,medium,clear,normal,city_center,34.86
10.97,28.357531480675114,afternoon,medium,rainy,normal,suburbs,23.84
10.68,18.80793029655683,morning,low,clear,normal,airport,28.51
20.41,25.55110199283319,afternoon,high,clear,normal,suburbs,30.05
8.05,11.812150440197732,morning,high,clear,normal,city_center,15.7
17.44,23.085331080293795,evening,low,rainy,high,suburbs,37.68
18.43,44.915124247051786,night,low,clear,normal,city_center,33.95
21.27,36.37800344346286,night,low,rainy,low,suburbs,27.37
8.68,16.764947479315556,afternoon,high,clear,low,city_center,18.65
18.81,29.59315115873138,evening,medium,clear,high,city_center,46.63
3.56,5.0,night,high,rainy,normal,city_center,14.41
4.31,16.41772309838406,afternoon,medium,clear,high,airport,19.0
11.02,29.242897858435782,afternoon,low,clear,high,city_center,23.86
2.33,5.0,morning,high,clear,normal,suburbs,5.86
23.74,56.14777674826096,morning,high,rainy,low,suburbs,47.05
22.65,34.709998267666194,night,low,clear,normal,suburbs,30.16
2.17,12.331845375014542,afternoon,low,rainy,low,city_center,9.14
21.12,43.595608384514385,afternoon,high,clear,normal,city_center,37.84
13.21,28.20925277112255,evening,high,rainy,low,city_center,24.76
17.85,36.01184664394328,evening,high,rainy,high,city_center,50.15
22.29,53.45233445251173,morning,low,stormy,low,airport,51.4
14.85,29.358425907762182,evening,low,clear,high,suburbs,35.78
3.79,8.423580515515292,afternoon,medium,clear,normal,city_center,6.83
1.06,5.0,afternoon,low,rainy,normal,city_center,7.41
12.93,32.52469843345998,afternoon,low,clear,low,suburbs,19.93
23.78,52.63886301639751,evening,low,clear,high,airport,59.37
14.74,34.33168855207307,morning,medium,rainy,high,suburbs,38.97
9.95,25.44173014640656,morning,medium,clear,normal,suburbs,24.65
1.74,8.799145008149445,night,high,rainy,low,airport,9.97
22.96,35.66133528164274,night,low,stormy,normal,city_center,39.52
8.85,17.314125872364993,afternoon,high,rainy,high,suburbs,22.24
17.91,32.106572356148035,morning,medium,rainy,low,suburbs,26.49
17.66,27.522316608168516,morning,high,rainy,high,airport,53.53
7.09,14.815683405068544,morning,medium,clear,high,city_center,23.73
2.53,16.785517965838675,afternoon,medium,clear,high,suburbs,12.6
10.24,15.45341357186364,evening,high,stormy,normal,suburbs,25.8
8.61,25.947049631169225,morning,medium,clear,normal,city_center,20.41
17.81,40.169084742631874,morning,medium,clear,low,suburbs,32.64
20.67,34.12899009970151,evening,high,clear,high,airport,56.56
6.34,16.35104984805623,afternoon,medium,clear,normal,city_center,12.26
13.68,23.312059793289876,morning,low,clear,normal,suburbs,22.62
1.97,5.719009084726414,evening,low,clear,high,city_center,9.41
6.14,15.899404439671892,morning,medium,rainy,high,suburbs,20.46
19.28,47.76897202994604,evening,high,clear,low,city_center,34.99
20.04,44.9077040407789,morning,high,rainy,normal,airport,49.62
19.63,35.60084458444539,morning,medium,rainy,high,suburbs,49.83
4.42,13.099457177006663,afternoon,medium,stormy,normal,city_center,12.67
14.22,19.711498809675252,evening,low,clear,normal,city_center,20.5
11.15,30.49203645808168,morning,high,clear,high,suburbs,38.54
24.8,42.37928364409233,night,medium,rainy,high,city_center,54.97
16.7,47.50508718261533,night,medium,rainy,high,airport,47.61
23.44,54.40456047253061,afternoon,high,clear,normal,suburbs,41.14
4.49,7.7255042920272405,afternoon,high,clear,high,city_center,15.62
11.82,18.023407027609416,morning,high,clear,normal,airport,27.35
19.52,34.50298811326243,night,medium,clear,normal,airport,28.51
9.83,20.76535366454256,morning,low,rainy,normal,city_center,17.91
16.18,20.181189508737802,afternoon,medium,rainy,low,city_center,21.4
13.28,27.55957756814559,afternoon,medium,clear,normal,suburbs,26.43
24.81,53.05045119893861,afternoon,high,stormy,high,suburbs,69.55
5.17,5.230975027768049,morning,high,clear,normal,city_center,8.23
23.45,58.762047086529904,morning,high,clear,high,suburbs,67.07
10.64,29.164047291885037,evening,low,clear,low,city_center,25.03
12.23,22.718117896749227,morning,medium,clear,normal,suburbs,19.57
13.69,31.855466584721935,evening,high,clear,normal,airport,37.86
7.37,18.353251750592655,afternoon,medium,clear,normal,city_center,13.42
24.13,45.85751292259626,morning,low,rainy,normal,suburbs,41.37
22.88,55.67131465784436,evening,high,clear,high,city_center,63.38
24.35,41.921156887477856,evening,low,rainy,normal,suburbs,40.41
24.93,54.85025393228693,evening,medium,clear,low,city_center,42.47
17.08,30.940332717389083,morning,medium,clear,low,airport,31.15
11.84,21.993559352743237,evening,low,rainy,normal,airport,31.79
21.42,41.18041891953596,evening,high,stormy,high,city_center,68.56
1.57,5.0,night,medium,clear,low,suburbs,5.0
21.03,37.668694548967515,evening,medium,clear,low,city_center,31.81
12.93,28.589566289984667,afternoon,high,clear,high,city_center,36.19
17.16,42.87131875178011,evening,low,rainy,normal,city_center,33.26
9.98,9.165552961208572,morning,medium,clear,normal,airport,19.24
9.85,22.802704105912674,afternoon,medium,clear,low,suburbs,18.37
1.76,5.244252322201456,evening,low,clear,normal,airport,9.66
11.17,20.72415181060544,afternoon,medium,clear,high,city_center,23.18
10.8,17.762679204390455,morning,medium,clear,normal,suburbs,17.53
6.39,14.781606610327723,morning,high,clear,normal,city_center,15.23
6.94,23.520326867292443,morning,medium,rainy,high,suburbs,26.72
15.02,28.81660765547632,evening,medium,clear,high,airport,41.02
8.63,18.38399498601009,evening,medium,clear,normal,city_center,18.2
20.93,33.75087252759303,evening,low,rainy,high,suburbs,44.89
3.67,5.0,night,low,clear,normal,airport,13.52
14.86,21.540417891076125,afternoon,medium,clear,low,city_center,19.46
4.84,7.385810665145302,evening,medium,rainy,normal,suburbs,10.23
13.68,33.80595555585428,afternoon,medium,clear,normal,airport,26.89
14.26,29.81837749447881,evening,low,clear,high,city_center,38.82
16.42,32.94979158862772,evening,high,clear,high,city_center,47.43
11.26,13.118103893762207,night,medium,clear,normal,airport,18.23
13.23,30.896300803925225,evening,high,clear,high,city_center,39.24
5.34,8.2547978794751,morning,high,stormy,normal,suburbs,12.25
12.11,10.013549132772255,evening,high,clear,high,suburbs,25.85
9.95,16.94204169245107,morning,medium,clear,low,airport,25.92
16.99,43.22030063930989,afternoon,high,clear,high,suburbs,43.38
11.44,24.061421822669352,morning,medium,rainy,high,city_center,31.29
19.7,42.21644818026405,afternoon,low,rainy,normal,city_center,31.58
11.22,13.355309620573188,evening,high,clear,normal,suburbs,20.99
6.66,12.820808650311466,afternoon,low,clear,normal,suburbs,9.41
7.57,18.912548841827533,morning,high,clear,low,city_center,16.62
2.09,5.0,afternoon,high,clear,normal,city_center,6.43
13.96,26.750249892137504,morning,low,clear,normal,suburbs,24.54
20.94,49.37602446159472,morning,low,rainy,low,airport,40.97
19.46,33.760884472565664,evening,high,rainy,high,airport,56.98
11.51,24.55393712346762,evening,high,rainy,normal,airport,33.97
5.71,6.132968969002121,afternoon,medium,clear,high,city_center,9.79
21.72,54.55134230740342,afternoon,medium,clear,normal,suburbs,37.88
2.36,7.811986223902281,afternoon,high,clear,normal,suburbs,10.34
10.58,15.193611460508006,night,medium,clear,high,suburbs,24.24
21.56,20.64259247405391,afternoon,high,clear,normal,city_center,32.38
10.44,21.916015489829274,afternoon,medium,clear,normal,city_center,20.84
3.83,14.15258305425058,afternoon,medium,clear,high,city_center,17.24
7.38,12.76132514745835,morning,medium,clear,low,city_center,12.27
15.4,27.563467357740485,morning,medium,clear,high,city_center,35.97
4.65,7.5726644470683055,evening,low,rainy,low,airport,12.17
16.72,18.530308694413318,morning,low,clear,low,airport,26.06
11.52,32.52491255312321,evening,high,clear,high,airport,40.48
9.03,17.931194028967003,afternoon,medium,clear,normal,suburbs,14.19
6.78,13.030733352748976,afternoon,low,rainy,high,suburbs,16.75
20.76,36.676685370923295,afternoon,medium,clear,normal,airport,35.07
10.52,20.175716878206394,morning,high,clear,low,suburbs,20.77
18.72,49.79225131931787,afternoon,low,rainy,normal,city_center,33.07
11.57,14.753052521558072,afternoon,medium,clear,low,suburbs,16.77
3.2,14.43253212283172,evening,medium,clear,low,city_center,7.28
11.57,29.931695116561386,evening,high,rainy,normal,airport,33.71
13.18,24.61429066046962,evening,high,clear,normal,airport,34.85
11.99,22.33470156268006,afternoon,high,clear,normal,suburbs,21.1
20.59,35.6421367291159,morning,high,clear,normal,city_center,39.59
22.86,44.99997758940022,morning,high,clear,normal,suburbs,49.39
19.88,38.82652075234791,morning,low,clear,normal,airport,37.12
14.99,26.58396574951625,morning,low,rainy,normal,suburbs,25.77
13.99,23.46536275784065,morning,low,clear,high,city_center,30.87
16.47,16.876037006730588,evening,high,clear,low,city_center,25.41
7.91,18.167245786671998,afternoon,medium,clear,low,suburbs,15.81
20.48,35.18600869036566,morning,low,clear,normal,suburbs,29.5
21.56,49.6593331635428,evening,medium,clear,normal,city_center,41.02
7.41,18.73700172417608,evening,medium,clear,normal,suburbs,16.05
22.67,37.803220254115985,morning,low,rainy,normal,suburbs,39.28
21.37,44.675448459343066,morning,medium,clear,high,airport,53.15
11.19,14.579359043752259,afternoon,low,clear,normal,city_center,18.37
22.82,49.01049707216789,morning,high,clear,normal,airport,54.27
3.89,8.427420949220542,morning,medium,rainy,high,suburbs,9.22
1.67,5.7874584524277495,evening,medium,rainy,normal,airport,9.93
9.35,22.60237262110715,evening,low,clear,normal,suburbs,18.05
14.57,28.587211143139186,evening,medium,clear,high,airport,42.7
9.43,11.790386461579136,morning,medium,clear,normal,airport,23.97
23.61,67.15935414137662,night,high,clear,low,city_center,49.95
7.11,17.261250401527587,morning,high,rainy,low,airport,20.4
7.75,15.301270268092987,afternoon,medium,clear,high,city_center,19.57
16.24,35.064979328042874,morning,medium,clear,high,suburbs,40.75
1.09,5.0,morning,low,clear,high,suburbs,5.0
18.46,34.40401246041045,evening,medium,clear,normal,suburbs,32.27
10.06,15.465108543601453,morning,low,clear,normal,city_center,22.17
24.47,52.120126453892404,morning,medium,rainy,normal,city_center,45.88
17.59,25.588476087418073,evening,low,rainy,high,city_center,39.58
2.25,5.0,morning,low,clear,high,suburbs,7.99
3.22,9.630805278521782,evening,medium,rainy,normal,airport,12.21
3.12,5.0,night,high,rainy,high,suburbs,12.12
23.86,77.2373315751572,morning,high,clear,normal,airport,64.71
17.42,26.37972276284931,morning,high,rainy,low,city_center,35.62
11.26,13.543955139580474,afternoon,high,rainy,low,airport,27.86
5.81,18.350199879658273,evening,medium,rainy,normal,city_center,17.06
21.97,55.378059217498375,night,high,clear,low,suburbs,45.58
5.84,27.319391588449182,evening,medium,clear,normal,suburbs,18.26
17.96,33.85391579902352,evening,high,clear,low,city_center,29.04
19.32,50.52836559535463,afternoon,high,rainy,normal,suburbs,40.35
8.07,17.28662482764684,evening,medium,rainy,high,airport,27.34
13.12,32.74296002972339,evening,medium,clear,high,suburbs,39.43
6.35,18.57876095285975,morning,medium,rainy,normal,city_center,17.82
10.09,20.194874016636405,evening,medium,clear,low,airport,17.07
24.16,43.606468559290754,evening,low,clear,high,airport,57.52
17.64,33.83629252463781,night,medium,clear,normal,suburbs,29.21
21.32,47.30300643925297,evening,medium,clear,low,suburbs,35.68
13.97,21.63366557797132,evening,low,clear,normal,suburbs,22.6
6.74,7.5702842975506766,night,medium,clear,low,city_center,13.97
18.11,33.79579539972583,morning,high,clear,high,city_center,49.67
13.01,30.498095096711143,evening,low,clear,normal,suburbs,25.27
5.24,23.637242836796858,night,high,rainy,normal,city_center,17.82
10.9,22.836534619335286,evening,medium,clear,high,airport,29.42
16.24,31.198968566010155,night,medium,rainy,normal,city_center,30.16
18.65,35.259974751859886,morning,high,clear,normal,airport,41.54
6.84,15.709491610542322,morning,medium,rainy,normal,suburbs,15.82
22.02,46.241329613036186,morning,high,rainy,normal,airport,48.48
10.11,19.191059630242062,morning,high,clear,normal,city_center,23.63
7.51,9.49864673871947,evening,medium,clear,low,city_center,13.16
5.68,11.39805484574399,afternoon,medium,clear,low,city_center,11.07
20.3,32.86552365282794,morning,high,clear,high,airport,55.99
9.5,18.793325523823114,evening,low,clear,low,airport,21.97
12.6,25.076732004640224,evening,medium,rainy,low,suburbs,23.77
6.35,9.744788968404627,morning,medium,clear,normal,suburbs,11.61
17.47,34.851096749439414,afternoon,high,clear,low,city_center,32.4
19.74,42.91628653044827,evening,medium,clear,high,suburbs,47.94
9.15,16.931586281653665,morning,low,rainy,normal,suburbs,14.01
23.68,48.71719688062807,evening,medium,clear,high,airport,62.58
1.73,5.0,evening,medium,clear,high,city_center,8.67
4.19,8.106592115133715,evening,low,rainy,normal,suburbs,8.47
15.13,40.26250841525921,afternoon,low,clear,normal,city_center,31.37
17.83,34.86831564098321,evening,medium,clear,normal,airport,36.72
7.02,8.35879144484603,morning,medium,clear,normal,airport,17.95
14.3,33.29230700000666,night,medium,clear,normal,city_center,29.94
8.64,15.872874356488124,morning,medium,clear,high,suburbs,20.15
14.3,27.635166488808004,afternoon,high,rainy,low,suburbs,26.49
16.82,34.426210921887666,evening,medium,clear,high,city_center,42.4
24.35,40.04221480823529,afternoon,low,stormy,normal,city_center,43.29
11.94,30.921357469439236,afternoon,high,clear,low,suburbs,21.09
16.56,22.749566821885377,morning,low,clear,high,suburbs,31.41
14.87,31.704373273176497,evening,low,clear,low,suburbs,24.95
8.62,12.130864182195335,afternoon,medium,clear,high,suburbs,14.68
7.07,8.40530957344421,afternoon,medium,clear,normal,city_center,15.31
24.71,64.92811951518176,morning,high,clear,high,suburbs,73.29
5.96,11.084262299118967,evening,medium,clear,normal,suburbs,16.5
19.97,37.32506700269799,evening,medium,rainy,low,city_center,32.3
4.52,5.0,morning,low,rainy,high,city_center,15.28
20.3,55.29393981124935,morning,high,clear,high,airport,66.86
5.46,19.107735400948986,evening,medium,rainy,low,airport,17.31
24.21,49.91374818132431,afternoon,medium,rainy,low,city_center,38.67
17.46,29.953532445272582,night,medium,clear,normal,city_center,29.36
3.16,5.0,morning,high,clear,low,city_center,10.39
17.64,43.16071972864805,morning,low,clear,low,airport,33.32
15.49,34.189643815510536,morning,medium,rainy,high,city_center,38.25
9.1,16.26635214994048,evening,high,clear,high,airport,32.03
7.26,7.722611645902225,afternoon,low,rainy,normal,city_center,10.46
18.25,27.32588277639791,afternoon,medium,clear,normal,suburbs,26.17
18.79,53.84251405713353,morning,low,clear,normal,city_center,41.2
8.85,12.78699814615426,morning,low,rainy,low,city_center,15.93
22.03,39.56565111404444,morning,low,rainy,normal,city_center,39.03
7.45,14.857525820612588,afternoon,low,clear,normal,airport,16.03
2.68,5.0,evening,medium,clear,normal,airport,14.55
15.4,29.008934290601502,morning,low,clear,low,city_center,27.25
3.57,5.0,afternoon,medium,clear,normal,airport,14.55
7.64,24.570766447211476,night,medium,clear,high,city_center,20.91
13.17,31.367929632077974,evening,low,clear,high,suburbs,31.19
7.87,10.433396071869566,night,low,rainy,low,suburbs,10.37
6.16,15.250132873692388,morning,medium,rainy,normal,city_center,16.94
17.88,29.387898596843407,afternoon,medium,clear,normal,suburbs,30.57
14.13,21.4698048712271,morning,medium,rainy,normal,suburbs,25.18
21.15,60.122344246027765,night,medium,clear,normal,airport,44.67
14.95,24.322756864073835,night,high,clear,high,city_center,36.94
12.6,26.997150298204453,evening,high,clear,normal,airport,29.44
7.27,15.630761215644576,afternoon,low,clear,high,city_center,12.48
20.01,28.460593257578555,afternoon,high,clear,low,airport,30.71
5.72,16.819772577808887,night,medium,clear,high,suburbs,15.62
6.81,12.682977231139398,evening,low,stormy,high,suburbs,20.42
21.2,40.493071806135454,evening,low,stormy,normal,city_center,45.43
18.79,29.334418155058206,evening,low,clear,high,suburbs,41.93
15.71,40.76649389094595,morning,low,stormy,normal,city_center,39.19
1.93,5.0,evening,low,stormy,normal,suburbs,5.0
4.05,20.113159176207578,morning,low,clear,normal,suburbs,12.42
13.0,25.70168011033104,night,medium,clear,normal,airport,30.71
18.91,45.53489374204445,afternoon,high,clear,normal,suburbs,33.44
12.14,19.504604416521023,evening,medium,clear,normal,suburbs,21.23
1.42,5.0,afternoon,medium,clear,high,suburbs,6.39
5.42,6.682478861253166,morning,medium,clear,high,suburbs,15.09
15.13,31.091879723779023,evening,medium,rainy,normal,city_center,24.17
17.66,46.60944734690828,evening,medium,clear,normal,suburbs,37.87
1.8,5.0,night,medium,clear,high,suburbs,5.0
2.04,6.091328298519486,evening,high,clear,normal,city_center,11.2
7.27,19.03292118102941,morning,medium,rainy,normal,airport,19.0
3.0,14.63917786994921,morning,medium,clear,low,city_center,11.33
14.01,26.02494519940486,afternoon,low,clear,low,suburbs,14.01
3.97,9.7746688656921,afternoon,high,clear,normal,suburbs,7.15
16.56,44.09773656245475,afternoon,medium,rainy,low,airport,34.44
19.65,44.26983752251431,morning,medium,clear,normal,suburbs,35.73
24.29,48.859236782792706,night,medium,clear,normal,city_center,42.78
23.76,50.24846138578206,morning,high,clear,high,suburbs,65.49
7.56,16.408447302395754,evening,high,clear,high,airport,27.87
1.71,5.0,evening,low,rainy,normal,suburbs,5.0
8.91,19.358084953531904,evening,low,clear,low,suburbs,15.85
18.0,39.43683560618776,evening,high,clear,normal,city_center,42.21
2.44,5.0,night,low,clear,low,city_center,7.91
9.63,14.496419775836372,evening,high,rainy,normal,city_center,19.73
8.15,16.178090609491335,afternoon,medium,rainy,high,airport,24.73
6.26,12.095752659876787,afternoon,medium,clear,normal,suburbs,10.66
17.95,26.245770481315557,evening,low,clear,high,suburbs,36.56
16.82,28.96571065761566,afternoon,high,clear,high,suburbs,40.68
13.85,24.69122262252622,evening,low,stormy,low,airport,30.06
22.86,47.60683482989382,afternoon,medium,clear,normal,airport,39.97
3.48,8.86297082859057,evening,high,rainy,normal,airport,17.09
4.59,5.0,afternoon,medium,stormy,normal,city_center,10.37
10.2,21.578321689039665,afternoon,low,rainy,low,suburbs,18.19
16.74,28.53044961920736,night,low,clear,low,suburbs,19.83
15.02,29.644164635391096,afternoon,low,clear,low,suburbs,17.66
2.78,18.75231135085646,morning,high,clear,high,suburbs,17.04
24.0,41.16060709196315,afternoon,medium,clear,normal,airport,35.87
8.32,14.221271756426942,morning,low,clear,high,suburbs,18.24
9.62,13.305188665751164,afternoon,medium,rainy,normal,city_center,17.04
15.97,33.07262065892851,evening,medium,clear,normal,airport,37.53
23.68,51.85123419342852,morning,medium,rainy,low,city_center,42.2
16.9,35.559655788473904,afternoon,low,rainy,high,city_center,39.38
23.91,44.327120779130055,evening,low,clear,high,suburbs,51.97
5.5,18.924847454809694,morning,high,clear,low,airport,19.63
15.85,39.90636778637026,morning,high,rainy,high,suburbs,47.71
20.89,46.74794590794957,evening,medium,clear,high,city_center,51.38
13.22,33.525102802751185,night,low,clear,low,airport,25.0
9.69,20.803313279399518,afternoon,high,clear,low,airport,21.45
24.63,64.1728852470785,morning,medium,clear,normal,city_center,49.58
4.38,5.0,night,high,clear,normal,suburbs,10.9
10.86,9.933682842669056,evening,low,rainy,low,airport,19.46
21.96,34.799373399912014,night,high,clear,high,city_center,54.69
22.61,33.62979262272771,morning,low,clear,high,airport,47.81
24.53,43.947865141979435,night,medium,clear,low,city_center,37.99
22.24,50.54000070411743,evening,medium,clear,low,city_center,36.6
2.22,5.0,afternoon,medium,rainy,low,suburbs,5.0
23.31,44.29556751323213,evening,low,clear,normal,city_center,39.88
11.28,17.087070344083564,morning,high,clear,normal,suburbs,21.71
16.64,27.398515321777026,afternoon,medium,clear,normal,city_center,28.84
10.46,20.248536171521817,evening,medium,clear,normal,city_center,21.55
20.53,35.07829166280144,morning,low,clear,normal,suburbs,37.42
14.82,28.387661072722143,night,low,rainy,normal,suburbs,27.75
21.29,46.547503882086545,night,medium,stormy,low,airport,42.4
5.65,21.23935779872474,night,low,clear,normal,airport,20.95
5.44,12.015316979897834,morning,medium,clear,low,airport,12.78
11.57,29.34048298948288,evening,low,clear,low,city_center,22.02
1.11,5.0,night,high,clear,normal,airport,10.07
17.63,48.90560535412921,morning,medium,rainy,high,suburbs,51.73
8.11,18.858411731510117,evening,medium,rainy,normal,airport,24.37
14.38,37.71753750277529,morning,low,clear,low,city_center,25.03
2.68,5.0,evening,high,rainy,normal,suburbs,9.1
5.1,14.843477701218042,evening,high,clear,normal,suburbs,17.56
15.95,30.01248518239526,night,high,clear,normal,suburbs,31.61
8.34,29.925229104568,afternoon,high,stormy,normal,airport,30.22
6.15,12.212669879359503,evening,low,clear,normal,city_center,15.75
6.49,16.350440287273315,morning,medium,clear,low,suburbs,7.52
6.16,12.857495173182247,evening,low,clear,normal,suburbs,7.9
15.95,42.449925755965324,night,low,clear,normal,suburbs,32.74
5.02,17.87039023204443,evening,medium,clear,normal,city_center,16.66
9.7,29.077601053927577,night,low,rainy,low,suburbs,18.98
17.51,39.94113880970491,evening,medium,clear,normal,city_center,35.54
13.33,17.89989258249493,evening,high,rainy,high,city_center,35.32
15.33,33.25471853433082,night,medium,clear,high,suburbs,35.7
7.02,8.759167987984666,afternoon,low,clear,high,city_center,15.43
23.39,55.68854046828553,evening,low,stormy,low,city_center,45.04
10.93,23.236911131823934,evening,medium,rainy,normal,suburbs,22.97
7.89,12.635271068717195,evening,medium,clear,low,city_center,15.11
22.7,57.73690150334492,afternoon,medium,clear,normal,city_center,39.38
16.73,25.407717516222533,afternoon,high,clear,normal,suburbs,30.17
15.73,25.40635516310507,morning,high,clear,high,airport,43.35
22.28,38.724757467737575,night,medium,clear,normal,suburbs,32.9
2.4,6.243258296798723,afternoon,low,clear,normal,suburbs,5.0
21.1,33.81040906633846,evening,low,clear,high,city_center,41.44
17.27,32.254981865348945,morning,low,clear,normal,suburbs,28.95
9.64,23.42822222871625,evening,high,clear,normal,airport,27.08
7.15,7.8297986778952895,afternoon,high,clear,normal,city_center,14.99
3.52,11.612421560971853,evening,medium,clear,normal,city_center,11.24
23.59,34.17997329771909,evening,high,clear,normal,city_center,40.54
4.41,25.174815180899433,evening,low,clear,low,city_center,13.95
7.23,12.029979364101552,morning,medium,rainy,normal,city_center,12.59
17.59,38.78987035168321,evening,low,clear,high,suburbs,43.74
18.04,40.32934031896745,evening,medium,rainy,high,city_center,50.96
4.86,5.0361207998998125,morning,low,stormy,low,suburbs,9.67
20.54,39.86573473004794,afternoon,medium,rainy,normal,suburbs,35.15
13.25,26.17873303427193,evening,high,clear,high,city_center,38.39
21.36,39.80973774856423,night,low,rainy,normal,city_center,36.33
3.09,5.0,evening,high,rainy,high,city_center,11.26
2.03,11.816450194422927,night,low,clear,normal,suburbs,6.65
16.29,20.45628036124516,afternoon,medium,stormy,normal,airport,32.3
4.6,11.06170115041308,afternoon,medium,stormy,high,suburbs,11.99
13.6,20.736470824340884,evening,low,rainy,normal,suburbs,23.39
1.34,8.07217761153044,afternoon,medium,clear,normal,suburbs,5.0
19.72,54.67927918578732,evening,low,stormy,high,suburbs,57.19
22.59,43.11995796852227,evening,medium,clear,low,airport,43.43
21.13,45.05643501329932,morning,low,rainy,low,city_center,37.94
24.0,41.92187100712279,afternoon,low,rainy,normal,city_center,37.57
22.67,49.7384975570366,morning,low,clear,normal,city_center,39.51
11.66,25.634537889788604,morning,medium,clear,normal,suburbs,22.97
10.56,26.45893287384599,afternoon,low,clear,high,city_center,24.67
22.51,58.3857241624434,morning,medium,stormy,normal,city_center,50.74
23.25,59.19477735504479,morning,low,rainy,high,airport,66.45
24.35,37.73178203851795,morning,low,clear,high,city_center,51.6
19.44,31.759662262434023,evening,low,clear,low,suburbs,23.35
5.85,9.50032556407676,evening,medium,clear,high,suburbs,14.51
23.68,56.988289230459706,afternoon,high,clear,normal,suburbs,49.53
23.73,47.34289942910138,evening,low,stormy,normal,airport,52.06
16.99,33.073939593492824,evening,low,clear,low,airport,35.28
21.57,45.958211574580446,evening,high,clear,high,airport,65.09
14.47,31.807471303622332,night,high,stormy,normal,airport,39.76
23.66,59.03138629177139,evening,high,rainy,normal,suburbs,55.51
3.25,5.0,afternoon,medium,clear,low,city_center,5.25
21.74,55.956137258804574,night,low,clear,high,city_center,48.72
2.33,17.208432949620775,evening,low,rainy,normal,airport,18.38
9.14,22.843840245171386,afternoon,low,rainy,low,suburbs,14.74
4.25,7.713377232278579,evening,medium,clear,low,city_center,8.71
12.5,27.735455202353585,morning,medium,clear,high,airport,41.12
6.57,20.52647347987969,evening,low,rainy,low,suburbs,19.38
23.85,60.530117232108196,evening,low,clear,high,city_center,60.63
14.42,28.68137127509712,evening,high,clear,low,suburbs,23.62
22.55,34.790226623442635,morning,low,clear,normal,city_center,36.3
7.67,20.756790972528535,afternoon,low,rainy,normal,city_center,14.25
1.62,6.580287720635731,evening,low,clear,normal,suburbs,5.0
19.62,37.27347704491114,afternoon,medium,clear,low,suburbs,30.41
17.86,32.53822096396683,night,low,stormy,high,airport,43.05
14.09,13.373373420791847,morning,medium,clear,normal,city_center,20.8
20.57,34.167146412958445,evening,medium,rainy,high,suburbs,46.87
21.16,43.83111906162961,morning,high,clear,high,city_center,56.42
15.11,44.61791800725051,evening,low,clear,normal,city_center,31.73
24.18,38.36451725330936,night,medium,clear,high,airport,49.55
18.27,31.166177790359647,evening,medium,rainy,normal,suburbs,30.0
17.25,67.7049641447615,afternoon,medium,clear,normal,city_center,39.13
9.67,22.48744349598958,night,medium,rainy,normal,suburbs,18.97
1.05,5.358609163031327,afternoon,medium,clear,normal,airport,6.49
6.78,11.608884875026224,evening,high,clear,high,suburbs,16.54
19.33,44.675078837176905,afternoon,low,clear,high,city_center,38.64
18.04,26.249144251873613,afternoon,high,clear,low,suburbs,23.23
8.94,16.77942372685335,evening,low,clear,normal,suburbs,15.98
16.01,32.79502086341944,afternoon,low,stormy,low,suburbs,26.11
5.69,10.029448731902471,morning,low,clear,normal,airport,14.86
7.33,11.990586007735436,morning,high,clear,normal,city_center,20.26
23.74,69.18158001475764,morning,medium,clear,normal,suburbs,53.54
10.92,33.26726583944752,night,low,clear,normal,suburbs,17.48
6.88,16.349665170202282,night,high,clear,normal,city_center,17.35
12.69,21.833943927126484,evening,high,clear,normal,city_center,23.07
10.29,18.41421298421267,evening,medium,clear,high,suburbs,24.95
18.51,28.694374446411604,morning,low,stormy,low,city_center,34.11
24.09,46.65323663172142,night,medium,clear,normal,suburbs,39.68
15.2,33.23974612314787,afternoon,medium,clear,normal,city_center,24.81
15.19,31.74993029325983,morning,low,clear,normal,airport,34.9
9.76,16.80316523733279,afternoon,low,clear,normal,suburbs,12.98
14.55,20.108454089053318,afternoon,medium,clear,high,airport,32.34
8.66,31.407746813827597,evening,high,clear,low,city_center,22.01
1.03,5.0,morning,low,clear,normal,city_center,7.18
21.79,47.0885332609722,afternoon,medium,rainy,high,suburbs,47.37
11.31,24.374862371857045,evening,high,rainy,high,airport,35.31
12.81,24.92965308826927,evening,medium,clear,high,city_center,31.48
3.0,5.0,morning,medium,rainy,normal,airport,14.14
21.09,37.396781600728886,morning,medium,clear,low,city_center,37.13
5.09,8.381232823812487,evening,high,clear,normal,city_center,12.38
10.85,22.24368665207886,evening,medium,clear,high,city_center,31.29
21.17,44.13906225826338,afternoon,low,clear,normal,city_center,32.35
11.99,15.89097112820077,afternoon,low,rainy,normal,suburbs,22.31
23.35,51.53838504560123,afternoon,medium,clear,low,suburbs,32.38
6.02,10.149157947253933,afternoon,low,clear,low,airport,14.02
18.17,34.91957240064951,evening,low,rainy,high,suburbs,39.39
24.47,41.152167868307,night,high,clear,normal,suburbs,42.2
14.19,27.775316670865713,evening,high,clear,normal,airport,36.41
17.61,35.41460070977571,afternoon,medium,clear,normal,city_center,36.58
10.44,18.428073099987326,night,medium,clear,normal,airport,20.82
19.03,31.391804042043916,morning,low,clear,normal,suburbs,25.21
22.81,32.431821656847546,night,medium,rainy,high,airport,53.02
17.87,41.03148000765976,evening,low,clear,normal,airport,38.02
23.46,50.80638233080024,evening,medium,rainy,low,suburbs,44.44
15.13,44.74976933266076,afternoon,high,clear,normal,airport,35.22
14.85,30.949248878725854,afternoon,medium,rainy,high,suburbs,38.23
8.31,18.93296104641459,morning,high,clear,low,city_center,17.81
18.03,31.987358008779065,morning,low,clear,low,city_center,27.94
22.17,41.356675909450054,afternoon,medium,clear,low,suburbs,30.63
16.51,57.01657846089459,afternoon,medium,clear,high,suburbs,41.28
6.59,19.066630031094764,afternoon,medium,rainy,normal,airport,18.45
14.06,31.460730105821767,night,low,rainy,high,airport,33.25
19.14,35.428902859746984,morning,medium,clear,high,suburbs,45.41
23.54,38.98018005026554,evening,high,clear,normal,city_center,45.25
4.76,11.937365731304995,afternoon,low,clear,normal,suburbs,5.0
4.06,12.144792946253883,evening,high,rainy,normal,suburbs,11.93
10.91,22.215972404687115,evening,medium,clear,high,suburbs,28.02
4.01,6.666781292988248,evening,high,clear,normal,city_center,12.24
24.53,65.4891700715752,morning,high,clear,high,suburbs,78.33
11.18,13.249384432233201,morning,high,clear,normal,airport,26.04
13.81,28.27431167300136,morning,low,clear,normal,suburbs,24.14
6.45,9.413509173681284,night,medium,rainy,low,suburbs,10.06
11.78,30.146682936986245,afternoon,medium,clear,normal,city_center,27.07
24.63,45.27247510862659,evening,high,rainy,low,suburbs,43.68
12.73,27.30581889123909,afternoon,medium,rainy,normal,suburbs,21.38
1.21,5.0,afternoon,medium,clear,high,city_center,9.43
6.82,12.12705707409309,afternoon,medium,clear,normal,airport,17.16
24.48,64.49000111878394,morning,low,clear,normal,city_center,45.84
24.74,50.795455136012556,afternoon,medium,clear,normal,suburbs,39.49
6.05,26.874640363524705,morning,medium,rainy,high,suburbs,29.0
15.77,28.725060968298315,afternoon,low,clear,high,suburbs,29.99
2.85,5.0,afternoon,low,clear,normal,city_center,6.2
14.86,31.85269242598585,evening,low,rainy,normal,suburbs,28.3
4.02,5.722165642412673,morning,high,clear,low,suburbs,8.12
20.65,38.19945471109279,morning,low,clear,normal,airport,44.96
23.55,44.03687308605101,morning,high,clear,normal,suburbs,49.19
5.15,11.713384660836528,evening,low,rainy,low,city_center,6.73
12.11,30.155262088701203,morning,medium,clear,high,airport,40.86
3.45,6.287013309942945,evening,medium,rainy,normal,suburbs,7.24
9.14,20.30910130380488,afternoon,medium,clear,high,airport,26.62
2.56,5.0,afternoon,low,clear,normal,suburbs,7.96
7.35,11.84921905624273,afternoon,high,clear,normal,airport,22.38
24.77,52.58412722671128,afternoon,high,clear,normal,city_center,47.65
2.07,5.0,afternoon,high,clear,normal,suburbs,6.29
21.62,38.49913446369594,afternoon,low,clear,low,city_center,28.32
2.86,5.0,night,low,rainy,normal,city_center,7.91
13.7,27.200030463153965,evening,low,clear,low,airport,31.47
11.85,30.084409800909107,night,high,rainy,low,airport,25.78
23.36,45.68010367820237,night,high,rainy,normal,city_center,46.57
5.78,10.093360545558683,afternoon,medium,rainy,normal,suburbs,12.5
5.31,21.50779721126872,evening,medium,rainy,high,suburbs,26.35
18.97,43.992335772051206,afternoon,high,clear,normal,city_center,42.73
18.42,37.22204031316173,evening,low,clear,normal,suburbs,32.94
17.78,37.24399203149315,evening,medium,clear,high,suburbs,45.02
1.63,5.0,evening,low,rainy,low,city_center,9.25
7.24,5.0,afternoon,high,clear,normal,suburbs,10.49
21.16,42.438676199758824,morning,medium,clear,low,suburbs,36.64
15.42,30.969800932644784,night,low,clear,normal,suburbs,23.68
15.45,26.70398932872524,morning,high,clear,high,city_center,38.52
8.1,11.354211938499372,morning,high,rainy,normal,suburbs,19.01
7.24,15.556857562962083,morning,medium,rainy,high,city_center,22.14
23.72,65.91470805163175,evening,high,clear,high,airport,80.56
18.47,25.704625854462705,afternoon,low,rainy,normal,city_center,28.2
4.04,5.0,night,high,clear,normal,suburbs,6.67
23.5,47.824659778678104,evening,high,clear,high,suburbs,66.58
14.98,26.597714585923196,evening,medium,clear,low,suburbs,25.78
9.0,21.84871275550052,morning,medium,clear,low,airport,24.26
10.53,17.287205335827156,afternoon,low,clear,normal,suburbs,13.02
18.41,39.86152915274479,evening,medium,clear,high,suburbs,43.52
10.03,17.377743866844046,morning,medium,clear,high,suburbs,22.85
14.89,38.59348260887537,afternoon,low,rainy,normal,suburbs,26.92
18.05,43.05824977376212,evening,high,rainy,high,city_center,62.22
5.69,18.226327296661196,evening,high,clear,normal,suburbs,13.4
23.66,46.79508713054465,night,low,clear,low,airport,38.38
9.55,31.195792227723167,evening,low,clear,normal,suburbs,19.58
11.06,24.718890402365236,morning,low,stormy,low,city_center,21.17
17.76,39.52421334731213,night,medium,clear,normal,suburbs,30.27
15.61,56.32626955934225,night,medium,rainy,high,city_center,50.04
11.56,19.53101297704485,afternoon,medium,rainy,high,city_center,20.02
16.59,40.95032768062015,morning,high,rainy,normal,suburbs,36.32
22.67,40.55633056437133,afternoon,low,rainy,low,city_center,30.78
20.21,48.815168214361435,evening,high,clear,low,suburbs,40.25
20.78,48.4005097472165,morning,medium,clear,normal,city_center,39.24
7.2,16.64289044721374,afternoon,high,clear,low,city_center,14.42
11.07,9.808954427244853,afternoon,medium,clear,high,city_center,19.4
14.29,34.33700431763026,evening,high,rainy,normal,airport,40.84
2.06,5.975569990349142,afternoon,low,clear,normal,airport,11.18
19.48,41.34750612303807,afternoon,medium,clear,normal,suburbs,31.35
8.76,21.787464998406644,evening,low,clear,low,airport,24.11
7.78,20.575456267767056,evening,low,clear,high,city_center,25.2
7.22,8.030027747092092,afternoon,high,clear,high,city_center,16.77
7.8,24.449629810878506,morning,medium,clear,normal,suburbs,15.55
9.11,16.293825206502888,morning,low,clear,low,city_center,15.71
15.52,38.156123235292874,morning,high,clear,high,airport,47.81
15.01,40.356909983347876,morning,low,clear,normal,suburbs,31.52
7.14,9.511615722414255,afternoon,high,clear,high,city_center,22.85
5.95,11.976069956893664,morning,medium,clear,normal,city_center,15.03
20.83,35.89279872632849,evening,high,stormy,normal,suburbs,49.01
3.23,8.964791857825697,morning,medium,clear,normal,suburbs,6.44
13.31,28.752727673599264,night,medium,clear,normal,suburbs,23.93
13.49,24.153024481050032,morning,low,clear,high,suburbs,29.56
14.78,27.453488573916395,afternoon,medium,clear,high,suburbs,27.96
22.26,35.320167405503746,evening,low,rainy,low,city_center,34.17
15.97,48.16624799375631,night,medium,clear,high,suburbs,39.05
24.37,38.79820919917565,morning,low,clear,normal,city_center,41.8
21.91,59.12346002221035,evening,medium,rainy,normal,suburbs,46.08
6.15,21.027071386468798,evening,medium,clear,low,airport,17.25
6.79,9.56019060299748,afternoon,high,clear,low,suburbs,11.63
9.27,18.874755768374555,evening,medium,clear,normal,suburbs,20.0
10.4,19.973314296478016,afternoon,medium,clear,normal,city_center,21.17
14.27,16.538335621704803,afternoon,medium,clear,high,suburbs,23.35
6.58,6.483166126112654,morning,low,clear,high,suburbs,13.79
6.34,12.27901755940091,morning,high,clear,high,city_center,23.46
10.15,17.12338353420045,afternoon,low,rainy,high,city_center,19.74
17.13,28.484836114986553,morning,medium,rainy,low,city_center,29.38
17.52,36.893769149439365,morning,low,stormy,normal,suburbs,36.02
24.43,33.84538734881102,morning,medium,rainy,high,airport,54.79
5.86,14.382170307245133,evening,medium,clear,normal,city_center,17.61
10.43,27.33897001224305,evening,low,clear,normal,city_center,22.09
24.15,64.53397805472245,evening,medium,clear,normal,suburbs,52.39
17.56,33.09346342964862,night,high,stormy,normal,suburbs,35.01
15.21,34.87412089494974,night,low,clear,high,suburbs,27.52
13.95,21.821414328211453,morning,low,rainy,normal,suburbs,22.41
2.81,5.0,afternoon,low,clear,normal,suburbs,6.81
22.44,52.62815935734524,evening,medium,stormy,high,suburbs,63.27
16.01,28.054909451501338,morning,medium,clear,normal,city_center,29.8
14.72,17.559804811369144,morning,high,clear,low,airport,28.59
13.95,29.418914376858034,night,medium,rainy,normal,suburbs,23.22
10.41,11.77560393553146,afternoon,low,clear,high,airport,30.02
7.11,10.415526589019883,afternoon,low,clear,high,airport,18.79
19.13,40.50352145907105,evening,medium,stormy,normal,airport,44.29
13.23,26.454609695685022,evening,medium,clear,low,city_center,30.47
1.81,5.0,night,medium,clear,normal,airport,8.17
10.58,10.19526220467963,night,medium,rainy,normal,suburbs,15.98
23.29,51.04475510383701,afternoon,low,clear,normal,airport,39.55
9.97,19.57923363584672,evening,medium,rainy,normal,airport,22.1
10.92,24.065169525609193,morning,medium,rainy,low,city_center,24.39
15.98,34.29319816274499,night,medium,clear,high,suburbs,36.07
20.24,55.08952864952397,afternoon,medium,clear,low,city_center,31.23
17.04,43.31616083198441,afternoon,medium,clear,high,city_center,45.65
21.4,46.6471627883827,night,low,clear,high,airport,50.36
3.74,5.0,evening,medium,clear,normal,airport,16.22
23.19,49.65717842948886,afternoon,low,rainy,normal,city_center,42.3
22.69,33.60815336108192,morning,medium,rainy,normal,city_center,36.07
13.46,24.54285484996177,afternoon,medium,clear,high,city_center,30.96
15.99,32.43231806966445,evening,medium,clear,normal,city_center,33.89
6.11,17.788226089608113,evening,medium,clear,normal,airport,20.26
11.75,24.09433149656458,morning,medium,rainy,normal,suburbs,26.39
5.86,5.2322801675242445,evening,high,clear,normal,suburbs,10.36
1.53,5.0,afternoon,medium,clear,high,city_center,12.11
24.54,56.070012965090044,night,medium,clear,high,city_center,55.51
7.22,8.809279987110493,evening,low,clear,low,suburbs,14.91
15.23,32.799248367540976,night,medium,rainy,high,suburbs,37.5
8.21,10.576434402670968,morning,low,stormy,normal,suburbs,16.72
9.89,31.1161976067848,night,high,clear,high,city_center,29.95
10.55,16.75102085522635,night,low,clear,normal,city_center,21.67
9.04,19.471627659335248,afternoon,high,clear,high,city_center,22.91
16.3,27.154827612744096,night,medium,clear,low,airport,32.53
24.06,51.61149961628412,evening,high,rainy,normal,suburbs,54.33
11.29,26.175240074508963,night,low,clear,normal,airport,26.12
24.36,53.50526020799433,evening,medium,clear,low,airport,44.7
17.03,40.26980975176359,night,high,clear,normal,suburbs,34.1
15.57,26.815775297141723,morning,low,clear,normal,suburbs,21.85
6.69,19.48275947523817,morning,low,clear,high,city_center,23.5
2.51,5.0,afternoon,high,rainy,normal,suburbs,8.09
21.45,43.05265978995441,evening,high,clear,low,suburbs,44.08
14.78,22.26139909706677,afternoon,low,clear,normal,suburbs,20.01
10.95,30.25483677489966,afternoon,medium,stormy,normal,suburbs,29.31
20.49,34.07811589028844,morning,medium,clear,low,airport,33.73
8.45,20.42693244364758,night,low,clear,normal,airport,21.58
19.81,29.420011303023745,evening,medium,rainy,normal,suburbs,35.78
8.87,20.530895521817,morning,low,clear,normal,airport,24.05
23.1,54.061902942637076,morning,high,clear,normal,suburbs,49.9
7.43,7.50531431564582,night,high,clear,normal,city_center,11.15
4.3,11.978386672393976,afternoon,medium,clear,low,airport,13.83
17.75,41.7489885673293,evening,medium,clear,normal,suburbs,33.55
4.91,9.3390768008572,night,high,clear,normal,suburbs,15.97
23.78,46.52612775621814,night,medium,clear,normal,city_center,41.65
16.73,27.354758868847455,morning,low,rainy,low,city_center,27.68
6.54,10.448422100883787,evening,low,clear,high,city_center,20.86
6.01,14.675916926234915,night,medium,clear,high,city_center,19.71
23.17,27.298104032253715,morning,high,clear,normal,city_center,36.59
15.59,31.512026875734115,evening,medium,clear,normal,city_center,33.12
22.45,44.45641824362765,evening,low,rainy,low,suburbs,37.56
3.65,5.0,morning,high,clear,high,suburbs,12.77
23.21,44.79247619951029,afternoon,low,rainy,normal,suburbs,35.89
13.48,32.050941349434744,morning,low,clear,normal,suburbs,24.69
17.04,34.46799790851794,morning,medium,clear,normal,airport,33.94
9.95,17.21820264073667,morning,medium,clear,low,city_center,20.19
2.42,5.494570646582352,afternoon,medium,clear,normal,city_center,6.35
23.99,70.37597527449729,evening,low,clear,normal,city_center,48.63
24.87,44.21894428744433,night,low,clear,normal,city_center,46.29
9.75,21.798250568201016,night,medium,clear,normal,suburbs,17.01
23.65,46.896365328236,night,medium,rainy,normal,suburbs,39.07
5.03,9.937496102811052,evening,high,clear,high,suburbs,17.87
4.71,5.0,morning,medium,clear,normal,city_center,9.64
2.75,5.0,afternoon,medium,clear,high,city_center,13.12
10.39,30.30544010619567,evening,low,clear,low,city_center,23.05
2.26,5.0,night,low,rainy,normal,suburbs,6.37
10.47,21.445778595268695,afternoon,medium,clear,normal,suburbs,19.74
4.32,20.300662198205625,evening,medium,rainy,low,suburbs,14.33
18.53,36.27883469096645,night,low,clear,low,city_center,25.88
21.0,33.526207230548366,evening,medium,clear,low,city_center,33.88
17.51,53.39904154044809,evening,high,clear,high,city_center,56.1
5.81,13.562122834675328,night,low,clear,normal,suburbs,8.24
19.4,40.0029137868348,evening,low,rainy,normal,airport,39.21
6.99,16.6237253674782,morning,medium,rainy,normal,airport,20.43
19.23,40.62406884632488,night,medium,clear,normal,airport,37.93
14.62,26.288093843082677,evening,low,clear,normal,airport,22.95
9.8,6.589324611744258,afternoon,medium,clear,high,suburbs,15.11
3.0,6.652140939826781,night,medium,rainy,low,suburbs,5.0
20.86,50.45600147806837,morning,low,clear,high,city_center,53.59
23.55,59.19138907534115,night,high,clear,high,suburbs,62.11
16.98,33.728672824372616,evening,low,rainy,high,suburbs,39.81
24.15,43.81686760587633,afternoon,high,rainy,high,suburbs,53.82
23.42,52.091059350931864,night,low,clear,normal,airport,44.68
5.67,14.137441737679671,morning,low,rainy,high,city_center,14.82
18.55,49.07991806695482,night,medium,clear,normal,suburbs,34.03
9.38,17.459680221143024,evening,medium,clear,normal,city_center,17.98
12.7,30.305619787899882,afternoon,low,clear,high,airport,36.93
4.77,10.403702061503413,night,high,clear,normal,suburbs,6.49
24.39,60.32480490194978,morning,medium,clear,normal,suburbs,51.75
18.43,27.917933152268237,afternoon,medium,stormy,high,city_center,40.13
7.41,25.310671664176724,evening,low,clear,high,suburbs,22.64
9.92,32.06986957830148,morning,low,clear,normal,suburbs,25.58
11.14,25.8257844387959,morning,high,clear,high,suburbs,35.76
18.94,56.882264644680816,evening,medium,clear,normal,suburbs,41.84
23.22,39.449732192282404,afternoon,medium,rainy,normal,city_center,38.68
8.71,11.980487986663936,afternoon,high,clear,high,suburbs,15.21
12.34,11.69608979018961,evening,low,clear,normal,airport,19.92
15.24,29.433994545984508,afternoon,medium,clear,low,airport,28.12
10.44,34.304573433322226,morning,medium,clear,high,city_center,31.33
13.1,34.14444028354541,morning,high,clear,normal,suburbs,31.49
3.54,8.219934541311742,morning,medium,clear,high,city_center,12.03
5.02,5.0,evening,high,rainy,normal,suburbs,7.62
10.63,21.513053548667767,morning,medium,clear,low,suburbs,21.12
22.96,38.13349444508701,night,low,rainy,normal,city_center,38.44
9.38,21.731191764582533,morning,medium,clear,high,suburbs,24.83
7.0,11.772906749921113,afternoon,low,clear,normal,airport,20.3
18.83,40.75531154969811,evening,low,clear,high,suburbs,40.08
23.78,51.50906938624807,morning,medium,stormy,high,city_center,65.19
12.02,39.695951400169776,evening,low,clear,normal,city_center,26.74
1.21,5.0,afternoon,medium,clear,high,city_center,6.91
17.52,25.896309265551377,night,medium,clear,normal,suburbs,25.82
10.96,25.20809869060352,morning,high,clear,normal,airport,32.52
17.17,25.37358167961559,morning,low,clear,high,suburbs,40.6
7.67,16.32554143001247,evening,medium,clear,low,suburbs,15.77
1.06,5.0,afternoon,high,clear,normal,suburbs,5.38
9.27,35.5242246937223,night,medium,stormy,normal,airport,34.22
17.92,32.53232547879528,night,medium,clear,high,suburbs,37.92
10.43,17.061725265270734,evening,low,clear,normal,suburbs,18.0
6.26,12.370444299592862,morning,low,clear,normal,city_center,14.7
12.14,28.486679794975043,evening,low,rainy,normal,suburbs,25.37
19.06,37.82743374718208,morning,medium,clear,normal,airport,41.93
3.87,11.396372626706405,morning,medium,clear,normal,city_center,6.54
17.6,33.369810929791214,morning,low,clear,normal,city_center,32.91
17.02,43.57732929456549,afternoon,high,clear,normal,airport,40.01
9.9,17.87548982394236,afternoon,medium,clear,normal,city_center,17.08
24.29,72.5598058731984,evening,high,clear,normal,city_center,63.56
22.47,38.18143614535311,afternoon,medium,rainy,normal,suburbs,36.72
8.59,14.762679184819122,afternoon,medium,clear,high,suburbs,16.8
1.75,11.772190335507942,morning,medium,clear,low,airport,12.75
8.4,6.055233369272095,evening,high,clear,high,city_center,21.96
5.91,9.135128202556567,evening,low,rainy,normal,suburbs,11.11
14.13,26.78626658884474,morning,low,clear,normal,suburbs,22.4
23.05,50.64094261405023,evening,medium,clear,normal,suburbs,43.4
21.89,33.54847284882441,night,medium,clear,high,suburbs,46.07
8.34,6.36597154275035,morning,high,clear,normal,airport,19.11
11.29,24.890475464041195,evening,low,clear,high,suburbs,29.04
1.88,10.724148255362035,night,low,rainy,normal,city_center,14.95
14.06,30.570700566114024,night,low,clear,high,city_center,26.68
2.52,5.0,morning,medium,clear,low,airport,13.17
23.53,33.34555065960208,morning,high,rainy,high,city_center,57.6
21.81,55.878033930139864,evening,high,clear,low,suburbs,43.39
6.14,17.27273344729377,afternoon,high,rainy,normal,suburbs,14.55
17.78,14.632639470776766,morning,high,clear,normal,city_center,28.1
14.63,16.424961254563257,afternoon,low,clear,normal,city_center,21.68
20.23,50.01684572159105,afternoon,medium,clear,normal,suburbs,31.77
12.42,19.555749050579685,morning,medium,stormy,normal,suburbs,26.76
5.6,6.270423573864077,morning,high,clear,high,suburbs,17.7
16.36,30.032865616474545,evening,high,rainy,normal,suburbs,30.92
2.93,5.0,afternoon,low,clear,low,city_center,5.0
15.03,31.591997702363315,morning,medium,stormy,low,airport,33.02
6.1,6.381093990107254,night,medium,clear,low,airport,16.42
17.44,37.46792603490762,evening,high,clear,high,suburbs,46.96
20.87,50.54902212755547,afternoon,high,clear,high,city_center,54.81
3.63,5.0,afternoon,high,clear,normal,suburbs,5.0
10.61,18.383193408613828,evening,high,clear,high,city_center,28.17
18.6,34.56460388311151,evening,high,clear,normal,suburbs,34.97
4.93,13.42644285570261,night,high,clear,high,airport,19.35
14.6,25.25971363112963,morning,low,clear,normal,city_center,25.69
17.12,32.99214864276326,evening,high,rainy,normal,suburbs,37.51
9.52,25.57344800501636,afternoon,medium,rainy,high,suburbs,25.56
20.97,46.11922959650893,night,low,clear,low,city_center,29.25
13.26,33.228967551506045,morning,medium,rainy,low,suburbs,29.27
16.05,43.39514660042906,afternoon,medium,clear,high,airport,42.33
4.38,9.158393436508364,evening,medium,rainy,low,city_center,13.88
1.56,5.0,evening,medium,clear,high,airport,14.42
2.22,5.0,evening,medium,clear,normal,suburbs,7.94
22.69,44.525434608401106,afternoon,medium,rainy,normal,airport,45.42
22.18,50.06797620475405,night,low,clear,normal,airport,39.65
20.38,40.2507124617084,evening,high,clear,high,city_center,57.39
5.79,15.182443003412542,afternoon,medium,clear,normal,suburbs,5.44
13.61,19.843318339589224,night,high,clear,normal,suburbs,24.47
20.11,40.58767273553484,afternoon,medium,clear,high,suburbs,42.56
17.19,30.34704367430617,evening,high,clear,normal,city_center,33.83
3.77,11.639463883948956,afternoon,high,clear,high,suburbs,13.6
22.49,45.92222033179484,morning,medium,clear,high,city_center,50.13
4.86,10.82592833904474,afternoon,low,clear,normal,suburbs,6.39
5.12,8.231074713678247,afternoon,medium,rainy,normal,airport,14.41
22.62,38.994680695545945,morning,medium,clear,high,city_center,48.22
12.63,21.52908460154414,afternoon,medium,rainy,normal,suburbs,25.41
9.95,21.247278693527207,evening,high,clear,high,city_center,32.19
14.29,23.032688903777903,morning,high,clear,normal,suburbs,27.86
24.55,33.383918767439894,evening,medium,rainy,high,city_center,54.26
3.87,7.713082600313562,afternoon,low,clear,normal,airport,13.44
19.17,46.25426285643597,morning,high,clear,low,city_center,37.38
9.02,9.688156350775849,morning,low,stormy,high,suburbs,22.12
3.81,5.450230849943641,evening,medium,clear,normal,suburbs,9.08
11.13,26.202419248867383,afternoon,medium,clear,high,city_center,25.63
14.17,34.17485843020973,night,medium,clear,normal,suburbs,27.23
5.94,11.598135178104004,evening,medium,rainy,low,city_center,12.56
10.73,22.40042886705068,night,high,clear,normal,city_center,24.61
16.26,26.13457815593013,afternoon,high,clear,normal,city_center,31.95
14.83,28.286822254577377,evening,medium,clear,low,city_center,25.74
18.36,27.454604732504354,evening,high,clear,high,suburbs,49.41
21.07,44.4431194413762,afternoon,medium,clear,normal,city_center,34.25
10.82,24.70869660177969,night,medium,clear,normal,suburbs,17.31
11.15,16.38776397002388,afternoon,medium,clear,normal,city_center,18.7
12.92,19.725922684988774,afternoon,medium,stormy,normal,suburbs,19.47
14.59,35.40178885909074,evening,high,rainy,low,city_center,34.26
3.6,6.417650000923855,afternoon,medium,clear,low,suburbs,5.0
8.5,20.62927849245204,morning,high,clear,normal,airport,27.49
5.13,14.960753861037091,evening,high,clear,normal,city_center,15.56
10.26,28.09262809057877,morning,high,clear,normal,suburbs,30.17
24.36,58.71084615671037,evening,high,rainy,high,suburbs,77.62
14.99,30.640502376063175,afternoon,high,rainy,high,suburbs,40.7
11.31,22.35135593647087,night,high,rainy,high,suburbs,28.05
14.58,31.396163099439345,afternoon,medium,clear,low,suburbs,19.75
17.06,42.46270678528309,afternoon,low,clear,low,airport,30.87
11.44,8.563463882878406,afternoon,high,rainy,low,airport,22.04
11.75,19.230737178760574,evening,low,clear,normal,airport,24.74
17.83,31.362217617649186,morning,medium,rainy,high,city_center,43.33
2.46,8.0157646150384,afternoon,high,clear,normal,airport,14.07
13.96,27.651148305924092,afternoon,high,clear,high,suburbs,37.11
14.14,31.411922876433554,afternoon,medium,clear,normal,airport,33.51
19.16,49.113661425637986,night,low,rainy,normal,suburbs,39.74
24.58,46.40901956078294,evening,medium,clear,low,city_center,35.77
20.1,27.048168234343986,afternoon,high,clear,normal,suburbs,23.96
13.09,29.741583133623216,morning,high,clear,normal,city_center,32.66
5.07,5.4109944904249545,evening,high,clear,normal,suburbs,13.25
15.12,36.1591798755501,evening,low,clear,normal,city_center,32.69
21.02,30.935179113924676,afternoon,high,rainy,normal,suburbs,37.84
23.38,36.70683334411146,night,medium,rainy,low,city_center,37.21
20.81,39.77126738567672,afternoon,medium,clear,normal,airport,37.16
5.54,11.879019463810112,morning,high,rainy,normal,suburbs,15.49
18.1,54.69183967230981,evening,medium,rainy,low,airport,44.28
22.12,42.5567132796944,evening,low,clear,normal,airport,44.21
17.34,40.386166839483316,afternoon,low,rainy,high,airport,42.54
17.46,30.478464442926352,night,medium,clear,normal,suburbs,25.14
13.0,27.444219637976932,evening,medium,rainy,low,suburbs,19.73
16.29,29.73044834949662,night,high,clear,low,suburbs,26.2
8.07,16.711755229539687,evening,medium,clear,high,city_center,19.58
3.13,5.0,evening,medium,clear,normal,suburbs,7.2
20.87,47.37910369312839,afternoon,high,clear,normal,city_center,43.08
23.64,59.77519144292351,afternoon,high,rainy,high,city_center,65.96
21.56,41.52671448960007,morning,high,rainy,low,suburbs,41.24
9.01,19.72664808301787,evening,medium,clear,high,suburbs,25.16
3.24,16.106510826046073,morning,high,clear,normal,airport,15.63
7.72,18.718502665404593,night,medium,clear,high,suburbs,21.79
21.23,47.75768237038728,afternoon,low,rainy,normal,suburbs,35.6
16.74,34.222360454673996,morning,medium,rainy,high,city_center,42.38
24.2,61.511838719500034,morning,medium,rainy,normal,suburbs,52.57
9.22,25.3145346126839,afternoon,high,clear,normal,suburbs,12.68
14.24,24.924646408800683,morning,low,clear,high,city_center,32.79
19.96,43.67919426080961,morning,medium,clear,normal,suburbs,36.45
6.62,7.15676328597896,evening,low,rainy,normal,city_center,11.09
24.14,60.58614358294855,afternoon,medium,clear,high,city_center,54.11
15.22,21.814568026745917,morning,low,rainy,normal,suburbs,26.36
1.19,5.0,afternoon,high,rainy,normal,city_center,6.24
1.6,5.0,morning,high,rainy,high,city_center,13.65
22.17,32.99558736620029,night,high,clear,normal,city_center,35.5
16.49,40.957216824362234,night,low,stormy,normal,city_center,35.05
19.31,31.273075507027283,afternoon,high,clear,high,city_center,40.8
19.82,30.51044938484936,morning,low,clear,high,city_center,45.49
11.09,13.450158352248508,morning,low,clear,normal,airport,23.6
20.17,44.186518778578915,evening,low,rainy,low,suburbs,31.52
23.5,51.18275725962794,morning,low,rainy,normal,city_center,46.82
5.13,18.933460063086837,evening,low,rainy,normal,airport,22.31
19.34,26.66169485190263,afternoon,low,rainy,normal,suburbs,26.31
8.39,22.24748534008757,evening,low,stormy,high,suburbs,26.41
8.72,13.07790633753986,afternoon,high,rainy,normal,city_center,18.67
10.91,17.741587761866935,morning,high,rainy,low,suburbs,20.91
21.73,37.50215056393605,afternoon,high,clear,low,suburbs,36.13
1.53,5.0,evening,high,clear,low,city_center,8.0
11.41,19.4023480895061,evening,medium,clear,normal,airport,26.62
17.32,23.115086572443175,evening,medium,clear,low,airport,31.33
3.65,8.173265105022914,afternoon,high,rainy,normal,suburbs,10.11
20.01,17.919447165508924,evening,medium,stormy,normal,city_center,34.19
23.61,41.28398661811344,morning,high,clear,low,city_center,42.05
3.18,5.0,evening,low,rainy,high,city_center,11.86
4.67,9.587388707833302,evening,low,clear,high,city_center,15.41
24.38,44.8481359246357,morning,medium,rainy,normal,city_center,46.85
5.75,13.844683437365708,evening,high,clear,normal,city_center,12.02
2.89,9.160660177936059,night,high,clear,low,suburbs,9.39
23.85,46.225599715379644,night,low,clear,normal,city_center,39.06
22.42,40.06218112624936,morning,low,clear,normal,airport,43.43
16.74,32.85076711924921,night,high,stormy,normal,city_center,34.95
14.23,39.400183273943796,morning,medium,clear,low,city_center,28.72
23.06,53.79506810133493,afternoon,low,clear,low,city_center,35.4
16.73,22.565473898437418,afternoon,medium,clear,high,suburbs,30.67
16.8,34.83721122090118,morning,high,clear,low,suburbs,33.99
21.25,64.02799998735951,afternoon,high,clear,high,city_center,60.95
16.68,23.31583590556629,night,high,clear,normal,city_center,26.03
13.09,18.382909893670952,morning,low,rainy,normal,city_center,16.55
10.35,11.243732479804954,afternoon,medium,clear,normal,city_center,13.31
13.08,23.292216741302948,evening,medium,clear,low,city_center,20.34
13.54,16.65288447120072,morning,low,clear,normal,airport,28.18
9.66,18.02584486247914,night,medium,clear,normal,city_center,21.05
11.75,24.694254248248683,night,medium,clear,normal,city_center,24.6
20.24,35.04907846350059,afternoon,medium,rainy,high,city_center,42.49
11.0,19.02025162818201,afternoon,medium,clear,low,suburbs,11.58
1.61,9.010269400141224,morning,medium,rainy,high,airport,13.64
7.79,9.82934606597405,night,high,rainy,normal,city_center,20.58
6.56,11.65979946848867,morning,medium,clear,normal,suburbs,10.49
20.05,54.10447960052346,afternoon,medium,clear,low,city_center,35.28
11.78,30.348998147093784,evening,low,clear,normal,city_center,25.07
7.73,20.22898474807,evening,low,clear,normal,suburbs,15.53
20.46,38.28424888232441,evening,high,clear,high,airport,58.04
1.46,5.0,morning,medium,clear,normal,airport,12.95
5.18,6.586716039723455,evening,medium,rainy,normal,suburbs,6.25
20.85,55.17494845903461,evening,low,clear,low,suburbs,36.97
14.22,34.32884856133349,afternoon,high,rainy,low,suburbs,21.61
19.57,35.72032975272174,evening,medium,rainy,normal,suburbs,35.25
21.12,40.85728357512092,morning,low,clear,normal,city_center,38.87
23.61,47.40390583141478,morning,high,clear,low,suburbs,45.45
2.52,10.305383778597898,morning,high,clear,high,city_center,15.27
20.18,28.64036608535045,afternoon,high,rainy,high,airport,48.33
18.01,39.380545787206245,morning,medium,rainy,low,suburbs,33.6
5.97,18.539200804510667,morning,high,rainy,high,suburbs,27.71
23.36,46.62116151275217,afternoon,medium,clear,high,suburbs,48.65
10.7,13.41228468024716,evening,medium,clear,normal,airport,16.85
22.3,66.93472610178402,afternoon,low,clear,normal,city_center,42.29
15.52,23.510930747021458,evening,low,clear,low,suburbs,24.97
13.64,23.713948175064566,afternoon,medium,clear,normal,city_center,22.97
4.83,14.57859269966638,afternoon,low,clear,normal,city_center,9.96
22.94,41.69834566298428,morning,high,clear,normal,airport,53.47
14.36,39.18971737955864,evening,medium,stormy,normal,suburbs,34.77
1.15,5.0,evening,medium,clear,low,suburbs,5.0
1.44,5.0,morning,medium,clear,normal,city_center,7.11
19.66,45.02574044751406,morning,high,clear,normal,suburbs,45.38
4.89,13.904897160220322,morning,medium,rainy,low,city_center,13.07
15.37,24.162006168509198,afternoon,high,clear,low,suburbs,21.7
17.35,48.182036989245795,morning,low,rainy,normal,suburbs,38.15
7.7,9.35918376966029,evening,medium,clear,high,city_center,20.37
14.66,19.28067156710482,afternoon,medium,clear,normal,suburbs,18.14
6.77,11.372216753532626,night,low,clear,high,suburbs,13.89
23.71,39.4165728475707,afternoon,low,rainy,normal,suburbs,32.43
21.64,44.840623460496865,afternoon,medium,clear,high,airport,50.2
7.91,26.94085157070576,night,medium,clear,normal,suburbs,22.29
13.69,28.037590704571084,morning,high,rainy,high,airport,48.86
13.02,28.89361335150699,evening,high,rainy,high,suburbs,39.85
24.04,51.30364329403127,morning,medium,clear,high,airport,58.57
10.46,25.832121405511415,afternoon,medium,stormy,high,suburbs,28.55
14.49,33.34156232564166,night,medium,rainy,high,suburbs,34.94
23.29,55.50964441620565,morning,high,clear,high,city_center,65.91
4.91,13.28606695941397,morning,medium,clear,normal,airport,19.43
14.21,28.196470716388017,morning,medium,clear,normal,suburbs,28.72
3.54,8.921551654832303,afternoon,high,clear,normal,city_center,10.64
15.82,41.18367346340662,afternoon,medium,clear,normal,suburbs,27.89
9.78,23.943486816306674,evening,medium,clear,low,suburbs,16.12
24.22,53.41674273744292,morning,high,rainy,high,suburbs,71.31
10.97,22.881690104162494,evening,medium,clear,low,city_center,22.44
4.27,5.0,evening,high,clear,normal,city_center,12.52
21.02,44.6259769599175,evening,medium,clear,low,city_center,36.99
20.7,32.83502103400277,night,high,clear,normal,suburbs,40.23
17.68,37.88034100350182,evening,medium,clear,low,city_center,32.43
18.97,40.83683050208076,morning,medium,clear,high,airport,50.49
7.35,13.59415176797296,morning,medium,clear,normal,airport,17.99
16.41,10.995989589444887,evening,medium,clear,low,city_center,18.84
1.91,5.0,morning,low,clear,low,city_center,12.08
5.73,14.641769603318636,morning,medium,clear,low,suburbs,13.97
23.37,49.69601250735267,evening,medium,clear,high,suburbs,59.16
18.74,49.192425610955446,afternoon,high,clear,normal,suburbs,38.51
6.54,8.120971774836763,afternoon,low,rainy,normal,suburbs,10.84
3.67,8.516145081334493,afternoon,low,clear,high,airport,12.54
23.77,44.49613644274197,afternoon,medium,clear,normal,suburbs,35.37
3.69,10.982899304168779,morning,medium,clear,normal,city_center,10.69
7.17,11.807480615493233,night,low,clear,high,airport,17.89
5.38,15.623025566592325,afternoon,low,clear,low,airport,16.17
1.18,10.318458618446863,afternoon,medium,clear,normal,city_center,16.95
8.54,7.463991941846368,morning,medium,clear,normal,city_center,11.66
24.38,62.44086549586573,morning,medium,stormy,normal,city_center,58.73
9.21,5.988925274955498,morning,high,clear,low,city_center,14.07
13.1,15.757328424048538,morning,low,clear,low,suburbs,18.52
18.9,51.912329818512,evening,high,clear,normal,city_center,50.81
14.23,26.818776262116614,morning,low,clear,normal,city_center,21.87
18.85,37.948777790231496,afternoon,low,clear,normal,city_center,27.12
16.88,37.14953231392863,evening,medium,clear,high,city_center,42.56
15.61,35.9624486217748,afternoon,high,clear,high,city_center,41.01
16.59,31.716960048800455,morning,medium,clear,high,suburbs,37.28
20.18,32.38316399202053,morning,medium,clear,normal,city_center,34.48
18.04,36.058991689466836,morning,medium,clear,high,suburbs,45.07
20.0,29.126691248482867,afternoon,medium,clear,high,city_center,35.11
4.49,19.303838123118545,afternoon,medium,clear,normal,airport,15.42
17.26,38.922952685510495,afternoon,high,clear,low,airport,32.88
18.69,48.276276823918366,morning,low,clear,low,suburbs,35.48
8.2,25.09317582750309,morning,high,clear,high,suburbs,27.96
21.99,59.10747645878398,evening,high,clear,high,city_center,67.05
8.31,21.92492590142985,morning,medium,clear,normal,suburbs,17.75
6.85,15.942768177756069,afternoon,high,stormy,high,city_center,23.59
21.81,47.398514032983,night,medium,clear,high,suburbs,51.46
6.93,7.4641634932778835,evening,low,clear,normal,airport,17.36
10.97,22.554892483079062,afternoon,medium,clear,low,city_center,22.9
9.83,19.504879293483526,afternoon,high,rainy,low,suburbs,16.53
22.55,36.61132055119703,night,medium,clear,normal,airport,41.42
11.93,24.21870643819709,evening,low,clear,normal,city_center,26.69
17.66,19.562358749597237,evening,high,rainy,low,city_center,27.06
20.06,30.609584534852214,evening,medium,rainy,normal,suburbs,31.02
16.07,38.70697172501806,night,low,clear,normal,city_center,28.23
23.65,53.30824461258476,morning,low,clear,low,suburbs,42.74
20.26,46.74487574880967,evening,high,clear,normal,suburbs,44.93
10.6,24.791569108163955,afternoon,medium,clear,high,city_center,26.71
23.82,61.7162643504443,afternoon,high,rainy,high,suburbs,64.21
13.59,28.080831079614168,morning,high,rainy,high,city_center,42.82
1.54,6.519483427257079,evening,low,rainy,high,suburbs,8.5
7.24,20.944473245871926,morning,high,clear,low,airport,19.06
15.92,20.14344931216074,evening,medium,rainy,high,airport,33.57
4.76,5.0,night,medium,clear,normal,suburbs,11.23
15.02,23.326047014737625,afternoon,medium,clear,normal,city_center,17.55
9.68,9.574538221736383,afternoon,low,rainy,high,suburbs,15.97
13.83,27.952828421736935,afternoon,low,rainy,normal,suburbs,21.06
1.04,5.0,afternoon,low,clear,high,airport,10.06
21.36,44.761490252273724,morning,low,clear,normal,city_center,38.72
9.69,16.250563474545444,evening,medium,clear,normal,suburbs,21.08
4.36,5.0,evening,low,clear,high,suburbs,11.29
11.51,19.84491389023516,morning,medium,clear,normal,suburbs,24.01
12.67,21.875136506445177,afternoon,medium,clear,low,city_center,18.1
16.3,33.08831512690538,afternoon,medium,clear,high,airport,38.64
13.59,25.890971806393832,afternoon,high,rainy,normal,suburbs,23.05
2.04,8.421876522443286,night,medium,clear,normal,city_center,7.22
21.92,34.60926852692339,afternoon,high,clear,normal,city_center,38.51
11.96,14.890859395287757,morning,medium,rainy,low,suburbs,13.2
2.85,8.987821886929135,afternoon,high,rainy,high,city_center,13.75
19.55,36.63539550431948,evening,high,clear,normal,city_center,37.76
16.84,37.84871065822077,afternoon,medium,clear,low,airport,28.53
16.59,32.32658982777015,morning,medium,clear,high,city_center,43.28
11.25,24.130378854125855,morning,low,clear,high,city_center,26.25
10.85,26.72442770622002,evening,medium,rainy,low,city_center,20.76
13.87,14.782141495962179,morning,medium,clear,high,airport,34.42
2.21,5.6652653617738045,morning,high,clear,high,suburbs,10.09
8.17,13.176408000381421,night,high,rainy,normal,airport,17.41
24.71,51.17120547214917,evening,medium,clear,normal,airport,48.95
16.89,38.84235658516033,morning,low,clear,normal,suburbs,30.22
11.05,22.024515584757836,morning,low,clear,normal,suburbs,20.02
6.34,8.969174326200845,afternoon,medium,clear,low,suburbs,9.53
18.89,41.56212800300409,evening,high,clear,high,city_center,52.97
7.25,11.213046885615821,morning,medium,clear,low,suburbs,19.73
4.9,10.295197962146242,evening,low,clear,low,city_center,9.91
4.71,17.044270189602038,morning,high,stormy,high,airport,28.44
18.5,35.258602191040026,morning,high,clear,normal,airport,37.88
16.43,30.64331952788821,evening,medium,rainy,normal,suburbs,29.3
2.68,18.52335227363149,evening,medium,clear,normal,suburbs,11.78
3.76,9.427958200602468,evening,low,stormy,normal,city_center,8.68
16.21,16.80565994344223,afternoon,high,rainy,normal,suburbs,24.16
14.71,24.70420006748918,afternoon,low,clear,low,suburbs,19.58
17.46,23.5093142638544,morning,high,rainy,high,city_center,41.39
5.27,15.433205876084166,morning,medium,clear,low,suburbs,10.11
18.44,40.1137890219804,afternoon,high,rainy,high,city_center,48.7
23.47,69.90021863573054,afternoon,medium,clear,normal,city_center,46.95
15.43,35.38865823979954,evening,medium,clear,normal,city_center,33.24
5.71,13.550444363352447,night,medium,rainy,normal,airport,17.3
17.31,24.60669096793522,evening,medium,clear,normal,airport,32.63
9.23,26.598471731040632,evening,medium,clear,normal,suburbs,24.45
2.18,10.47877752460883,morning,high,clear,normal,suburbs,13.84
8.26,12.487617204093358,evening,medium,clear,high,city_center,25.26
22.73,44.811097600482505,afternoon,low,clear,low,city_center,32.29
10.87,25.788958553056442,afternoon,medium,clear,normal,city_center,20.25
21.75,41.16170763214888,morning,high,clear,normal,airport,49.02
13.21,33.19508790133153,afternoon,low,rainy,normal,city_center,22.42
13.41,27.739685519041235,evening,medium,stormy,normal,airport,32.66
1.13,5.0,afternoon,low,clear,high,suburbs,5.0
16.29,34.64201015852292,evening,medium,clear,high,city_center,42.27
3.59,11.764920920786086,night,medium,clear,normal,suburbs,11.18
12.49,23.40274512552706,evening,medium,clear,normal,suburbs,26.54
7.25,9.175990304559708,morning,low,rainy,high,city_center,22.21
10.42,23.736645638318745,evening,medium,rainy,normal,airport,26.22
13.89,20.282208820829435,afternoon,medium,clear,normal,airport,25.57
1.35,5.0,morning,medium,clear,normal,airport,13.71
7.83,8.92774353999123,afternoon,medium,clear,normal,suburbs,11.92
24.75,55.47291414203181,afternoon,high,rainy,normal,suburbs,45.69
2.38,11.531161485404033,morning,high,clear,normal,suburbs,12.68
8.67,12.726996918580891,afternoon,low,clear,high,suburbs,15.25
8.71,16.340561461386432,afternoon,medium,clear,normal,suburbs,11.08
10.11,20.168280686937454,evening,low,clear,high,suburbs,22.12
17.43,39.17500350254007,night,medium,clear,normal,city_center,33.26
6.95,21.39873631846531,evening,high,clear,high,city_center,27.16
12.05,19.178768820317423,morning,high,rainy,normal,suburbs,23.99
16.48,16.299664285235167,evening,medium,clear,high,suburbs,37.66
8.74,22.213387676659593,evening,low,clear,low,suburbs,13.29
23.77,41.09438759440923,morning,low,clear,low,airport,38.01
24.51,45.1146347547778,afternoon,medium,stormy,low,suburbs,37.48
3.87,12.566425797357027,afternoon,medium,clear,normal,city_center,7.42
9.25,26.54634892723129,afternoon,medium,rainy,high,city_center,25.46
5.99,7.883776672730562,evening,low,clear,normal,suburbs,6.57
5.48,11.145791412083323,afternoon,low,clear,low,suburbs,10.33
12.78,28.37816240404778,morning,high,clear,low,city_center,27.8
14.53,31.76239461372028,evening,medium,clear,low,city_center,27.16
11.22,26.526530490215364,evening,medium,clear,normal,airport,31.08
7.54,13.554360275019071,evening,high,rainy,normal,city_center,18.93
7.69,17.446583015646464,afternoon,medium,clear,low,airport,13.56
24.81,67.99015258839026,evening,high,clear,low,city_center,52.97
23.17,39.097618677822325,morning,high,clear,high,suburbs,59.82
2.82,12.517908947896935,evening,high,rainy,low,suburbs,8.42
16.76,42.97326595080316,night,high,stormy,normal,city_center,42.85
11.97,22.86297845945142,evening,low,rainy,normal,suburbs,20.32
17.53,27.044481411513438,afternoon,low,clear,normal,suburbs,22.03
15.33,41.70196422177473,night,high,clear,normal,airport,38.87
22.34,52.154918313205826,morning,high,rainy,normal,suburbs,54.08
2.61,5.376410712533728,afternoon,medium,rainy,low,suburbs,5.0
9.39,11.112770307840208,evening,medium,clear,normal,city_center,20.23
24.65,42.01561754059701,morning,low,rainy,high,city_center,55.01
5.37,8.515543354801515,morning,medium,clear,normal,city_center,11.01
4.06,10.138635824339946,afternoon,low,clear,normal,city_center,7.54
18.5,25.58333169480873,morning,low,clear,low,suburbs,25.52
19.66,33.53091531499814,afternoon,medium,rainy,normal,city_center,32.24
17.13,36.36887944128802,evening,medium,rainy,normal,city_center,34.24
19.63,28.00114753347254,evening,high,rainy,normal,suburbs,35.3
17.65,25.094689378961824,night,medium,clear,normal,suburbs,20.57
4.26,12.988493330119862,night,high,clear,normal,suburbs,10.91
15.6,15.527520518014088,night,medium,clear,normal,city_center,22.53
19.65,38.799369689665006,afternoon,medium,clear,normal,suburbs,34.4
21.77,62.38604864617552,morning,medium,clear,normal,city_center,47.59
6.91,10.099964623700142,evening,medium,clear,high,suburbs,19.25
4.06,5.0,night,high,stormy,normal,suburbs,8.2
19.75,33.694859564947905,evening,medium,clear,high,suburbs,41.42
7.16,14.495656272091912,evening,high,clear,normal,city_center,10.37
1.77,5.0,evening,medium,clear,normal,city_center,6.62
20.81,39.72666068559616,afternoon,low,clear,high,city_center,43.82
13.14,16.791210414604983,afternoon,medium,clear,high,suburbs,18.61
8.84,20.633785014833066,morning,high,clear,low,city_center,20.2
1.27,5.0,evening,medium,rainy,normal,suburbs,7.43
1.85,5.0,afternoon,medium,clear,low,city_center,5.0
20.02,53.241267724454,afternoon,medium,clear,low,airport,38.45
12.75,21.094163814233575,afternoon,medium,clear,normal,city_center,19.09
4.59,6.760080654660618,afternoon,medium,rainy,normal,city_center,14.1
9.6,13.741548886129648,afternoon,medium,clear,high,city_center,17.34
4.97,10.543447520912391,evening,medium,clear,high,suburbs,16.66
3.71,9.521748788528917,night,high,clear,normal,city_center,5.97
7.63,31.08396080851918,afternoon,low,clear,low,airport,22.89
14.19,37.446596912884175,afternoon,medium,clear,low,city_center,24.18
6.04,16.680785315234104,afternoon,medium,clear,normal,suburbs,13.45
9.25,11.847303822812659,afternoon,medium,clear,normal,city_center,11.07
12.47,23.643647293037933,evening,medium,clear,normal,airport,26.87
11.08,20.232025519290232,evening,low,rainy,low,airport,25.26
4.09,17.878992803600802,morning,medium,clear,high,city_center,17.95
1.93,17.195917842564338,evening,high,clear,low,city_center,10.5
1.85,5.0,evening,high,clear,high,city_center,13.99
9.4,13.737333938949003,morning,high,rainy,high,suburbs,25.78
18.25,39.09730020733812,night,medium,clear,normal,city_center,34.81
4.15,9.107928597251862,afternoon,high,clear,high,city_center,10.24
19.89,35.96341246636601,afternoon,high,clear,high,suburbs,44.1
18.18,34.184467257523764,afternoon,low,clear,low,city_center,23.54
1.09,15.17018045673603,morning,medium,clear,low,suburbs,6.7
1.64,9.167372631891356,morning,high,clear,normal,suburbs,14.12
5.68,22.99225752638575,morning,high,rainy,high,city_center,28.74
2.35,5.0,morning,high,clear,normal,airport,12.17
13.75,31.74637908145185,evening,high,clear,normal,city_center,31.72
1.95,5.0,morning,low,rainy,normal,suburbs,5.0
20.26,47.07223652612775,morning,medium,clear,low,city_center,33.79
12.83,26.229275148638102,evening,low,clear,low,city_center,23.97
18.47,33.820100039871065,evening,medium,clear,high,suburbs,41.71
19.02,42.056655969352946,evening,low,clear,high,suburbs,43.41
13.16,23.840873331838438,afternoon,medium,clear,high,suburbs,20.84
23.21,40.88964951063457,night,medium,clear,normal,airport,40.65
24.77,73.42133756669105,morning,medium,clear,high,suburbs,75.39
9.62,28.837496897752594,evening,low,clear,normal,suburbs,22.66
4.02,14.938166051801758,afternoon,high,clear,normal,suburbs,10.45
9.72,26.96560162547561,night,low,clear,low,suburbs,17.31
6.36,14.114158453783125,morning,medium,clear,high,airport,21.1
13.74,28.186984968930695,night,high,clear,normal,airport,36.64
10.08,19.383141480504875,night,high,clear,normal,airport,27.31
12.53,25.531081270070146,morning,medium,rainy,normal,airport,30.62
19.32,42.96743716307855,afternoon,low,clear,low,city_center,27.14
7.58,16.296641582297642,morning,low,rainy,low,city_center,17.35
13.9,23.0317366976271,morning,high,clear,low,city_center,27.47
9.04,24.334564446980075,afternoon,low,rainy,normal,suburbs,18.71
19.84,44.98317100728385,afternoon,low,rainy,normal,suburbs,34.33
16.35,31.372205137827052,afternoon,medium,clear,normal,city_center,26.99
1.2,5.0,afternoon,low,clear,normal,suburbs,5.0
16.84,20.578569145823295,afternoon,high,stormy,normal,city_center,31.71
5.08,11.557780267856213,morning,medium,clear,normal,suburbs,10.22
18.39,52.146892210020546,morning,high,clear,normal,city_center,42.77
14.62,30.57558131138484,afternoon,medium,clear,high,city_center,28.27
10.64,22.638587540254854,morning,high,clear,normal,airport,28.31
17.66,40.36003885262006,evening,high,clear,normal,city_center,37.3
21.56,32.6500877811978,evening,medium,clear,normal,suburbs,30.73
19.69,42.03779753350119,night,low,stormy,high,suburbs,49.89
14.09,11.318659647952495,afternoon,low,clear,high,airport,29.47
18.34,35.66085880596262,morning,high,clear,normal,airport,44.71
10.93,14.245712453006798,morning,medium,clear,low,city_center,20.72
19.94,51.59053851901969,afternoon,low,clear,normal,city_center,31.75
20.9,30.634815517775888,night,medium,clear,normal,suburbs,30.32
4.3,21.045488966218635,evening,high,rainy,normal,city_center,18.52
6.71,11.44662365355113,night,high,rainy,normal,city_center,16.66
7.48,12.116356307828674,night,low,clear,high,airport,21.01
4.99,5.0,afternoon,medium,clear,low,suburbs,5.0
10.42,24.64237317910951,afternoon,high,clear,high,city_center,27.6
5.63,9.148727493823529,afternoon,high,clear,low,suburbs,10.19
15.29,34.29447853852039,evening,medium,rainy,high,suburbs,39.34
3.44,13.263306001265079,evening,high,rainy,high,city_center,19.61
7.48,17.89959311349244,morning,high,clear,normal,suburbs,19.53
16.97,45.80308408864579,night,medium,clear,high,suburbs,46.36
10.57,20.23068657034095,evening,medium,clear,high,city_center,28.8
11.12,9.474421950789598,night,high,clear,high,suburbs,25.46
20.15,40.43690507848332,morning,high,clear,normal,suburbs,39.8
24.63,44.56346509597285,evening,low,clear,low,suburbs,39.99
14.56,40.23075340772212,evening,medium,rainy,normal,suburbs,35.82
2.9,8.631782260647089,morning,medium,clear,normal,suburbs,7.73
3.47,8.050693681926893,afternoon,high,rainy,high,suburbs,10.74
24.24,33.41353899412995,morning,medium,clear,normal,city_center,38.69
17.3,46.07205877159983,morning,low,rainy,normal,suburbs,31.91
19.06,44.68148895569646,evening,low,clear,normal,suburbs,32.95
17.22,42.59818569849022,night,high,clear,low,suburbs,33.61
5.31,9.995728001527635,night,medium,rainy,normal,airport,18.75
11.76,30.377294361981956,morning,low,clear,low,suburbs,23.35
20.15,33.62932042715288,evening,medium,rainy,normal,city_center,34.79
21.79,40.48266818740479,morning,low,rainy,normal,city_center,42.65
6.7,16.176999394236873,morning,low,clear,normal,suburbs,16.51
15.3,23.07837081742386,evening,medium,clear,high,suburbs,33.89
4.77,10.289613813484305,night,high,clear,low,suburbs,13.28
24.0,49.081305215981935,night,high,rainy,normal,suburbs,53.53
7.05,15.936951233305006,afternoon,low,clear,low,suburbs,10.67
18.44,30.134600857184036,evening,medium,clear,normal,suburbs,30.22
6.55,16.883858036146563,afternoon,high,clear,normal,city_center,14.89
15.79,20.62337157510119,evening,low,clear,high,city_center,31.67
16.82,32.314022387818014,morning,low,clear,high,suburbs,39.73
8.88,20.161867671856736,morning,high,clear,normal,airport,22.17
20.65,41.00227767786719,night,medium,clear,high,airport,45.41
22.25,26.98816793716606,afternoon,medium,clear,normal,suburbs,30.33
21.52,45.988913268709844,night,medium,clear,normal,suburbs,35.97
8.94,15.772352345217179,morning,high,clear,normal,city_center,23.37
18.86,28.67221272148773,evening,low,clear,normal,suburbs,26.1
14.43,46.80514095856748,night,medium,clear,normal,airport,34.3
15.22,37.33811609950736,morning,low,clear,normal,suburbs,28.64
12.46,25.030344859938552,afternoon,low,rainy,normal,city_center,23.75
15.41,23.581686090528137,evening,high,clear,normal,suburbs,29.18
4.26,7.017951357336819,morning,medium,clear,normal,city_center,8.44
10.81,19.142890114850708,afternoon,high,clear,normal,suburbs,20.69
5.26,10.58923561829693,afternoon,medium,clear,high,airport,17.83
7.72,13.192481316834481,morning,medium,clear,high,airport,22.76
4.07,5.0,morning,low,clear,normal,suburbs,5.0
6.1,13.953918701110176,morning,high,rainy,low,city_center,18.27
19.77,34.56790866774247,morning,medium,clear,normal,airport,38.24
14.2,34.65720563112765,night,high,clear,low,suburbs,26.92
1.57,5.0,morning,medium,rainy,high,airport,14.27
19.92,20.971280425434106,morning,low,clear,high,city_center,35.28
22.83,38.64778762334569,evening,medium,clear,normal,suburbs,40.05
22.13,57.47015354334985,evening,high,clear,normal,suburbs,52.81
20.75,31.665635416959606,afternoon,low,clear,normal,city_center,27.81
24.81,62.04572834495621,afternoon,medium,clear,high,airport,59.11
15.07,42.13351707772511,afternoon,medium,clear,high,city_center,35.85
24.1,63.43188007636344,night,medium,clear,normal,city_center,45.22
23.77,35.123221030644316,night,low,clear,low,airport,36.21
8.52,20.68329241580147,afternoon,low,clear,low,suburbs,10.25
21.72,55.115587485340974,afternoon,low,clear,normal,city_center,37.41
20.02,30.7723181970707,evening,medium,rainy,normal,suburbs,35.13
19.62,41.12936258841044,evening,high,rainy,high,city_center,59.27
22.51,44.05089167488839,morning,medium,rainy,normal,city_center,40.53
10.22,15.387052058327825,night,medium,clear,normal,city_center,16.37
10.6,18.898704733808568,evening,low,clear,normal,suburbs,18.36
16.36,34.793529401624085,afternoon,high,clear,normal,suburbs,28.62
18.71,49.434359964102825,afternoon,high,clear,normal,airport,39.17
22.11,33.78181578199788,afternoon,high,rainy,high,airport,56.74
22.02,38.306710236514434,evening,medium,clear,normal,airport,41.71
18.31,39.783655890816135,afternoon,high,clear,low,airport,35.19
23.97,37.486175693195335,evening,medium,rainy,normal,city_center,42.68
5.29,12.30570576625299,night,medium,clear,high,suburbs,17.38
23.81,39.60346412128766,evening,low,rainy,normal,city_center,43.51
2.54,10.285529964562954,morning,low,clear,high,suburbs,11.45
14.33,26.057064987722036,afternoon,medium,clear,normal,city_center,19.32
3.16,5.93059054906683,afternoon,medium,clear,normal,airport,15.88
14.63,35.39567607847389,morning,low,rainy,high,city_center,39.67
10.36,11.700313840616701,evening,medium,clear,high,suburbs,16.68
2.96,5.0,afternoon,high,clear,low,airport,13.57
16.55,27.47005336131582,morning,medium,clear,low,suburbs,23.02
18.55,36.10583410910687,evening,high,clear,low,airport,37.52
5.18,10.69482884892042,morning,high,clear,normal,airport,15.83
17.67,31.876638628978522,night,low,clear,high,suburbs,28.74
5.3,5.0,evening,high,clear,normal,suburbs,9.73
4.3,7.1962639650379705,morning,low,clear,normal,city_center,12.67
4.54,11.02170563962092,night,high,rainy,normal,city_center,13.21
15.38,27.70816182984373,morning,medium,rainy,high,city_center,37.41
19.69,37.41276795133147,morning,medium,rainy,high,city_center,47.6
15.33,39.48760246274017,afternoon,high,rainy,high,suburbs,41.75
20.42,30.67072948926625,morning,high,clear,low,airport,36.12
15.2,23.176580669656083,evening,low,stormy,normal,city_center,30.48
20.14,33.93314634114773,night,medium,stormy,normal,suburbs,37.91
24.44,51.97677002698334,evening,medium,clear,normal,airport,52.04
10.38,19.54093417760059,afternoon,medium,rainy,low,airport,22.75
4.6,13.268238598233593,afternoon,low,clear,normal,airport,15.83
4.25,6.260395941844415,afternoon,high,rainy,high,city_center,12.63
15.34,40.23164991460348,morning,medium,clear,normal,suburbs,33.2
14.13,44.211856242137074,night,high,rainy,low,suburbs,32.37
5.42,13.017900255262616,morning,high,rainy,high,city_center,16.85
22.17,27.675301534026904,afternoon,high,rainy,normal,suburbs,33.95
23.96,45.625735352995925,evening,medium,clear,normal,city_center,44.64
7.08,14.344543901474214,evening,high,clear,normal,suburbs,17.24
5.97,16.379945077858828,night,low,clear,high,suburbs,14.36
6.13,5.0,night,medium,rainy,normal,city_center,10.51
10.3,15.79980163651943,afternoon,medium,clear,normal,suburbs,14.85
21.48,56.03047065920808,night,medium,clear,high,suburbs,51.66
15.3,26.826971794876453,night,medium,clear,high,city_center,35.9
2.62,19.25349212982595,night,high,rainy,high,suburbs,21.16
12.35,26.828105550761947,night,low,rainy,normal,suburbs,22.99
3.17,5.0,evening,high,rainy,high,suburbs,5.93
10.75,16.17627269492555,morning,medium,clear,high,airport,26.75
10.68,15.483542829918077,night,medium,rainy,high,suburbs,22.67
16.56,16.67293322744353,afternoon,high,stormy,normal,city_center,32.65
14.19,20.455545424317933,night,high,rainy,low,city_center,28.31
21.99,41.70477417318095,afternoon,medium,clear,high,suburbs,46.95
1.39,5.0,afternoon,high,clear,high,city_center,7.32
19.58,37.52107791774628,evening,medium,rainy,high,suburbs,47.05
1.54,10.80663030568168,afternoon,low,clear,normal,suburbs,8.93
8.3,21.214704009172756,morning,medium,clear,normal,city_center,13.83
22.11,51.10305847510658,evening,low,clear,normal,city_center,40.15
17.57,46.03986755936583,afternoon,high,rainy,high,city_center,54.28
5.13,8.289283985554375,evening,low,clear,normal,city_center,12.35
12.78,26.21494193029233,night,medium,clear,low,suburbs,19.69
18.33,59.11673543591783,afternoon,medium,clear,normal,suburbs,36.72
23.5,47.77916235061895,evening,low,clear,normal,airport,50.54
16.22,29.239110946277087,morning,high,clear,high,airport,48.6
1.59,5.0,evening,medium,clear,high,suburbs,9.89
12.99,25.1458545444415,afternoon,high,clear,normal,suburbs,26.64
4.67,17.845688620544923,afternoon,low,clear,normal,suburbs,17.92
2.15,9.74307082372135,night,medium,clear,high,city_center,10.99
15.36,27.85898332842994,afternoon,medium,clear,high,suburbs,32.05
19.65,38.66885992648504,evening,medium,clear,normal,airport,42.23
1.87,5.0,afternoon,low,clear,high,city_center,5.61
19.81,52.07121821184941,night,high,clear,low,city_center,43.94
17.95,35.10076391510324,evening,low,clear,normal,city_center,31.75
19.05,33.75537838435782,evening,medium,clear,high,suburbs,40.71
6.87,8.553534995640682,morning,medium,clear,low,suburbs,11.6
10.45,17.742269226691064,evening,low,clear,low,city_center,14.46
3.87,7.358003320665919,afternoon,medium,clear,normal,suburbs,6.78
6.73,14.18443565705174,evening,low,clear,normal,suburbs,14.38
8.27,17.78324500642163,night,high,stormy,normal,suburbs,16.01
8.67,12.643386038344268,evening,low,clear,normal,suburbs,15.16
5.2,5.0,afternoon,medium,clear,high,suburbs,7.49
5.53,11.65823406183353,night,medium,clear,low,suburbs,10.19
22.64,39.725796059330975,evening,high,stormy,high,airport,71.57
19.81,38.99994106413563,evening,medium,stormy,low,suburbs,36.85
9.27,19.475818663779243,night,medium,clear,low,suburbs,15.03
23.74,48.13509939905392,morning,medium,rainy,low,city_center,44.97
6.73,21.846441694916564,afternoon,low,clear,high,airport,18.2
10.76,14.838368887355553,morning,medium,clear,normal,suburbs,17.84
20.52,28.551972820482323,evening,medium,rainy,normal,suburbs,35.61
11.63,16.355102931525124,afternoon,low,clear,normal,city_center,22.19
6.63,14.314672599579183,evening,medium,clear,normal,suburbs,12.57
9.84,12.230687890368035,morning,medium,rainy,low,city_center,16.97
13.02,25.705627738133238,evening,low,clear,high,suburbs,33.68
15.9,40.49664889614307,morning,medium,clear,normal,city_center,33.47
10.73,19.228003549830696,afternoon,medium,rainy,normal,suburbs,20.73
11.35,13.1017066013641,afternoon,high,rainy,normal,suburbs,21.07
7.33,17.930356613383154,evening,medium,clear,high,suburbs,24.19
13.85,22.11278920697256,afternoon,low,clear,high,city_center,25.63
6.27,17.44924795397528,evening,high,rainy,high,suburbs,21.74
21.82,51.29960784564813,morning,medium,clear,high,airport,55.33
18.94,53.2751889430391,evening,high,clear,high,suburbs,58.04
10.85,16.521963448951606,afternoon,medium,rainy,low,suburbs,16.24
18.93,33.54030504073471,morning,low,clear,high,suburbs,43.65
1.17,5.0,night,medium,clear,high,suburbs,7.0
9.27,25.64257355133961,night,low,clear,high,airport,29.62
11.57,25.095487769697783,morning,medium,rainy,normal,suburbs,21.32
12.28,30.111132080919845,morning,medium,rainy,low,city_center,20.24
18.97,30.455095670205967,evening,medium,clear,normal,city_center,36.46
24.11,49.23541231730985,night,medium,rainy,high,city_center,57.46
10.12,12.547070172673143,afternoon,low,rainy,low,city_center,16.83
9.41,16.79019403828536,evening,medium,rainy,high,suburbs,20.11
15.65,30.599996998925445,morning,medium,stormy,high,city_center,42.52
7.75,5.98437772422168,morning,medium,stormy,low,city_center,11.67
4.39,5.0,morning,high,clear,normal,suburbs,8.75
24.08,66.13757000944699,evening,low,clear,normal,airport,53.91
20.43,52.47918849780863,evening,medium,stormy,low,city_center,46.33
24.0,46.45212467081395,evening,low,rainy,normal,city_center,45.44
6.23,13.632719729271141,morning,high,clear,normal,city_center,15.11
1.43,5.0,morning,medium,clear,high,city_center,8.61
11.49,23.5059079269556,afternoon,low,clear,high,city_center,26.31
23.41,44.38095130515304,afternoon,medium,clear,high,city_center,44.78
4.32,5.0,afternoon,high,clear,normal,suburbs,7.26
3.81,9.839415652333164,evening,low,rainy,high,city_center,13.78
2.65,12.837417640704736,afternoon,medium,clear,normal,airport,14.02
19.36,22.83294352074595,night,medium,clear,high,city_center,37.34
19.86,40.79128206656917,evening,low,clear,normal,suburbs,30.6
17.69,38.79233340440153,afternoon,low,clear,high,suburbs,32.89
2.28,5.0,night,low,clear,normal,city_center,5.0
18.36,42.44701372645219,afternoon,medium,clear,high,city_center,43.47
11.77,38.97414834457344,afternoon,high,stormy,normal,suburbs,29.56
4.79,14.147899099133559,evening,high,rainy,high,suburbs,17.38
8.08,26.074794273065287,night,low,clear,high,airport,22.91
13.03,33.954754443577784,morning,high,clear,low,city_center,31.3
8.91,30.669473215328207,morning,medium,clear,normal,suburbs,21.97
24.27,54.375102417206165,evening,low,clear,normal,suburbs,48.08
12.39,20.236348097930442,afternoon,medium,clear,normal,airport,16.69
9.93,22.713467543337675,night,medium,clear,normal,suburbs,15.1
17.16,55.84560946793713,afternoon,medium,clear,high,suburbs,45.3
16.61,26.211357074639743,night,medium,clear,high,airport,42.63
1.06,11.310191281861421,morning,medium,clear,normal,city_center,5.83
15.84,39.592878316039915,night,medium,clear,normal,suburbs,24.15
6.85,18.35501392193692,evening,medium,clear,normal,city_center,16.92
10.01,16.205989327334027,night,low,rainy,normal,airport,19.57
17.95,23.458386811066674,morning,medium,clear,high,airport,42.36
14.38,23.13866902881196,afternoon,high,clear,normal,city_center,30.29
9.85,11.781891495482505,morning,medium,clear,normal,airport,19.85
5.02,5.0,evening,medium,rainy,high,airport,16.73
13.13,27.805438194710444,afternoon,medium,clear,normal,city_center,22.59
8.66,20.645576021504365,afternoon,medium,clear,high,suburbs,22.01
22.91,30.527929070521225,morning,high,clear,low,city_center,37.8
13.82,24.950248075808325,evening,low,clear,high,city_center,29.82
21.78,41.84646024671391,evening,low,clear,high,suburbs,50.45
10.36,19.384057811052532,morning,low,rainy,normal,city_center,17.55
20.86,32.159342844389364,evening,high,clear,high,suburbs,49.64
2.36,10.1797935009974,morning,low,clear,high,city_center,11.17
8.15,10.232306954641892,night,high,clear,high,suburbs,15.45
2.88,5.0,night,low,clear,normal,city_center,10.32
1.76,5.0,morning,medium,clear,high,suburbs,6.01
23.05,45.69734571727165,afternoon,medium,stormy,low,city_center,36.05
18.2,54.977971464123975,evening,high,rainy,normal,city_center,53.14
16.0,28.88568316999131,evening,low,clear,high,city_center,37.13
13.78,26.670870342982415,night,medium,clear,high,city_center,29.84
14.67,33.82379465671988,afternoon,high,rainy,high,city_center,40.26
16.33,20.13776680890785,afternoon,high,stormy,low,city_center,28.03
20.84,33.42636919357518,morning,high,clear,high,suburbs,51.7
15.33,34.960433001402926,afternoon,high,clear,high,suburbs,39.51
18.97,59.91419415000921,night,medium,rainy,high,city_center,54.61
7.74,19.06021032055125,night,low,clear,high,city_center,24.69
24.44,60.48349220452808,afternoon,medium,rainy,low,airport,45.35
1.77,5.0,morning,low,clear,high,city_center,9.85
10.28,19.38343781288217,evening,high,rainy,normal,city_center,21.99
22.17,48.28421271200069,afternoon,medium,clear,normal,city_center,37.38
5.33,9.16759395989658,evening,medium,rainy,low,suburbs,6.61
4.39,9.370612915352279,evening,high,clear,low,airport,17.11
9.77,20.68608416933453,evening,low,rainy,low,suburbs,17.95
11.28,29.61638437218955,afternoon,medium,clear,low,city_center,20.74
23.4,48.32058542575078,evening,medium,clear,normal,suburbs,44.8
21.07,40.75997375507079,evening,high,clear,low,city_center,43.16
12.14,36.27408567984283,evening,medium,clear,normal,suburbs,23.08
24.35,44.378181228224264,evening,medium,clear,high,suburbs,53.38
16.41,38.41696518445745,night,low,stormy,low,suburbs,29.19
21.97,30.441865590523946,afternoon,medium,rainy,normal,city_center,30.31
6.91,24.349782770406776,morning,medium,clear,normal,city_center,20.59
12.74,24.337761239934917,morning,low,stormy,normal,city_center,28.84
1.71,5.0,evening,medium,rainy,high,suburbs,7.07
1.21,5.0,afternoon,medium,clear,high,city_center,9.27
17.93,26.087531531798746,afternoon,low,stormy,low,airport,29.97
3.84,5.248102975186487,morning,low,clear,normal,city_center,6.53
14.15,13.292215965953321,night,low,clear,normal,city_center,19.27
17.7,38.34677800312101,evening,medium,clear,normal,suburbs,29.47
1.77,5.0,morning,high,stormy,low,suburbs,6.97
11.77,20.583267601941888,afternoon,medium,clear,normal,suburbs,20.09
17.42,33.0182711189359,afternoon,medium,clear,high,suburbs,36.89
22.35,73.36560694116531,night,high,clear,low,suburbs,46.87
8.18,14.534835430699275,night,medium,rainy,normal,city_center,15.74
24.38,46.28885161218941,evening,high,clear,normal,city_center,52.51
21.27,47.39546078032664,afternoon,medium,clear,normal,airport,38.24
16.62,39.98407467442264,night,medium,clear,normal,suburbs,27.7
10.41,27.170469178472917,afternoon,medium,clear,high,suburbs,29.28
18.07,32.92094858803433,evening,low,clear,normal,suburbs,28.66
20.59,38.418401240483135,afternoon,medium,clear,high,suburbs,38.01
8.28,20.36307774668914,afternoon,medium,clear,high,city_center,22.64
24.83,49.105102868091905,morning,low,clear,normal,suburbs,39.55
22.81,52.10252963987551,morning,medium,clear,normal,city_center,47.48
12.65,31.56111785155438,evening,medium,clear,normal,suburbs,24.88
18.35,24.314592290397062,evening,medium,clear,high,suburbs,36.61
13.58,29.898790354364372,night,medium,rainy,high,suburbs,34.0
19.26,41.47762921148498,evening,high,clear,high,suburbs,57.65
20.85,54.97407338880858,morning,high,clear,high,city_center,65.44
1.56,5.0,morning,medium,clear,normal,airport,11.45
2.9,5.0,evening,medium,clear,high,city_center,10.58
9.08,13.021504475943757,afternoon,medium,clear,high,suburbs,22.79
23.02,46.42567843103115,morning,medium,clear,normal,suburbs,42.76
10.56,17.64705317949548,afternoon,low,clear,normal,suburbs,13.23
22.3,57.571126320177946,evening,medium,rainy,high,city_center,59.69
12.1,25.74802736631936,evening,low,clear,high,city_center,31.85
7.93,24.65476540778608,morning,low,clear,normal,city_center,20.51
22.62,40.60827251083409,night,low,clear,normal,city_center,34.74
14.46,34.25554961371627,night,low,stormy,normal,suburbs,25.16
9.65,20.03672118087503,evening,low,rainy,normal,airport,24.75
2.07,5.0,morning,medium,clear,high,suburbs,6.56
3.66,5.323381796009638,evening,low,clear,high,suburbs,7.66
4.34,8.641713735626777,afternoon,high,rainy,low,suburbs,11.71
9.76,11.297333906589007,morning,low,clear,normal,city_center,15.8
15.58,45.156275776573935,evening,high,clear,normal,airport,41.87
8.38,16.244353165908556,night,high,clear,high,suburbs,22.01
2.57,5.0,afternoon,high,rainy,normal,city_center,7.88
7.36,14.194426893133214,morning,low,rainy,high,airport,25.65
10.81,23.879829432241166,morning,high,rainy,high,airport,38.2
24.81,44.805017493943524,evening,low,clear,normal,suburbs,39.75
10.43,22.90087131465147,evening,low,clear,normal,suburbs,23.11
3.14,5.5148733844988875,morning,low,clear,high,suburbs,10.36
14.95,33.06132115657555,morning,medium,clear,normal,city_center,32.4
23.07,48.30095332307192,night,low,clear,normal,city_center,40.25
19.88,28.321793031316275,night,high,clear,high,city_center,43.86
21.07,34.334931340524044,night,medium,clear,normal,city_center,33.47
23.28,50.34566783498529,morning,high,clear,normal,city_center,50.9
16.28,38.6279918277219,night,medium,clear,high,suburbs,42.5
24.88,66.24379518199156,afternoon,low,stormy,high,suburbs,58.09
1.8,5.0,afternoon,medium,clear,high,airport,11.37
21.04,28.215593592452805,afternoon,low,clear,high,suburbs,35.88
21.57,61.74871722088514,night,high,rainy,low,suburbs,41.73
23.0,50.747133802091916,afternoon,medium,clear,high,city_center,45.75
12.48,31.32378550238788,night,medium,clear,normal,city_center,23.57
19.91,32.712581948840004,night,medium,clear,low,city_center,29.82
5.68,13.668172424223082,night,high,rainy,normal,city_center,17.43
15.48,29.049166953399002,afternoon,high,rainy,low,city_center,30.74
9.61,24.296247423191538,afternoon,medium,clear,high,suburbs,24.05
15.31,20.584624497013003,morning,medium,clear,normal,suburbs,23.44
17.21,43.41852347032273,afternoon,medium,rainy,normal,city_center,33.22
9.33,11.589701128252411,morning,low,clear,low,airport,17.12
6.19,21.122991891740035,evening,medium,clear,normal,suburbs,16.93
8.72,20.052237965744364,night,medium,clear,high,city_center,22.06
16.93,34.388305093393654,night,high,clear,high,city_center,43.5
17.24,27.003757522687273,afternoon,medium,clear,high,suburbs,34.1
18.79,28.73439260256368,afternoon,high,clear,high,airport,43.01
4.04,5.0,afternoon,medium,clear,high,city_center,13.3
20.64,60.179265344363365,night,medium,rainy,high,suburbs,51.92
17.52,52.86281780321856,morning,low,clear,normal,city_center,38.8
1.73,6.676528561011461,afternoon,medium,stormy,low,suburbs,5.0
9.05,15.236565291897577,morning,low,rainy,normal,city_center,21.26
12.2,12.748383577282512,evening,medium,clear,low,city_center,17.96
9.65,9.813892428944332,afternoon,medium,clear,normal,city_center,14.91
3.82,7.062248516897132,night,medium,clear,high,suburbs,9.74
5.98,12.767325620547522,night,high,clear,normal,airport,19.37
1.59,5.0,night,medium,clear,normal,suburbs,5.0
3.23,5.154898629602823,afternoon,medium,clear,normal,airport,7.65
7.39,10.59877498181136,night,medium,stormy,high,suburbs,17.67
20.68,34.19554084875623,afternoon,medium,stormy,normal,suburbs,37.07
13.64,23.124838589483183,afternoon,low,rainy,high,city_center,28.79
11.19,26.73925839043903,afternoon,low,clear,high,suburbs,20.03
16.89,35.021489031576145,evening,high,rainy,normal,suburbs,38.02
14.0,10.472218025726594,morning,low,stormy,normal,city_center,23.09
4.16,10.350851138900776,afternoon,high,rainy,normal,city_center,13.7
6.34,10.19007677745872,night,low,clear,normal,suburbs,12.74
6.34,6.871235101546838,morning,high,clear,low,city_center,10.91
15.4,29.54171025062063,morning,high,clear,normal,airport,36.43
12.08,19.98900567725959,night,medium,clear,high,airport,28.06
10.3,19.74926726797583,evening,medium,clear,low,suburbs,17.26
14.36,32.35284101353474,morning,medium,clear,normal,suburbs,26.8
24.28,45.399196157417514,afternoon,low,rainy,normal,city_center,37.8
8.54,18.542387801276863,afternoon,low,clear,high,suburbs,17.73
13.48,24.995888493645147,morning,high,clear,normal,city_center,30.87
12.53,31.311009387223706,morning,medium,clear,high,suburbs,38.09
18.2,41.133069237146024,morning,high,clear,high,suburbs,51.04
18.53,31.951828470733595,evening,low,clear,normal,city_center,33.43
18.5,36.55838122958879,afternoon,medium,clear,low,city_center,26.34
5.84,14.430602929608273,afternoon,medium,clear,low,suburbs,5.0
11.78,19.968407815682472,afternoon,medium,clear,normal,airport,23.71
20.47,59.221569746533284,morning,medium,clear,normal,city_center,45.59
10.16,37.52121590013745,evening,low,clear,normal,city_center,30.6
24.62,33.96061569407225,evening,low,clear,high,airport,54.08
9.75,10.882424808555793,night,low,rainy,high,city_center,19.33
12.94,31.155544804147876,morning,medium,rainy,normal,city_center,24.66
12.39,38.052382538628585,morning,low,clear,normal,airport,32.47
11.41,14.597095328976284,evening,low,stormy,normal,suburbs,22.77
21.3,57.16345169421821,afternoon,medium,clear,low,suburbs,40.64
4.73,5.0,afternoon,medium,clear,normal,suburbs,7.9
14.62,22.1278188636626,evening,medium,clear,low,city_center,25.51
15.85,33.457404343139196,afternoon,high,rainy,low,city_center,29.66
21.43,51.14508917591499,afternoon,medium,clear,low,suburbs,34.24
15.62,36.35809923177631,afternoon,low,clear,high,airport,38.8
24.04,53.67846465359557,afternoon,low,clear,normal,city_center,35.55
21.93,53.10664697881798,morning,low,clear,high,airport,58.13
9.37,26.95545293395839,morning,low,rainy,high,suburbs,26.95
21.64,38.26187737349961,evening,high,clear,high,city_center,57.17
24.0,30.692694571893316,morning,low,clear,high,city_center,49.11
7.17,17.003116718874765,afternoon,medium,clear,low,city_center,15.64
15.65,25.917745020625542,afternoon,low,rainy,high,city_center,30.93
7.76,20.08554853772481,afternoon,low,clear,normal,suburbs,14.68
16.59,22.63389740372915,morning,medium,rainy,high,airport,39.61
3.25,9.453053328620987,night,high,clear,normal,suburbs,6.34
18.62,26.509873665511545,morning,low,clear,high,suburbs,35.61
11.08,21.8255685001644,night,medium,rainy,low,city_center,19.07
15.1,32.591479143008065,night,low,clear,high,city_center,35.08
1.62,5.0,morning,high,clear,low,suburbs,13.09
17.69,36.640340082152264,morning,high,stormy,high,city_center,58.53
12.9,31.479043850072216,morning,low,clear,high,city_center,31.28
16.01,36.08103330624834,night,medium,clear,normal,city_center,30.23
8.58,15.084911415155547,night,medium,clear,high,city_center,20.21
4.5,5.0,evening,low,stormy,normal,suburbs,12.51
11.45,14.629119970539499,night,low,clear,normal,suburbs,14.82
23.66,63.53804883054234,evening,low,clear,high,suburbs,60.68
6.47,12.062815682386168,evening,medium,clear,high,suburbs,19.68
17.22,33.22719336543747,night,low,clear,normal,airport,31.87
2.2,5.0,afternoon,medium,clear,low,suburbs,5.0
18.23,46.557824895511516,afternoon,low,clear,normal,suburbs,32.8
6.72,16.717259870376303,evening,medium,rainy,low,suburbs,13.56
11.84,26.48328230542675,evening,low,rainy,normal,suburbs,27.52
9.83,18.584913128416588,afternoon,low,clear,high,city_center,21.26
3.71,9.286185462378421,afternoon,low,clear,normal,airport,12.45
9.29,13.101071398796638,morning,medium,clear,low,suburbs,16.03
9.4,16.753658870623756,morning,low,rainy,normal,city_center,19.63
13.53,25.611011196639424,afternoon,high,rainy,normal,city_center,24.47
24.34,53.05977345142333,afternoon,medium,clear,normal,suburbs,37.69
12.28,20.758947926119436,morning,medium,rainy,low,city_center,20.61
22.95,53.47322706859435,morning,low,stormy,high,city_center,60.73
12.08,51.539245054743866,morning,high,rainy,low,suburbs,33.43
3.58,5.0,night,low,rainy,high,suburbs,9.72
6.52,15.275575453587845,evening,medium,rainy,high,suburbs,21.09
10.78,14.936311721183639,morning,medium,clear,normal,suburbs,17.94
8.81,18.314809597212875,evening,medium,clear,low,airport,22.97
21.78,44.058073132880416,afternoon,medium,rainy,normal,city_center,35.42
17.29,26.631668539634262,evening,low,clear,high,city_center,41.74
14.88,29.093593314570228,evening,medium,clear,normal,airport,35.57
12.79,36.30933134117871,afternoon,high,clear,normal,city_center,31.07
10.53,27.64972674933685,afternoon,high,rainy,normal,city_center,25.97
15.69,39.266183596133835,evening,low,clear,normal,suburbs,26.04
3.99,14.278149844928068,morning,high,clear,high,suburbs,20.66
4.9,11.033539478352,night,medium,rainy,normal,airport,13.83
8.27,18.497046405838375,night,medium,clear,low,suburbs,13.7
5.11,10.264795438563846,afternoon,medium,clear,normal,suburbs,8.4
17.25,26.094468688185998,evening,medium,clear,high,suburbs,36.64
1.59,8.92797151520161,night,high,clear,high,airport,14.72
4.84,11.926108556315866,night,medium,rainy,high,city_center,21.21
22.66,48.7955051820435,morning,high,clear,high,city_center,63.43
24.94,35.343804107640665,morning,high,clear,normal,city_center,46.05
12.7,27.03968949818126,afternoon,high,clear,low,city_center,24.85
12.89,28.500915270075218,evening,high,clear,low,city_center,28.07
19.56,42.1711003119141,afternoon,low,stormy,low,city_center,34.59
1.87,5.0,morning,medium,rainy,normal,city_center,11.61
11.25,12.733762649731212,afternoon,medium,clear,high,airport,24.31
3.4,5.0,afternoon,medium,clear,normal,city_center,11.34
10.62,26.736804522402153,afternoon,medium,clear,normal,airport,24.49
24.61,46.61811729275562,afternoon,high,rainy,normal,city_center,44.96
19.09,40.023399888821665,afternoon,medium,clear,high,airport,42.96
24.64,50.60026917456011,evening,medium,clear,normal,airport,51.0
18.91,30.04712026823641,afternoon,high,clear,normal,airport,37.43
15.59,18.328370984697738,morning,high,clear,high,suburbs,35.39
19.1,48.691187222435275,afternoon,low,rainy,normal,city_center,36.14
16.82,25.218386104352753,afternoon,medium,clear,normal,suburbs,22.9
12.14,19.412911765298865,morning,high,clear,normal,city_center,29.82
8.02,13.854552451311344,evening,high,rainy,normal,city_center,18.08
13.48,30.3233184897745,evening,low,clear,normal,airport,30.26
7.2,5.0,afternoon,low,clear,normal,city_center,6.16
12.68,24.30016717471649,night,high,clear,normal,city_center,29.5
4.51,7.85917511005889,evening,high,clear,high,airport,22.89
14.57,29.10837762035752,night,high,rainy,high,airport,43.04
6.89,15.877878765046887,afternoon,low,clear,low,suburbs,10.98
8.05,20.82646119624934,afternoon,high,stormy,high,city_center,24.58
12.98,38.70495811118629,evening,high,clear,low,city_center,30.15
4.9,17.469177224989764,evening,medium,rainy,normal,airport,19.14
24.1,38.779442402579505,evening,medium,clear,normal,city_center,40.87
11.73,28.725779763214614,afternoon,low,clear,normal,suburbs,15.19
9.45,18.5107839078758,morning,low,clear,normal,airport,22.34
1.7,5.0,evening,low,clear,high,suburbs,5.97
21.24,47.978071278398424,afternoon,low,clear,normal,city_center,31.71
16.02,34.16989630147345,evening,low,clear,normal,city_center,27.4
10.99,15.65795804409022,afternoon,medium,clear,normal,suburbs,13.31
6.89,17.345972139917286,afternoon,low,clear,normal,suburbs,14.27
18.88,35.75428521823459,evening,high,rainy,high,city_center,58.52
23.69,49.039933612388104,evening,high,clear,normal,suburbs,57.66
10.14,19.410752105215185,morning,medium,clear,high,city_center,25.03
4.24,10.586475902779583,morning,high,clear,low,suburbs,6.62
3.62,13.407795614437774,morning,medium,clear,normal,suburbs,9.17
1.15,5.0,evening,high,clear,normal,city_center,5.0
18.85,41.079252665459045,afternoon,medium,clear,high,airport,38.77
24.55,36.97536452508206,morning,low,clear,low,airport,40.07
24.83,41.79413878217077,morning,high,clear,normal,suburbs,45.81
19.82,36.93222583124138,evening,medium,clear,normal,city_center,36.35
4.89,9.504642125471639,morning,high,clear,low,suburbs,10.56
24.47,44.32798820299086,afternoon,high,clear,low,suburbs,36.13
8.87,13.823067650998588,afternoon,high,clear,normal,suburbs,9.42
9.01,15.43128427507482,afternoon,medium,clear,high,airport,21.19
17.5,41.79225669449807,morning,high,clear,high,suburbs,47.74
2.18,5.0,evening,high,clear,normal,suburbs,5.0
20.82,43.6100511958348,morning,high,clear,high,city_center,56.75
24.94,49.05672919517267,evening,low,clear,low,city_center,40.16
19.6,36.010158783363515,afternoon,high,clear,low,suburbs,29.99
19.76,42.13890528857169,afternoon,high,clear,normal,airport,39.66
10.37,20.02081678278255,afternoon,medium,clear,normal,suburbs,16.84
2.58,5.0,night,high,clear,normal,suburbs,6.7
20.02,49.31618450925071,afternoon,medium,rainy,high,city_center,51.36
15.33,39.62413148032456,morning,medium,stormy,normal,city_center,44.7
22.82,58.713808862591804,afternoon,high,stormy,normal,airport,52.75
3.78,5.0,afternoon,medium,clear,low,city_center,9.03
8.32,24.53454071067778,morning,high,clear,low,suburbs,15.51
9.66,11.628845734870652,night,high,rainy,low,airport,21.98
17.4,27.177224854334277,morning,high,clear,normal,suburbs,28.48
19.91,40.21940545072882,night,medium,clear,low,suburbs,28.62
24.06,51.94042155175946,afternoon,low,clear,low,city_center,31.94
8.09,24.03069670390262,evening,high,clear,low,city_center,20.83
12.85,21.112432670746557,evening,low,clear,high,airport,30.66
1.7,5.161956063656789,morning,medium,rainy,normal,suburbs,5.8
7.07,11.975981406763008,afternoon,high,clear,normal,city_center,14.09
9.98,20.815123147841405,afternoon,high,clear,normal,suburbs,21.31
15.25,41.31748710931186,morning,medium,clear,high,suburbs,41.02
12.3,23.32918129365915,evening,high,clear,normal,suburbs,30.53
9.75,28.59494612293046,morning,medium,clear,normal,city_center,22.39
15.98,36.639067442849196,evening,medium,clear,low,city_center,30.4
20.89,31.81786140674673,afternoon,medium,clear,high,suburbs,35.07
6.8,11.550729320072815,night,low,clear,normal,suburbs,11.0
9.23,19.591894055821754,night,high,clear,normal,city_center,18.96
17.92,32.571007209303744,morning,low,clear,low,suburbs,28.85
19.67,41.931810491634536,evening,high,rainy,normal,suburbs,44.78
20.81,48.61405729040785,morning,low,clear,low,city_center,35.9
6.02,13.315424869543577,afternoon,high,rainy,high,city_center,17.21
13.94,23.377134975579352,evening,low,rainy,high,airport,38.38
22.6,61.349612307757695,afternoon,medium,rainy,high,suburbs,56.05
10.41,23.866549718044,evening,medium,clear,normal,suburbs,24.6
11.32,34.91630181939348,morning,medium,rainy,normal,airport,23.53
24.64,65.76001986954645,night,high,clear,low,city_center,49.99
3.71,6.587387326351685,afternoon,medium,clear,low,suburbs,7.6
17.93,49.2325390512526,morning,medium,clear,high,city_center,49.95
21.4,35.539220178787545,morning,high,clear,normal,airport,48.45
4.62,8.730032804458721,evening,medium,rainy,normal,city_center,13.62
18.15,33.9638461192226,evening,medium,clear,low,airport,32.4
12.27,25.570382714359656,evening,high,clear,normal,city_center,25.1
21.47,36.373924735132505,afternoon,medium,rainy,high,airport,49.21
22.78,36.538379605116525,afternoon,low,clear,low,city_center,31.37
21.94,46.301715065190315,evening,high,clear,normal,city_center,44.14
2.55,5.726834416078532,morning,medium,clear,high,city_center,10.09
19.16,47.07698101418153,morning,low,rainy,high,city_center,48.38
23.12,57.310476514131366,afternoon,low,clear,normal,city_center,41.4
15.91,29.46882900782606,evening,low,clear,low,city_center,27.63
15.42,33.67980140832477,afternoon,high,clear,normal,city_center,30.03
2.08,5.0,morning,medium,clear,normal,airport,10.09
21.54,53.31670304778321,night,low,rainy,normal,suburbs,39.99
2.11,5.0,afternoon,high,clear,normal,city_center,7.72
8.52,10.71167791131008,morning,medium,clear,normal,city_center,14.88
23.22,51.95760288364315,afternoon,medium,rainy,normal,airport,39.87
23.79,48.99667161749278,night,high,clear,normal,city_center,44.06
24.81,41.199413250240184,evening,high,clear,high,suburbs,64.26
12.43,29.080713352015717,evening,medium,rainy,low,suburbs,27.67
5.26,12.664788674570708,evening,high,clear,normal,airport,17.84
12.71,22.211041609576043,afternoon,low,clear,high,airport,29.98
3.46,13.410684290547792,evening,medium,clear,high,city_center,14.63
21.94,51.45074650558467,evening,medium,clear,normal,city_center,42.3
14.45,40.682523004592724,afternoon,low,clear,normal,city_center,25.67
10.71,28.814071080181574,afternoon,medium,rainy,high,airport,28.3
2.91,5.0,morning,medium,rainy,high,suburbs,9.53
10.73,13.241260809643467,evening,low,clear,normal,airport,22.47
21.79,33.79828983303462,morning,high,rainy,high,city_center,56.26
17.88,56.2329977730181,afternoon,low,clear,high,city_center,47.34
2.98,6.6854661927250385,night,high,clear,normal,suburbs,5.55
4.84,15.806195900613453,afternoon,high,rainy,normal,city_center,12.77
10.42,23.387268660430014,morning,low,clear,low,airport,19.7
3.43,5.0,morning,medium,rainy,low,suburbs,10.93
23.42,54.72422985267727,night,medium,clear,normal,suburbs,38.87
16.66,33.69367176696269,evening,low,rainy,low,city_center,28.84
3.28,19.38846326191329,evening,high,clear,high,city_center,17.92
19.91,39.39620533060421,afternoon,medium,clear,normal,suburbs,33.23
9.84,18.847201808713297,afternoon,low,clear,high,suburbs,21.93
6.88,14.362769369336066,evening,medium,clear,normal,suburbs,14.32
14.68,27.347767246928534,evening,low,clear,normal,airport,30.23
1.32,10.523974719950603,afternoon,medium,clear,normal,airport,12.21
12.17,25.617957159669153,afternoon,medium,clear,normal,suburbs,21.03
21.25,31.6858302213633,afternoon,medium,clear,normal,city_center,33.41
23.27,47.71243605444457,evening,high,rainy,high,city_center,64.58
9.22,15.676323169037333,morning,medium,clear,normal,city_center,20.68
16.42,29.554064582000738,afternoon,high,clear,low,city_center,25.11
6.44,7.686711175735267,afternoon,high,clear,normal,suburbs,11.34
14.45,32.80334766518566,night,high,rainy,normal,city_center,30.37
7.1,6.6359319087576605,afternoon,medium,clear,normal,city_center,11.52
14.71,40.53885945399052,evening,medium,clear,normal,suburbs,31.83
5.12,9.75996354460247,afternoon,high,clear,normal,city_center,14.14
23.59,38.907505548127276,evening,high,clear,normal,suburbs,48.15
22.29,57.47773130550408,night,high,clear,high,city_center,62.73
9.09,26.354645177713344,morning,medium,clear,normal,suburbs,17.88
19.64,38.19582352986554,morning,medium,stormy,normal,airport,43.71
3.29,5.0176817823419535,evening,low,clear,normal,airport,9.95
18.77,32.92635995868552,evening,low,clear,high,city_center,43.96
7.78,13.179939153989256,evening,medium,clear,low,city_center,9.4
4.26,13.851188998006144,afternoon,medium,rainy,low,suburbs,9.22
17.28,34.132838942047506,evening,low,rainy,high,suburbs,40.62
12.28,26.34544952554497,evening,low,clear,normal,airport,30.14
13.72,27.83344623416869,afternoon,high,clear,normal,city_center,26.19
13.49,13.895937808746975,afternoon,high,clear,normal,suburbs,19.04
2.43,5.826064190415154,night,medium,stormy,low,suburbs,8.27
2.23,10.53795463687512,afternoon,high,clear,high,suburbs,11.79
15.43,28.198391242178054,morning,high,rainy,normal,city_center,38.01
15.97,44.55558689726492,night,low,rainy,normal,suburbs,30.32
2.13,9.575659904698117,evening,high,clear,low,city_center,8.38
10.08,17.644959092322622,evening,low,clear,normal,city_center,17.43
15.71,29.36104767509188,evening,low,rainy,low,suburbs,26.78
16.76,40.02646717766394,morning,medium,clear,high,suburbs,46.69
20.88,35.70731689979557,evening,medium,clear,normal,airport,36.17
11.1,22.59778537478203,afternoon,medium,clear,high,airport,30.31
14.16,32.457406697412324,night,low,stormy,normal,airport,32.54
14.89,25.795730497788888,morning,medium,clear,normal,city_center,27.76
8.49,26.70286125652984,morning,high,clear,low,suburbs,24.13
2.29,5.0,morning,high,clear,low,suburbs,8.97
1.1,5.0,afternoon,low,clear,normal,city_center,8.5
21.07,44.75442325463151,morning,high,rainy,low,suburbs,43.11
5.81,23.206505758874602,afternoon,medium,clear,high,city_center,20.72
16.13,19.776104629977752,evening,high,rainy,high,airport,45.89
14.85,32.9878857389032,morning,low,clear,normal,airport,38.58
10.59,17.458432009577926,night,high,rainy,high,city_center,28.78
21.0,35.30728624963119,night,medium,rainy,high,suburbs,44.92
17.76,41.63414044472704,morning,medium,clear,low,airport,34.51
1.55,5.0,morning,high,clear,high,city_center,5.71
19.64,72.86755848964445,evening,medium,stormy,high,suburbs,74.51
13.17,37.61769885768429,afternoon,medium,clear,normal,suburbs,24.48
9.33,6.24592758193462,afternoon,medium,rainy,normal,city_center,15.6
18.45,46.06033643504673,evening,medium,clear,normal,city_center,39.19
17.47,46.38038291424151,evening,low,clear,normal,city_center,39.52
8.45,14.01689837768698,evening,medium,clear,normal,city_center,16.38
24.59,52.903651680240394,night,medium,clear,low,city_center,35.33
16.57,45.76554234504912,evening,low,clear,high,suburbs,46.7
15.54,47.92713448482804,morning,low,rainy,high,suburbs,45.94
2.68,14.763347973794406,morning,low,clear,high,suburbs,13.12
7.7,15.584043074010832,evening,medium,clear,normal,city_center,11.65
11.73,29.084779207231318,evening,low,clear,normal,airport,29.58
16.14,34.833299754866,evening,low,rainy,high,suburbs,35.39
13.31,26.972266134348956,afternoon,medium,clear,normal,suburbs,24.0
19.31,38.66590865935062,evening,high,clear,high,suburbs,51.32
7.3,5.0,night,low,rainy,high,city_center,16.18
17.85,27.538282129420192,afternoon,low,clear,normal,city_center,26.08
20.6,43.07081943832765,morning,medium,clear,normal,suburbs,37.07
19.36,45.09041814850884,night,medium,stormy,normal,city_center,38.85
19.5,47.116288178348576,night,high,clear,high,city_center,48.33
22.32,36.55333064622003,morning,high,clear,normal,city_center,43.51
3.02,5.0,afternoon,medium,rainy,low,airport,11.52
17.73,28.737649297783527,evening,low,clear,normal,suburbs,29.51
24.25,41.8579201374209,morning,low,clear,normal,suburbs,41.0
14.77,35.98021953577866,morning,high,clear,low,suburbs,31.54
6.22,13.86822385373919,morning,medium,clear,high,suburbs,22.4
24.97,52.68488561963738,evening,low,clear,normal,airport,47.16
5.19,9.852910832213485,morning,medium,rainy,low,city_center,16.29
9.05,14.795569869828874,afternoon,medium,clear,normal,city_center,16.31
5.13,8.127697019048721,morning,medium,rainy,normal,airport,17.41
12.15,31.71683196066188,evening,low,rainy,high,suburbs,35.73
11.05,50.479979588361815,evening,medium,clear,normal,airport,27.89
12.79,30.05553005907418,evening,medium,clear,low,suburbs,27.25
23.27,49.82577519503027,morning,medium,rainy,low,suburbs,41.89
12.48,22.013012001003613,night,high,clear,high,suburbs,28.66
13.35,20.52761484849076,night,medium,clear,high,airport,30.83
22.28,36.37197218592511,afternoon,medium,clear,high,city_center,45.51
20.63,42.0883771181815,night,medium,stormy,low,city_center,36.16
6.75,23.869638860536202,afternoon,medium,rainy,normal,airport,19.39
1.31,12.66901594363118,morning,high,clear,low,city_center,9.51
16.11,31.93432933954371,evening,low,clear,high,airport,39.32
21.28,56.584200301901525,afternoon,high,clear,normal,city_center,41.55
14.27,16.514592204912702,night,low,clear,high,airport,29.91
6.07,5.857639417024446,afternoon,low,clear,normal,city_center,5.0
18.79,41.93508576073131,evening,high,clear,low,city_center,39.36
17.07,41.213715954417495,evening,medium,clear,normal,city_center,32.65
14.56,32.232563888660906,morning,high,rainy,high,airport,53.95
21.72,64.43544591211021,evening,high,clear,high,city_center,72.27
19.82,20.866786480764596,afternoon,medium,rainy,normal,suburbs,28.73
17.03,28.741405045122157,morning,low,clear,normal,city_center,25.61
16.95,24.26062491255646,afternoon,medium,clear,low,city_center,25.52
16.89,30.0981875811593,night,high,clear,low,suburbs,23.52
13.6,26.523472247874185,evening,low,rainy,low,suburbs,21.8
12.13,30.84458117915196,evening,medium,clear,normal,suburbs,21.1
18.03,34.00848953242774,morning,low,clear,normal,suburbs,29.98
15.65,29.477668511145026,evening,low,rainy,normal,suburbs,28.99
12.76,23.306060424890752,evening,medium,clear,high,city_center,30.92
4.04,5.0,night,medium,clear,normal,airport,10.48
17.85,26.398364896745868,evening,high,rainy,normal,city_center,38.24
16.5,28.019342730652458,morning,medium,clear,normal,city_center,29.97
9.21,12.57399299366315,night,high,clear,high,suburbs,21.15
9.55,22.7638012139795,evening,medium,rainy,high,airport,32.9
6.92,15.480232392996175,morning,high,rainy,high,city_center,21.62
24.09,41.00192257622837,evening,low,clear,normal,city_center,42.21
21.64,51.582085470174285,afternoon,high,rainy,high,airport,64.11
14.47,17.929947869366366,evening,low,clear,normal,suburbs,20.79
10.64,28.579805467097483,afternoon,high,rainy,low,city_center,23.86
18.68,49.613149959579346,evening,high,rainy,low,airport,46.92
13.67,8.664259725315905,morning,high,rainy,high,airport,36.92
24.42,47.37615295990336,evening,medium,rainy,high,suburbs,65.27
2.32,9.796612176369695,morning,low,clear,high,airport,18.6
1.82,5.481584594492011,morning,high,rainy,high,city_center,8.11
14.65,35.932082817424565,morning,medium,clear,normal,airport,36.76
5.88,11.179324808237759,afternoon,medium,rainy,high,city_center,22.82
15.5,38.76330299722755,evening,medium,rainy,normal,airport,35.5
19.75,43.05087998761964,afternoon,low,rainy,normal,suburbs,35.84
4.31,10.406353044570512,afternoon,medium,rainy,high,suburbs,13.97
11.57,11.743621904124227,night,medium,rainy,low,airport,20.95
17.53,39.858662441329145,evening,high,stormy,normal,suburbs,45.1
21.01,34.29012545730713,afternoon,medium,rainy,normal,city_center,32.72
12.91,28.719789717689956,afternoon,high,clear,normal,airport,26.43
5.95,10.866651563687318,night,low,rainy,high,suburbs,16.89
15.06,29.48405675351589,morning,medium,clear,high,airport,36.65
11.91,33.59680083844314,morning,high,clear,normal,city_center,30.8
19.53,41.982683607086265,afternoon,medium,stormy,normal,city_center,38.06
14.33,22.20514363102372,evening,medium,clear,normal,city_center,24.96
7.71,15.087814044596175,morning,low,rainy,low,suburbs,14.31
19.11,40.33177971000119,night,medium,rainy,normal,city_center,40.36
13.43,11.861704796204151,afternoon,medium,clear,low,suburbs,15.98
5.26,5.0,evening,medium,rainy,normal,suburbs,10.48
14.51,28.233133255244994,morning,high,clear,normal,airport,37.97
23.76,60.67710532351297,night,high,clear,normal,city_center,52.19
17.93,35.46686478618917,afternoon,medium,clear,normal,suburbs,28.66
8.17,12.646806850592935,morning,medium,clear,normal,airport,19.06
18.06,31.110511172184978,morning,medium,clear,normal,airport,36.41
7.78,9.028979053369909,afternoon,medium,clear,low,city_center,13.22
14.02,39.42825635374922,afternoon,medium,stormy,high,airport,45.69
13.64,32.1052687215703,morning,medium,rainy,normal,airport,31.16
6.94,22.392314750997503,evening,low,clear,normal,city_center,14.39
9.35,9.84902349880641,afternoon,high,rainy,low,city_center,16.92
23.61,44.435040190812956,afternoon,low,rainy,high,suburbs,44.73
7.01,13.07149015330282,morning,low,clear,normal,airport,18.53
20.22,39.610605496563736,afternoon,high,stormy,normal,airport,45.88
17.02,27.65920983424712,night,medium,clear,high,suburbs,33.08
13.78,34.587234307466254,afternoon,high,clear,high,suburbs,37.87
4.3,7.6446730246102765,evening,medium,clear,high,suburbs,12.37
5.91,8.71661809950848,morning,medium,clear,high,city_center,19.24
5.3,22.466301267215528,morning,high,clear,high,airport,30.26
15.08,42.95277327259473,night,medium,clear,high,suburbs,36.43
24.36,43.13716271569635,evening,high,clear,high,city_center,62.19
22.05,42.49952343939975,evening,medium,clear,normal,airport,43.49
1.61,5.0,afternoon,medium,rainy,normal,city_center,5.17
7.57,14.120568667026843,evening,high,clear,high,airport,29.99
4.77,15.654006727286033,night,medium,clear,high,suburbs,13.86
24.42,38.802263703441604,morning,low,clear,high,city_center,51.05
6.65,16.206765499583693,morning,low,clear,normal,suburbs,14.96
5.83,5.689292104490578,night,medium,clear,normal,suburbs,6.39
15.9,26.884373770754834,morning,medium,clear,normal,suburbs,27.57
14.35,30.128267857673883,afternoon,high,clear,normal,suburbs,31.08
6.42,11.21079048386846,morning,high,rainy,low,suburbs,13.85
17.09,39.02979769117511,afternoon,medium,clear,low,suburbs,25.06
3.33,8.402189779062653,afternoon,low,rainy,normal,airport,14.6
1.46,5.0,morning,high,clear,normal,suburbs,8.43
2.98,8.299940657078764,morning,medium,clear,high,suburbs,5.0
9.76,8.2546886403375,afternoon,high,clear,normal,suburbs,14.39
24.4,54.142059139857274,afternoon,medium,clear,normal,suburbs,40.59
14.13,23.370860717707266,evening,medium,clear,normal,airport,31.65
19.11,40.33631837310489,evening,medium,clear,low,city_center,36.35
8.72,12.110803991118493,morning,medium,clear,normal,city_center,16.06
18.26,30.730499835365105,afternoon,medium,clear,normal,city_center,28.7
24.19,44.800544863078414,evening,low,rainy,normal,suburbs,40.35
9.59,20.55562884210876,evening,low,clear,normal,city_center,22.76
24.98,35.14859312348568,night,low,clear,low,airport,30.39
16.32,48.55292071272747,night,medium,clear,normal,city_center,30.64
18.97,53.39425996076384,afternoon,low,rainy,high,airport,54.28
7.05,5.556947491816532,morning,medium,clear,high,suburbs,14.49
16.43,56.747172924264426,morning,medium,clear,normal,city_center,39.24
13.26,21.97702438936599,morning,medium,clear,normal,city_center,27.19
23.95,43.726840879975114,evening,medium,stormy,normal,suburbs,43.37
22.71,34.54148547313994,morning,high,clear,low,suburbs,38.49
10.52,29.627525610532683,night,low,clear,normal,suburbs,22.08
23.72,42.023013454778635,evening,low,rainy,low,suburbs,36.67
22.24,41.046055588780845,night,medium,clear,normal,suburbs,26.96
15.17,25.002310844894435,evening,low,clear,normal,city_center,25.43
2.97,6.093370070245148,morning,medium,clear,normal,suburbs,5.03
4.86,5.0,morning,high,clear,high,airport,22.79
2.84,10.935106538349974,evening,low,clear,high,city_center,15.52
3.59,13.555847844032087,morning,low,rainy,normal,suburbs,10.07
24.45,49.638361809462225,night,high,clear,high,city_center,56.7
6.09,7.330930324959377,morning,medium,clear,normal,airport,15.95
17.58,26.20936415561177,evening,high,clear,normal,airport,35.07
16.28,20.843597859091172,afternoon,low,clear,normal,city_center,24.05
16.15,31.497860666937143,evening,high,clear,normal,airport,39.42
5.96,20.843258664828618,evening,high,clear,normal,city_center,18.5
14.9,29.412339918891366,morning,high,clear,high,suburbs,41.71
16.01,24.937400486062373,night,low,clear,high,city_center,38.37
14.69,32.44823959033127,evening,medium,clear,high,suburbs,32.74
5.47,12.51605973269869,afternoon,medium,rainy,high,suburbs,11.64
18.35,42.37068119204765,night,medium,clear,low,city_center,31.31
2.76,5.9943998928208515,evening,low,clear,high,airport,11.9
15.19,34.150856617570824,morning,medium,clear,normal,suburbs,30.44
11.47,28.41144333223932,morning,low,clear,normal,city_center,20.91
7.01,18.245555681302754,night,medium,clear,normal,suburbs,14.56
20.38,43.94535180477205,evening,high,rainy,high,suburbs,59.26
5.22,7.7726795006889535,afternoon,medium,clear,normal,city_center,12.05
23.39,45.93819092779913,morning,high,clear,high,city_center,62.88
22.23,40.72886772966705,afternoon,low,rainy,high,suburbs,46.21
9.65,15.648546589639444,afternoon,high,rainy,high,airport,26.11
8.32,7.6739668993256895,morning,low,rainy,normal,suburbs,14.05
4.3,8.166586584730325,afternoon,low,rainy,high,suburbs,6.34
22.99,48.76454817515933,morning,high,clear,normal,city_center,44.16
16.06,23.834796181015772,evening,low,rainy,low,suburbs,20.47
1.76,6.354925622381762,evening,medium,clear,low,suburbs,10.88
13.26,35.091240084872354,evening,high,clear,low,city_center,33.9
3.06,5.0,morning,low,clear,low,city_center,8.57
14.77,36.34093096450508,morning,high,clear,high,suburbs,42.26
13.22,28.072221027505414,evening,low,clear,low,city_center,25.46
2.99,13.148807671490502,evening,low,clear,high,city_center,9.91
20.58,39.50683917971806,morning,medium,rainy,normal,airport,38.39
7.3,16.595977799878025,evening,low,clear,high,city_center,20.3
14.0,43.41651159440682,afternoon,high,clear,normal,airport,36.34
16.34,29.888550174948584,afternoon,high,clear,low,airport,32.12
24.1,55.56291810269456,evening,medium,clear,normal,suburbs,44.16
12.85,23.922345097279567,afternoon,medium,clear,normal,city_center,20.39
23.02,39.09759841160585,afternoon,medium,clear,low,city_center,36.34
9.52,11.035460859475258,night,medium,clear,high,city_center,19.6
21.58,57.42382008790421,morning,medium,clear,low,city_center,39.77
6.66,20.005382789766294,evening,medium,clear,normal,city_center,18.55
17.98,28.75382034704625,morning,low,rainy,high,city_center,39.52
3.13,9.610229210144901,night,medium,rainy,normal,city_center,14.52
24.67,53.45099298941765,afternoon,medium,clear,high,suburbs,52.39
23.89,62.00259814860317,night,medium,clear,low,suburbs,38.49
11.61,28.155317332094278,afternoon,medium,clear,high,city_center,26.4
13.57,22.536125825811453,evening,medium,rainy,normal,city_center,21.42
15.35,34.81137652183508,evening,low,clear,low,airport,31.15
7.6,19.799111870711265,morning,low,stormy,high,suburbs,22.03
17.19,45.390128607748416,evening,low,stormy,normal,city_center,35.86
17.77,28.446272998912594,morning,low,clear,low,city_center,24.09
13.6,35.46305101093454,morning,low,rainy,high,suburbs,40.11
4.55,5.0,afternoon,high,clear,high,airport,15.59
23.06,39.37806727382917,evening,low,clear,normal,airport,42.59
3.76,5.0,morning,medium,rainy,high,suburbs,11.26
16.1,39.56992276822173,evening,medium,clear,high,city_center,48.19
3.47,9.143642450134813,evening,high,clear,high,city_center,13.25
4.51,5.2681369890109,afternoon,low,clear,normal,city_center,8.37
1.49,5.64802131289865,morning,high,clear,normal,city_center,10.67
9.72,30.47513724697229,evening,low,rainy,normal,airport,27.84
16.35,26.102017465514145,morning,medium,clear,normal,airport,33.46
13.52,25.074902847902,morning,high,stormy,normal,city_center,33.37
17.19,43.427126648048414,morning,medium,rainy,normal,city_center,35.98
17.2,54.5681257020678,afternoon,high,clear,high,suburbs,52.93
4.36,7.683813423791134,evening,high,rainy,high,city_center,15.52
2.38,10.042516659424603,afternoon,medium,clear,low,airport,12.68
16.01,44.45024667782265,night,low,rainy,normal,suburbs,31.74
16.68,35.434899935465225,evening,high,rainy,low,airport,29.67
14.36,29.89429512765043,night,high,clear,normal,city_center,29.55
6.9,13.000094653366064,evening,medium,clear,high,city_center,19.57
20.46,31.053585983436882,morning,medium,clear,normal,suburbs,27.65
2.82,6.312038655633821,morning,medium,rainy,normal,airport,9.48
16.18,32.22371536225321,afternoon,low,clear,high,city_center,32.87
3.89,6.496826066385012,evening,medium,clear,high,city_center,11.34
16.71,39.281475495799924,evening,high,clear,high,suburbs,50.97
11.03,31.444815966779927,morning,low,clear,high,city_center,35.58
18.23,35.09675533250189,evening,medium,clear,low,city_center,29.43
2.25,5.0,afternoon,low,clear,normal,city_center,5.0
14.32,22.94585496724656,evening,high,clear,normal,suburbs,27.9
4.48,13.854115372560484,afternoon,medium,rainy,high,suburbs,16.57
17.38,65.87333705586231,morning,medium,clear,high,city_center,57.45
3.88,8.619843413663986,afternoon,medium,clear,normal,city_center,12.22
2.77,6.0439487992659355,night,high,clear,high,airport,17.56
18.11,26.873191098405115,evening,high,clear,normal,suburbs,35.36
2.52,7.364308545128283,afternoon,medium,clear,normal,suburbs,6.39
6.39,8.535368465250674,afternoon,medium,clear,high,suburbs,10.5
20.79,42.35199648631498,afternoon,medium,clear,low,airport,35.05
20.43,32.538957488935026,morning,medium,clear,low,city_center,30.54
21.5,59.22745903236828,evening,medium,stormy,normal,city_center,57.16
8.83,18.875111889594844,morning,low,clear,normal,suburbs,19.68
13.67,15.748395732564594,afternoon,medium,clear,high,city_center,25.23
19.56,37.45295252751118,morning,low,clear,normal,city_center,34.46
4.29,17.868001313557624,evening,medium,clear,normal,suburbs,9.43
18.39,13.194038068928712,morning,high,clear,high,city_center,37.38
3.34,8.108442896752072,afternoon,high,clear,low,suburbs,12.81
22.92,52.214734450018014,afternoon,high,clear,normal,city_center,45.68
16.3,40.99390325826899,evening,high,rainy,normal,airport,44.34
12.84,25.786033929196854,night,medium,clear,high,suburbs,29.73
12.63,21.866444590202132,morning,high,rainy,low,suburbs,23.64
5.35,12.34830417503704,morning,low,rainy,normal,suburbs,11.96
9.3,19.93765953759433,evening,medium,clear,normal,airport,23.58
18.45,34.15483725171883,morning,high,clear,high,city_center,54.3
13.98,28.728982503647472,morning,medium,clear,normal,airport,25.74
13.7,45.26078396943088,morning,medium,rainy,high,suburbs,41.93
5.69,9.135402557084188,morning,medium,rainy,high,city_center,11.07
17.57,43.557564671861684,evening,high,clear,high,suburbs,51.12
10.41,9.343239182443815,afternoon,low,clear,high,suburbs,16.79
5.39,20.852661808760146,afternoon,medium,rainy,low,suburbs,13.99
23.65,63.68188903559282,afternoon,high,clear,low,suburbs,40.3
13.16,23.034849593264127,afternoon,high,rainy,normal,city_center,23.81
13.67,31.61717611711573,night,medium,clear,low,airport,28.89
24.55,48.82079049443666,afternoon,medium,clear,normal,suburbs,39.31
9.79,11.92109575939729,night,high,clear,normal,suburbs,16.13
23.63,35.5521225690024,night,high,clear,high,airport,50.81
17.68,40.340627759098965,afternoon,low,clear,normal,suburbs,28.15
16.19,21.925015544684825,night,high,rainy,normal,city_center,30.48
6.63,13.280581108766473,morning,high,clear,normal,airport,20.85
2.24,5.0,afternoon,medium,clear,high,city_center,5.0
11.51,17.480979673780823,evening,low,clear,high,city_center,23.21
1.24,5.0,morning,high,clear,high,suburbs,10.21
2.7,5.0,evening,medium,clear,normal,suburbs,10.73
15.29,32.002740245087345,night,high,clear,normal,city_center,33.59
18.39,29.878784914864536,night,medium,rainy,normal,city_center,29.96
5.03,5.0,afternoon,medium,rainy,normal,suburbs,7.44
18.58,48.23589100837616,evening,high,clear,high,airport,58.72
23.79,60.32648062409409,evening,medium,clear,normal,airport,53.41
18.84,39.979212443717124,afternoon,medium,rainy,normal,suburbs,35.03
19.83,40.67785603461515,afternoon,medium,clear,normal,city_center,35.0
17.82,34.111209219177965,evening,high,clear,high,suburbs,49.08
6.39,15.962089891254912,afternoon,medium,clear,high,city_center,15.9
9.66,26.195114314303027,evening,low,rainy,normal,city_center,21.98
23.78,44.85509361521477,morning,low,clear,high,city_center,51.8
16.87,38.90032735506786,evening,medium,rainy,high,city_center,48.3
19.94,27.384163091236317,afternoon,low,rainy,low,city_center,26.29
24.25,36.61898044052893,morning,high,rainy,high,city_center,64.93
6.55,25.526115212461974,evening,high,clear,normal,city_center,23.06
8.72,19.12587719198705,afternoon,high,clear,normal,airport,20.5
16.48,28.43372029263977,evening,medium,clear,high,airport,38.47
1.58,5.0,morning,low,rainy,low,city_center,11.59
14.71,30.28867814177058,morning,high,clear,normal,suburbs,30.48
20.41,36.56444961896305,night,medium,clear,high,suburbs,42.27
15.65,24.16938070806702,afternoon,medium,clear,high,suburbs,34.08
8.09,9.06763507357541,afternoon,low,clear,high,suburbs,15.82
18.38,38.03350052364968,afternoon,high,rainy,high,city_center,44.96
4.5,14.469135587977334,afternoon,high,clear,normal,suburbs,12.07
22.47,48.104496626797534,night,high,clear,high,suburbs,60.05
3.42,5.0,morning,high,clear,low,suburbs,8.62
21.72,76.8087075616141,afternoon,low,rainy,normal,airport,57.97
12.95,25.224485889072675,afternoon,high,clear,normal,airport,23.86
11.29,22.776573109637724,morning,medium,clear,normal,city_center,22.1
13.02,29.368779582159416,evening,medium,clear,low,suburbs,19.67
5.8,12.705100351702155,morning,medium,clear,normal,city_center,15.93
11.98,17.678820601095577,afternoon,low,clear,normal,suburbs,13.67
21.39,39.1151273313684,afternoon,medium,clear,normal,airport,35.43
20.22,29.964208186268465,afternoon,medium,rainy,low,suburbs,25.43
4.91,9.159980511663239,night,low,rainy,normal,airport,15.01
17.16,40.10950705181779,evening,medium,clear,low,airport,34.7
21.56,38.76452800869882,morning,low,clear,normal,city_center,39.45
20.67,30.84507033927153,morning,high,clear,normal,suburbs,35.68
11.22,13.061944190300366,evening,low,clear,normal,suburbs,18.13
2.15,8.4856387066685,morning,medium,rainy,high,city_center,11.29
23.35,50.58552470173687,morning,medium,rainy,normal,city_center,42.13
10.5,19.103736254767554,night,high,clear,normal,suburbs,23.1
9.66,17.69269584175205,evening,high,clear,normal,airport,23.91
19.23,35.169119271506936,afternoon,low,clear,low,airport,30.51
7.34,12.625669155563578,morning,medium,clear,normal,suburbs,11.78
21.03,24.517754163750055,evening,medium,clear,high,city_center,49.63
2.83,11.20744454874308,evening,high,rainy,normal,airport,20.1
18.78,43.58642896995223,afternoon,medium,rainy,high,suburbs,41.93
24.18,40.77990440053615,afternoon,high,rainy,normal,airport,47.99
24.9,62.765965135631426,night,high,clear,normal,city_center,53.56
23.17,38.23558255574952,morning,high,clear,high,airport,58.9
21.9,36.96889802726122,evening,low,clear,low,city_center,34.77
7.69,18.913313472311728,night,low,clear,high,airport,23.97
24.2,44.57931213816984,afternoon,medium,clear,normal,airport,44.16
23.27,44.4166376333413,night,medium,clear,high,suburbs,48.26
13.82,30.97083878134261,morning,medium,clear,high,suburbs,32.21
10.65,24.31074691511627,evening,medium,clear,normal,suburbs,19.6
3.62,7.065966063995621,afternoon,low,clear,low,suburbs,5.0
15.18,22.489354083354456,afternoon,high,clear,high,airport,37.96
17.81,31.104649770644365,evening,low,clear,high,city_center,41.54
10.7,23.270267058240684,evening,low,clear,normal,city_center,18.12
10.74,19.668535137054594,afternoon,low,stormy,high,city_center,27.12
14.76,20.759727304754335,afternoon,medium,clear,normal,suburbs,22.85
1.67,5.04485656568743,afternoon,medium,clear,high,city_center,9.25
23.99,52.0265567695555,night,medium,clear,normal,city_center,38.68
7.96,9.400141445715985,evening,medium,clear,low,airport,21.4
4.38,11.310163466150184,afternoon,medium,clear,low,suburbs,9.28
1.13,6.128942579075223,afternoon,low,rainy,normal,suburbs,5.0
21.57,36.366242221880455,night,medium,rainy,high,suburbs,43.96
21.72,43.11269419776814,evening,high,rainy,high,suburbs,59.35
3.29,17.754210073581525,evening,medium,clear,normal,city_center,12.93
4.65,5.0,evening,low,clear,high,city_center,15.95
11.75,25.45212279019747,morning,low,clear,normal,suburbs,22.51
5.46,19.9331455287911,morning,medium,clear,normal,airport,19.55
18.66,47.541309943819584,afternoon,low,rainy,normal,suburbs,36.69
2.39,11.412504775388157,afternoon,high,clear,normal,airport,15.02
14.19,33.33420154087596,evening,low,rainy,normal,city_center,34.98
10.19,19.013554808375595,evening,high,clear,high,city_center,30.22
12.16,31.455978366133742,night,low,rainy,normal,suburbs,27.37
11.19,22.03199167085925,afternoon,low,rainy,normal,city_center,14.75
4.68,8.379122420216664,evening,medium,rainy,low,city_center,12.79
6.29,17.014588331682745,night,low,clear,high,suburbs,16.13
2.56,5.0,morning,high,clear,high,city_center,12.16
3.77,18.999914472182635,morning,medium,clear,high,city_center,19.4
24.47,50.312687332664666,night,high,clear,normal,city_center,49.36
7.71,11.350138952820272,morning,low,rainy,normal,suburbs,18.08
8.37,13.519472240272663,evening,low,clear,normal,airport,21.09
4.05,18.34173926851062,afternoon,high,clear,high,suburbs,16.79
19.12,30.05260287090259,afternoon,low,clear,low,suburbs,24.96
23.18,52.355813634705484,night,medium,clear,high,city_center,51.24
19.95,51.265620421648705,afternoon,high,clear,normal,suburbs,44.83
15.7,25.080591452554817,afternoon,low,rainy,normal,suburbs,21.57
20.52,34.55185737641703,morning,medium,clear,normal,city_center,38.27
10.7,27.005480562581827,morning,high,clear,normal,suburbs,28.91
21.63,34.14530654574006,afternoon,medium,clear,normal,suburbs,32.54
20.16,32.863293046700036,evening,low,rainy,normal,airport,37.27
1.04,5.0,morning,high,clear,high,city_center,7.53
12.71,24.929232901898782,afternoon,high,clear,normal,city_center,27.98
7.35,13.57497733345526,afternoon,medium,rainy,normal,suburbs,14.2
3.07,5.0,evening,high,clear,low,suburbs,6.31
21.31,50.193212756362556,afternoon,high,clear,normal,city_center,40.44
1.19,5.0,night,medium,clear,high,suburbs,5.0
18.52,27.65443468205313,night,low,rainy,normal,airport,33.18
24.72,52.6359078214536,morning,low,rainy,normal,city_center,52.91
12.57,22.19113712730171,afternoon,low,clear,normal,suburbs,15.69
9.91,38.331954838265,evening,low,rainy,normal,city_center,21.56
15.54,36.8760889856921,afternoon,low,clear,normal,suburbs,25.59
20.31,31.151367185019005,evening,low,clear,normal,suburbs,30.18
6.77,8.178580398280562,night,low,clear,normal,city_center,10.97
7.02,9.38916271745822,evening,medium,rainy,normal,city_center,11.9
15.57,29.534484055096062,morning,medium,clear,normal,airport,36.36
23.56,38.521879972099526,morning,high,clear,normal,suburbs,43.52
8.16,9.486298946504025,afternoon,medium,clear,high,airport,21.74
10.04,34.18390250964604,morning,high,rainy,low,suburbs,30.38
24.84,45.05324107884835,evening,low,clear,high,suburbs,52.34
5.23,11.64361706128531,afternoon,low,clear,low,city_center,8.16
2.85,6.464148390007287,evening,high,clear,normal,airport,13.25
15.15,24.574910308793616,evening,medium,clear,high,suburbs,33.49
1.58,5.0,morning,medium,clear,high,city_center,10.3
5.33,10.66100765776721,evening,high,rainy,high,city_center,19.33
15.93,49.86152703232359,evening,medium,clear,low,suburbs,32.52
16.83,41.69135871657796,afternoon,high,clear,normal,suburbs,32.41
13.25,21.644015486571526,evening,medium,clear,low,suburbs,21.26
10.21,25.06058340774284,morning,medium,clear,normal,city_center,23.68
14.83,24.92062884047872,evening,medium,clear,normal,suburbs,27.15
16.44,38.767696311558694,night,low,clear,high,airport,37.4
20.28,38.513205726123246,evening,low,clear,normal,suburbs,31.28
20.03,46.155970601019355,morning,low,clear,high,suburbs,44.11
16.96,33.65220731571634,afternoon,high,clear,normal,suburbs,33.18
22.46,41.57073318554227,night,medium,rainy,high,suburbs,45.92
21.11,51.106130709798684,evening,high,clear,normal,city_center,47.64
4.2,5.0,afternoon,high,clear,normal,suburbs,8.19
23.96,48.19711744838763,evening,medium,clear,normal,suburbs,39.39
22.4,50.299391831482204,morning,medium,rainy,high,suburbs,56.44
8.7,18.437566813157336,night,high,rainy,normal,suburbs,25.49
1.48,5.0,afternoon,medium,clear,high,suburbs,6.52
15.5,28.23808638450179,morning,high,clear,low,airport,37.88
11.52,18.562473251300023,morning,high,clear,high,city_center,30.37
18.99,38.30270970683463,morning,medium,rainy,low,airport,39.32
13.59,26.099686304527033,evening,medium,clear,normal,suburbs,23.84
2.84,5.0,evening,low,clear,normal,suburbs,7.26
6.87,16.599180437153144,evening,medium,clear,normal,suburbs,17.06
22.18,46.79178457224206,afternoon,low,clear,high,airport,47.79
1.9,5.0,evening,medium,clear,normal,city_center,8.88
18.68,38.51970979402197,evening,high,clear,high,suburbs,50.33
8.01,32.30923127505087,evening,low,clear,high,airport,32.7
11.86,20.26091473631676,evening,medium,clear,normal,city_center,25.25
13.74,33.8635501342775,morning,medium,clear,high,airport,44.84
7.0,21.930753713261687,night,low,stormy,high,airport,29.88
16.65,33.59462197915745,morning,low,stormy,high,suburbs,43.58
17.64,50.28241625435422,evening,low,clear,normal,city_center,40.6
3.04,13.423818877824223,afternoon,low,rainy,high,city_center,15.34
9.97,18.6012483487538,morning,medium,rainy,low,suburbs,16.53
18.87,36.48620528737256,morning,medium,rainy,high,city_center,45.1
18.32,43.904612641589296,night,high,clear,normal,city_center,34.83
14.07,30.67024925746734,evening,medium,clear,low,suburbs,28.81
19.66,53.721609301777484,afternoon,low,stormy,high,city_center,48.22
3.58,11.071449740785912,night,medium,clear,high,city_center,12.68
3.84,8.025562473020537,afternoon,medium,clear,normal,suburbs,8.83
16.78,19.25283308430454,evening,medium,clear,normal,suburbs,22.6
17.64,37.29826362466458,night,medium,stormy,high,suburbs,49.18
20.55,35.76892033136663,evening,low,clear,low,city_center,37.67
5.34,13.201967138283802,morning,medium,clear,high,airport,21.4
13.4,15.075536692084398,night,low,clear,high,city_center,24.53
16.86,37.85753033921671,evening,high,rainy,normal,airport,42.1
6.37,14.07091336630718,afternoon,medium,clear,normal,city_center,14.35
13.41,25.570770917441838,evening,high,clear,normal,suburbs,22.92
16.32,31.907288185654753,morning,medium,rainy,low,city_center,29.8
6.15,12.877996066571603,morning,medium,clear,normal,city_center,16.35
10.01,22.81857195313352,evening,low,rainy,normal,city_center,20.32
6.19,19.032217529210236,evening,low,clear,normal,suburbs,15.18
22.67,45.717507634713584,afternoon,medium,rainy,normal,city_center,40.06
6.68,19.133266110754565,evening,medium,clear,normal,city_center,18.14
3.9,7.294641915754328,night,medium,clear,normal,airport,12.04
1.84,5.686766192333359,morning,low,clear,normal,suburbs,7.64
2.08,5.0,afternoon,low,clear,low,city_center,5.0
5.6,13.74425941613593,afternoon,medium,stormy,high,city_center,15.59
15.6,24.859378318128968,night,high,clear,low,city_center,24.72
1.42,9.449510192450479,morning,medium,rainy,high,suburbs,10.49
7.88,17.499284514873974,afternoon,high,clear,normal,airport,16.74
2.4,8.964801222337776,night,high,rainy,high,city_center,9.93
10.69,27.035582571056523,evening,low,clear,normal,city_center,20.17
2.17,13.46895024588839,morning,high,clear,normal,airport,16.09
15.58,15.493024864256805,night,high,rainy,high,airport,35.82
17.52,31.45155063835664,morning,low,clear,low,suburbs,23.57
18.55,42.89477026548708,afternoon,high,rainy,high,suburbs,45.39
6.38,5.0,morning,medium,rainy,high,suburbs,11.79
21.84,44.879496121931545,evening,low,clear,high,city_center,49.3
17.57,41.02864935581511,afternoon,low,rainy,high,city_center,37.26
2.36,5.082771600929786,evening,high,clear,low,city_center,8.66
11.58,16.221878161279914,evening,medium,clear,high,city_center,26.35
19.43,51.78472134358584,afternoon,high,rainy,normal,suburbs,44.65
8.46,16.656705214581493,night,high,clear,normal,city_center,23.08
10.16,26.006915752187165,evening,medium,stormy,normal,city_center,25.96
16.11,30.30170113049909,afternoon,medium,rainy,low,city_center,26.5
2.33,7.156221950515975,afternoon,high,clear,low,airport,13.07
24.21,37.79814039831146,afternoon,medium,rainy,low,city_center,34.18
5.19,14.505890748620796,afternoon,high,clear,normal,city_center,12.19
1.64,5.0,night,medium,clear,high,airport,12.78
1.13,5.0,morning,high,clear,high,suburbs,5.0
10.59,24.87007491019773,afternoon,low,clear,low,city_center,18.61
22.22,48.16039289375401,evening,high,clear,high,suburbs,61.02
20.67,37.81646555766315,night,high,clear,normal,suburbs,38.08
22.89,52.86685986822331,morning,medium,clear,normal,city_center,45.43
13.81,32.22949260919186,morning,low,stormy,normal,suburbs,33.48
11.77,22.450681328244844,evening,low,rainy,low,city_center,19.33
10.26,12.820807132469039,night,high,clear,normal,city_center,21.29
2.11,5.0,evening,low,stormy,normal,suburbs,7.07
22.83,56.714296891741554,evening,high,clear,normal,suburbs,55.05
12.91,25.436270002088722,morning,medium,clear,high,city_center,29.57
11.92,19.9286606017251,night,medium,clear,normal,city_center,20.54
13.36,15.01962469529502,evening,low,clear,normal,city_center,22.16
20.06,40.664501906830964,evening,low,clear,high,suburbs,45.18
6.39,10.227808055094593,night,high,clear,high,suburbs,12.81
18.04,38.94623429529873,night,medium,clear,low,suburbs,26.28
18.06,47.04651179351101,morning,high,clear,high,city_center,54.22
21.39,71.26027528435722,morning,high,clear,normal,city_center,61.99
1.21,5.0,morning,low,rainy,normal,city_center,7.15
5.09,8.283259587103752,night,low,stormy,high,suburbs,10.88
12.31,36.24061218086522,afternoon,medium,rainy,normal,city_center,28.43
21.41,33.6737986308694,evening,medium,clear,high,suburbs,44.83
24.16,51.15688744958399,afternoon,low,clear,normal,suburbs,39.91
15.28,30.641752412260548,afternoon,medium,rainy,high,suburbs,31.56
6.09,7.144194402438194,afternoon,medium,clear,normal,city_center,8.3
5.43,19.38079754018925,night,low,clear,high,suburbs,15.24
16.35,21.603652465382787,afternoon,medium,clear,normal,airport,28.88
6.04,9.19894857873691,evening,medium,clear,normal,suburbs,12.81
14.27,31.228996053160422,morning,medium,clear,normal,suburbs,30.89
21.04,60.62468747592254,afternoon,medium,clear,low,city_center,41.44
10.36,21.642153963158286,morning,medium,clear,low,city_center,21.29
10.08,13.77315895651449,afternoon,high,clear,low,city_center,15.11
1.87,5.0,evening,medium,rainy,high,suburbs,10.51
7.1,16.220325983492902,morning,low,stormy,low,city_center,16.59
17.76,32.33012097570145,afternoon,low,clear,high,suburbs,33.76
9.65,27.418812310146457,morning,low,clear,high,city_center,28.09
4.8,13.14343648434743,night,high,clear,normal,airport,14.79
3.54,7.131219069425746,morning,medium,clear,low,airport,10.55
3.28,5.0,evening,medium,clear,high,suburbs,6.58
16.82,24.572722167998503,night,medium,clear,high,city_center,29.8
15.7,27.034129210963616,night,medium,clear,high,airport,38.09
13.44,28.28765688901456,evening,medium,stormy,normal,airport,38.17
13.01,29.08308065252594,evening,medium,clear,normal,suburbs,26.54
4.68,13.805853106503022,evening,low,rainy,normal,airport,18.62
13.01,23.299623527526403,evening,low,rainy,normal,suburbs,28.5
2.44,5.0,night,medium,clear,normal,city_center,5.0
23.22,51.74335057839321,afternoon,high,rainy,high,airport,68.07
2.39,8.784937227897789,evening,low,clear,high,airport,17.88
11.16,16.63309769599016,night,low,clear,normal,airport,21.71
1.01,5.0,morning,high,clear,high,airport,9.93
19.87,55.431411936352056,evening,low,rainy,high,city_center,56.94
4.99,21.474267957839192,morning,medium,clear,high,airport,30.63
23.2,41.81807418499134,afternoon,medium,stormy,high,suburbs,54.43
2.06,5.0,evening,medium,clear,normal,city_center,5.7
20.7,30.18446518045915,afternoon,high,rainy,normal,suburbs,36.61
16.76,34.0675313608647,morning,high,clear,high,city_center,46.86
6.99,18.981300854960477,evening,low,clear,normal,city_center,18.3
5.86,7.4277384533857065,morning,low,rainy,low,city_center,8.69
9.58,18.171992341449858,afternoon,medium,rainy,high,airport,28.06
20.88,48.18206733837189,morning,medium,clear,high,suburbs,50.86
21.69,39.547314604451145,night,medium,clear,normal,airport,34.43
5.21,7.498196528669004,afternoon,high,clear,high,city_center,14.7
9.48,19.246853297313912,evening,medium,rainy,normal,airport,22.54
6.7,16.67048669685372,afternoon,medium,clear,high,city_center,15.53
3.94,5.0,afternoon,low,rainy,low,city_center,5.0
16.51,24.98336464183815,morning,high,clear,normal,airport,34.9
9.3,15.153255407562737,afternoon,medium,clear,normal,city_center,15.21
6.41,15.11652319201077,night,medium,clear,high,airport,22.11
21.78,26.808570318113404,evening,medium,clear,normal,suburbs,31.5
18.96,31.443211657956233,morning,low,clear,low,suburbs,25.32
19.57,30.627836742784933,afternoon,medium,rainy,high,airport,42.21
1.94,5.0,afternoon,low,clear,normal,suburbs,5.15
22.96,43.67933179707017,evening,medium,clear,normal,city_center,41.6
14.79,25.478769364568453,evening,low,clear,normal,suburbs,24.89
13.09,34.404018085432405,evening,medium,clear,high,city_center,34.64
1.25,8.451698912247641,night,medium,clear,high,airport,9.55
22.54,55.43643699154181,evening,high,clear,low,suburbs,46.86
14.05,44.23510714810069,afternoon,medium,clear,low,suburbs,25.88
20.8,39.844245930271974,afternoon,low,rainy,low,suburbs,23.94
16.73,20.498386631076112,night,medium,clear,high,airport,36.15
20.12,28.643960894352688,afternoon,medium,clear,normal,suburbs,27.4
17.63,27.159711050904974,morning,medium,clear,normal,suburbs,26.01
23.1,34.601148613203854,evening,low,clear,normal,suburbs,39.71
6.41,18.37704013584843,afternoon,medium,clear,normal,suburbs,8.99
5.85,8.42644005133971,morning,low,clear,normal,airport,17.74
18.1,31.81183191938532,evening,low,clear,normal,airport,32.43
13.03,27.538202048782665,morning,high,rainy,low,suburbs,23.91
15.38,42.8015988896239,evening,low,clear,normal,airport,36.28
18.01,33.48924446202038,afternoon,high,clear,high,airport,43.52
14.14,28.457006629142814,evening,medium,rainy,high,suburbs,38.95
19.9,25.85523370347911,evening,low,clear,low,suburbs,29.25
8.65,29.22655224240422,morning,medium,clear,normal,suburbs,20.33
21.62,46.89782246103996,evening,low,rainy,high,suburbs,52.89
3.58,12.092831695073475,evening,high,clear,normal,airport,18.35
16.22,29.02367225633355,night,low,clear,low,suburbs,19.39
22.36,43.5634819419119,morning,medium,clear,normal,suburbs,43.2
7.06,7.024505654986299,evening,high,clear,normal,airport,16.74
8.84,7.20261346325997,night,low,clear,high,suburbs,14.93
8.33,16.334184893905558,evening,high,rainy,high,airport,29.91
14.54,36.43879113161333,night,medium,clear,normal,city_center,26.92
10.91,21.920067162631536,afternoon,high,rainy,normal,suburbs,20.24
3.59,5.877495649009463,evening,medium,clear,low,suburbs,8.04
22.39,41.54005007564801,evening,medium,clear,normal,airport,45.27
5.91,7.732029280427104,afternoon,high,clear,normal,suburbs,7.87
13.82,29.540411296441953,evening,medium,clear,normal,city_center,27.54
15.28,29.315115318960864,afternoon,high,rainy,normal,city_center,27.86
1.98,5.0,night,medium,clear,high,city_center,6.13
3.3,7.298981120101884,evening,medium,clear,normal,airport,17.32
24.32,42.974364008915416,night,high,rainy,normal,suburbs,44.68
16.95,41.06165106990386,evening,medium,clear,normal,suburbs,30.48
1.81,5.0,evening,high,clear,high,suburbs,9.76
20.06,47.150974649457915,afternoon,high,clear,low,suburbs,33.52
13.21,23.149216583201135,evening,high,clear,normal,airport,31.97
2.8,5.800811964721529,afternoon,high,clear,high,suburbs,6.66
17.34,28.309877644488623,evening,low,clear,normal,airport,32.86
12.98,30.553200699912658,morning,low,clear,normal,airport,31.78
5.92,10.35498591905918,evening,high,clear,low,city_center,15.8
22.06,47.79606572707365,afternoon,high,rainy,normal,city_center,47.33
7.99,5.752622799088481,night,medium,clear,normal,airport,15.17
7.83,26.24991594141789,night,high,clear,normal,city_center,20.13
7.55,18.45947654639372,evening,low,rainy,normal,city_center,17.77
19.42,36.7079464814209,afternoon,low,clear,high,city_center,38.24
17.95,38.25727273199452,evening,low,clear,high,suburbs,40.76
22.68,57.47419902354093,evening,low,clear,low,city_center,37.51
6.5,10.185366135098459,afternoon,low,rainy,normal,suburbs,15.57
19.87,39.17095631550751,evening,low,clear,high,city_center,46.36
14.75,27.081852575417287,night,medium,stormy,high,airport,36.76
8.41,27.667174460849253,morning,medium,clear,high,city_center,28.13
1.85,5.0,afternoon,medium,clear,normal,city_center,8.9
20.65,42.474139544098705,night,medium,clear,high,city_center,52.56
6.79,14.76352248867322,afternoon,medium,clear,normal,airport,17.8
16.16,30.017738359948677,night,low,clear,normal,city_center,28.6
14.17,24.78061407274586,evening,medium,stormy,high,suburbs,38.49
1.11,5.0,afternoon,low,rainy,normal,suburbs,5.0
24.86,65.92288318771087,night,high,rainy,normal,city_center,57.5
20.54,44.54890564180239,morning,low,rainy,high,suburbs,49.36
12.68,16.084969140497826,afternoon,low,rainy,normal,city_center,17.37
17.33,27.12073566324761,morning,low,clear,normal,suburbs,28.06
12.44,24.35840075227278,night,low,rainy,normal,suburbs,21.77
18.87,41.1460172421891,morning,low,rainy,low,suburbs,33.81
4.22,5.0,morning,high,clear,normal,city_center,13.25
11.71,28.977773038643956,afternoon,low,rainy,normal,city_center,18.04
9.05,15.289769100848199,evening,medium,rainy,normal,city_center,16.72
12.03,17.764075786139,afternoon,medium,clear,normal,suburbs,21.32
11.81,32.405917528331884,afternoon,high,clear,low,suburbs,21.25
4.43,5.0,afternoon,medium,rainy,normal,city_center,6.54
24.44,44.09150865706435,evening,low,clear,normal,suburbs,35.43
1.37,5.0,evening,low,clear,high,city_center,11.31
1.24,5.0,evening,medium,clear,normal,city_center,6.29
9.96,14.171207667350114,evening,medium,clear,normal,city_center,15.66
15.89,33.07774279513908,night,medium,rainy,high,suburbs,34.97
5.31,9.586742112493141,evening,medium,clear,high,city_center,13.48
13.8,41.08038841821014,evening,high,stormy,high,city_center,58.63
18.35,30.44103745219753,afternoon,medium,rainy,low,airport,32.27
3.26,8.776383419257215,night,medium,clear,low,city_center,9.81
24.63,61.24547597600641,evening,high,clear,normal,city_center,58.03
9.08,34.36845961015729,evening,medium,clear,normal,suburbs,27.01
16.42,23.239194805206978,afternoon,high,clear,normal,city_center,33.59
3.66,21.19868545387524,morning,high,rainy,low,city_center,16.63
18.03,25.66634459938902,night,high,rainy,low,airport,32.92
21.17,46.6113904907474,morning,high,clear,high,city_center,65.19
3.53,11.13139346027166,afternoon,high,clear,normal,city_center,9.79
4.02,5.0,afternoon,low,clear,normal,city_center,10.86
7.75,17.776428984526472,afternoon,medium,rainy,normal,suburbs,12.18
1.29,5.0,afternoon,medium,rainy,normal,airport,10.75
24.67,46.682904906763454,evening,medium,clear,normal,city_center,44.57
15.36,33.78941468446102,morning,low,clear,low,suburbs,24.64
15.58,24.078663175931954,morning,low,clear,high,suburbs,32.99
24.02,41.13211830600271,evening,medium,clear,normal,city_center,40.89
20.97,41.114038090643334,evening,high,rainy,high,suburbs,53.88
20.54,35.9425192097881,evening,low,clear,normal,city_center,37.18
9.15,12.561704077959405,night,low,clear,high,city_center,18.55
9.04,30.79974747206257,morning,medium,clear,high,suburbs,28.7
8.0,17.523319113595598,afternoon,medium,rainy,high,city_center,25.13
9.32,8.105056975479997,afternoon,low,clear,normal,airport,16.29
9.87,14.025442276946535,morning,low,clear,low,suburbs,15.51
4.36,5.0,night,medium,clear,normal,city_center,7.12
9.54,25.73230349190445,morning,high,clear,normal,suburbs,29.53
11.72,25.104039606922857,afternoon,low,rainy,normal,city_center,19.71
8.42,11.962122416685943,morning,high,clear,normal,city_center,15.75
4.97,11.407722953846406,afternoon,high,clear,high,city_center,9.5
9.96,33.19681106463799,evening,medium,clear,high,suburbs,32.85
12.54,19.428085287654532,evening,high,clear,low,city_center,24.85
18.3,37.597776446260596,evening,medium,clear,high,city_center,44.72
18.07,19.871343233450688,morning,medium,rainy,high,city_center,37.83
5.86,16.845501508012664,morning,high,clear,normal,suburbs,15.15
1.88,5.0,evening,low,clear,normal,suburbs,9.93
8.29,23.45580000927514,morning,high,clear,normal,suburbs,19.84
4.77,12.38570185484685,afternoon,high,rainy,high,city_center,16.51
10.5,16.51714123569831,evening,medium,clear,normal,city_center,15.11
24.5,43.05707454411608,afternoon,low,rainy,normal,suburbs,37.54
5.35,13.376511774238883,afternoon,low,clear,low,suburbs,9.13
8.65,16.156381961945122,night,low,clear,high,suburbs,20.16
18.4,25.74713633588104,night,low,rainy,high,suburbs,36.12
13.22,17.459473141304205,morning,high,clear,high,city_center,34.12
2.05,5.0,night,low,clear,high,city_center,6.72
4.88,10.754991375917518,afternoon,high,clear,high,airport,17.55
23.45,39.12571347900834,evening,high,clear,high,city_center,61.21
3.48,5.0,afternoon,high,clear,high,suburbs,8.42
16.24,41.24079775492224,night,medium,clear,normal,suburbs,31.63
20.02,47.2015916598839,evening,low,clear,high,suburbs,48.46
7.37,9.63168269184404,afternoon,high,stormy,normal,city_center,18.13
18.4,39.32917730239299,afternoon,medium,rainy,low,airport,30.49
5.08,22.207965323192543,morning,low,rainy,normal,airport,19.2
7.83,30.61251720153256,afternoon,high,clear,normal,suburbs,20.94
8.48,26.670632832614974,afternoon,medium,clear,normal,city_center,17.15
24.91,75.0463164052712,afternoon,medium,clear,low,city_center,42.46
6.15,17.880317868375343,evening,low,clear,low,suburbs,11.44
4.1,16.604140008471166,evening,low,rainy,normal,city_center,14.65
23.22,56.79700922185018,morning,medium,clear,low,airport,46.49
4.89,11.015289201215499,afternoon,low,clear,high,city_center,13.6
22.1,45.28717527687228,morning,medium,clear,normal,suburbs,37.46
16.61,39.89934853908022,afternoon,low,clear,high,airport,38.76
14.84,34.71610651570489,afternoon,medium,stormy,normal,suburbs,27.4
19.03,38.728587427921745,morning,medium,clear,normal,suburbs,38.51
18.42,39.2560257318841,morning,medium,clear,high,city_center,42.66
3.65,6.769223474946441,afternoon,high,rainy,high,city_center,10.08
24.99,50.05202027385124,afternoon,medium,clear,normal,suburbs,38.73
23.61,64.21606113429759,night,low,clear,normal,suburbs,39.54
22.52,42.18072414705116,night,medium,stormy,high,airport,57.18
15.93,36.414955889070974,afternoon,medium,stormy,normal,suburbs,29.09
13.55,22.896668625231733,evening,medium,clear,high,city_center,27.64
13.87,20.163088205697125,evening,medium,clear,high,city_center,31.55
1.36,5.0,afternoon,medium,clear,normal,city_center,5.0
12.99,26.080070826065405,night,medium,clear,low,city_center,26.72
15.97,36.163705765059134,afternoon,high,clear,high,airport,43.6
16.81,37.13217955049459,afternoon,low,clear,normal,city_center,27.1
8.97,19.660188967814086,night,medium,clear,normal,airport,19.33
12.31,19.977175032120673,afternoon,high,clear,low,city_center,20.81
16.27,25.314461915269504,afternoon,high,stormy,low,suburbs,28.77
11.28,24.493062903856195,night,low,rainy,normal,city_center,17.24
24.09,63.50573712125115,afternoon,low,clear,normal,suburbs,41.04
17.93,29.45120544251577,night,low,clear,normal,city_center,28.65
1.03,5.0,morning,low,clear,normal,city_center,5.0
1.56,10.075143385453948,evening,medium,clear,high,city_center,12.3
17.57,32.72220924580408,morning,medium,clear,low,suburbs,24.88
10.9,26.573157065244313,afternoon,medium,clear,normal,suburbs,18.28
21.15,35.059492799329725,morning,high,clear,normal,suburbs,39.17
5.15,15.028115977578432,evening,low,clear,normal,airport,13.88
1.33,5.0,evening,medium,clear,normal,city_center,5.0
10.31,15.256634410845837,afternoon,medium,clear,high,suburbs,25.64
18.67,31.802726631918922,night,high,clear,high,city_center,40.35
24.32,43.8304585900814,night,medium,clear,normal,suburbs,40.3
22.21,41.59809401006957,evening,low,clear,high,city_center,49.25
12.62,14.253747747807786,evening,high,clear,normal,suburbs,26.49
20.51,34.24861136097617,morning,low,rainy,high,city_center,49.36
2.69,5.0,afternoon,medium,clear,low,airport,7.11
14.73,30.43797813680542,morning,medium,clear,low,city_center,24.6
23.18,54.0373566049641,afternoon,medium,clear,normal,city_center,42.27
10.51,19.13938062420543,morning,high,clear,high,suburbs,28.88
24.04,53.63105340660109,afternoon,medium,clear,normal,airport,41.66
6.3,5.0,evening,medium,clear,normal,suburbs,8.27
3.54,5.0,morning,medium,clear,high,city_center,16.84
13.59,22.975919406432393,morning,high,rainy,normal,suburbs,28.47
22.77,38.21617180803655,evening,medium,clear,normal,city_center,39.67
8.47,19.408925333967062,morning,low,rainy,low,airport,22.53
20.2,48.39744911023916,afternoon,high,clear,high,city_center,49.21
5.06,14.028721211055714,evening,medium,clear,low,city_center,16.47
18.89,34.20325417985799,afternoon,high,clear,high,city_center,38.73
14.37,36.5334035663901,morning,high,clear,normal,city_center,38.63
5.2,5.0,evening,high,clear,normal,city_center,13.35
18.23,26.89364932588017,evening,medium,clear,normal,airport,36.76
18.13,27.310141237153438,evening,high,clear,normal,city_center,34.13
13.37,23.80058110825155,afternoon,high,clear,normal,suburbs,22.05
6.41,10.623209464065317,evening,medium,clear,high,city_center,21.72
4.18,7.888716372063076,afternoon,low,clear,high,city_center,18.44
23.97,35.12435460604474,afternoon,medium,clear,low,city_center,31.94
16.74,25.703672196549924,evening,low,rainy,low,suburbs,28.34
20.42,25.90583926678005,morning,low,rainy,high,city_center,43.17
17.73,28.360963177818824,evening,low,clear,high,suburbs,35.33
20.91,38.01988129966607,night,low,clear,normal,airport,41.23
4.9,16.68033279444917,afternoon,medium,clear,normal,airport,15.84
12.93,30.843240140047957,morning,high,clear,normal,airport,36.5
17.01,40.40986167452168,evening,low,rainy,high,city_center,45.44
3.48,5.0,night,medium,clear,normal,city_center,9.68
4.6,19.542644395528626,morning,high,rainy,normal,suburbs,15.66
16.22,35.629055145542665,evening,medium,clear,normal,suburbs,31.61
21.85,32.612701623059024,morning,low,clear,normal,city_center,32.8
16.85,56.70590120597285,evening,medium,clear,normal,suburbs,43.68
1.87,5.0,afternoon,medium,rainy,high,city_center,9.48
24.29,56.44569522225656,evening,low,clear,normal,city_center,45.49
4.35,5.0,evening,medium,clear,high,airport,17.47
6.58,5.0,afternoon,high,clear,high,suburbs,15.4
24.4,40.92261613128217,night,medium,clear,normal,suburbs,35.69
19.5,41.4351533013888,night,high,clear,normal,airport,39.85
23.48,35.63410959719561,afternoon,medium,rainy,normal,city_center,35.01
20.36,41.8565092831417,afternoon,low,stormy,low,suburbs,34.08
16.64,35.74450134838392,evening,high,clear,high,suburbs,46.05
7.83,17.348508175603985,afternoon,high,clear,normal,suburbs,13.27
8.85,23.880205642182755,afternoon,low,clear,high,city_center,23.02
23.73,57.5098987273055,morning,low,clear,high,city_center,62.86
21.66,48.949895532800504,morning,medium,stormy,normal,city_center,48.56
9.63,9.61017215805198,evening,high,rainy,low,airport,17.24
9.96,18.830754416832747,afternoon,high,clear,high,suburbs,22.19
8.14,10.704899042926403,morning,medium,stormy,normal,city_center,16.42
8.83,15.604716656898875,night,high,clear,high,city_center,24.0
21.66,38.96752788252625,afternoon,low,clear,normal,suburbs,32.31
1.25,5.0,morning,medium,clear,low,airport,11.82
11.47,21.26964187295889,afternoon,high,clear,high,city_center,28.57
23.63,57.85833785597717,evening,low,clear,high,suburbs,54.87
14.02,20.58117916619627,night,low,rainy,high,airport,28.55
11.81,10.114914185936527,afternoon,medium,rainy,high,suburbs,21.28
8.5,21.103951803371483,evening,high,clear,normal,suburbs,16.58
2.77,5.0,afternoon,high,clear,normal,suburbs,11.12
6.39,17.720657681919732,evening,medium,rainy,normal,suburbs,18.51
3.17,9.88792067758483,afternoon,medium,clear,normal,city_center,12.94
4.04,6.2819910457935855,morning,medium,stormy,high,airport,17.23
4.92,6.779222739906894,evening,low,clear,normal,city_center,10.79
8.25,16.760973764863746,afternoon,medium,clear,normal,city_center,12.72
1.26,6.13439040607782,afternoon,medium,clear,normal,suburbs,7.15
23.8,45.59425111104496,evening,low,rainy,normal,suburbs,37.9
3.97,15.558221414416126,afternoon,high,clear,high,city_center,16.22
10.2,13.946482225309254,evening,medium,clear,normal,city_center,16.39
22.11,65.86025229391166,morning,high,clear,high,suburbs,74.39
3.56,5.0,morning,medium,clear,low,suburbs,7.85
12.61,25.56106550118274,evening,medium,clear,normal,suburbs,24.48
21.27,45.569978613512006,afternoon,medium,clear,high,suburbs,43.77
14.37,26.68703094163321,morning,high,rainy,low,airport,34.79
6.05,19.78882906212574,morning,medium,rainy,normal,suburbs,19.97
18.65,28.52566541429575,evening,medium,clear,low,city_center,33.05
17.35,48.19161912319138,night,high,clear,normal,airport,49.66
9.69,17.404719354289828,evening,high,clear,low,city_center,17.52
2.11,5.0,evening,high,clear,normal,suburbs,5.62
1.19,5.480069478978857,evening,medium,rainy,normal,city_center,9.23
20.81,50.0492596482082,evening,low,clear,high,suburbs,50.35
8.72,10.304533508108202,afternoon,low,rainy,high,city_center,18.73
4.31,16.56080391196648,morning,medium,clear,normal,suburbs,8.81
13.45,41.18276418829284,evening,low,clear,high,suburbs,39.56
23.1,41.65763523009431,night,high,rainy,high,suburbs,55.48
1.2,5.0,night,high,clear,normal,suburbs,6.66
2.35,5.0,morning,medium,clear,normal,suburbs,6.01
11.01,20.682250765254643,night,low,clear,high,suburbs,20.47
17.22,19.27409216982288,morning,low,clear,normal,airport,34.03
12.43,24.79430931177552,afternoon,medium,clear,low,city_center,21.32
22.54,37.08649941358381,night,medium,clear,normal,suburbs,34.3
2.06,5.0,afternoon,high,rainy,normal,city_center,5.48
9.16,15.66893649892069,evening,high,rainy,normal,airport,27.18
9.43,18.99909983977342,morning,low,rainy,normal,city_center,21.07
9.16,16.04905001453046,night,high,clear,low,suburbs,13.75
12.7,18.498550912209588,morning,high,clear,normal,airport,30.58
19.97,36.7958882440454,evening,high,clear,high,city_center,53.27
8.63,17.97484358504979,morning,medium,rainy,high,city_center,26.11
18.87,35.19323615092044,morning,medium,stormy,high,suburbs,51.23
4.52,14.163711185320086,afternoon,medium,clear,normal,airport,13.69
14.46,41.10600661833797,morning,medium,clear,normal,airport,37.41
10.0,14.079650525761487,morning,low,clear,normal,city_center,21.49
13.94,28.055146162401265,morning,medium,clear,normal,airport,32.76
3.59,10.893957373126138,night,high,rainy,high,suburbs,14.03
23.88,48.71983407862454,morning,low,rainy,low,suburbs,38.96
22.75,47.11547814631963,evening,low,clear,high,city_center,56.68
20.83,45.96874087450944,evening,low,clear,normal,city_center,42.54
22.43,34.121941474095,evening,medium,rainy,high,city_center,48.58
4.52,15.722045955816316,afternoon,medium,clear,low,suburbs,11.03
13.09,19.488219638558636,morning,low,clear,normal,city_center,21.92
8.63,22.055340328828198,morning,medium,clear,normal,suburbs,15.63
22.3,75.58811494351626,morning,low,clear,low,suburbs,46.08
5.55,19.760957523606265,afternoon,medium,clear,normal,suburbs,14.38
6.28,22.187949599776584,evening,high,clear,normal,city_center,18.9
17.48,29.001211580687166,evening,low,stormy,high,city_center,43.3
3.13,5.0,evening,high,clear,normal,suburbs,11.22
18.58,62.23703678195412,evening,medium,rainy,high,suburbs,57.56
7.44,12.75318359472952,morning,medium,clear,high,city_center,18.49
16.86,42.533983683273696,evening,medium,stormy,normal,city_center,37.9
21.95,31.08631472627902,morning,high,clear,normal,city_center,42.78
15.63,34.08157501378847,night,high,clear,normal,suburbs,27.53
6.1,10.154339570490096,afternoon,medium,rainy,normal,airport,12.32
2.18,5.0,evening,low,clear,high,city_center,8.75
2.07,5.0,evening,medium,clear,low,city_center,5.54
3.13,10.672916156091876,evening,high,clear,high,city_center,11.91
14.92,19.56984489270046,afternoon,medium,clear,high,suburbs,24.28
9.36,31.05907291033285,night,high,clear,high,city_center,28.13
6.83,14.203568933349453,afternoon,low,clear,high,city_center,17.12
6.26,5.662113374271495,evening,medium,clear,low,airport,11.18
23.77,61.02313695818273,afternoon,medium,clear,normal,suburbs,38.17
3.85,5.0,morning,low,clear,normal,airport,12.17
8.32,15.399395030293471,afternoon,medium,clear,normal,suburbs,13.36
12.32,20.66482247409459,morning,low,clear,normal,city_center,22.5
1.01,5.0,afternoon,low,clear,high,suburbs,10.43
23.1,41.648404755581446,morning,medium,rainy,normal,city_center,41.68
3.38,16.11670748163378,evening,low,clear,low,city_center,5.0
17.38,30.446187783266137,evening,medium,clear,high,suburbs,41.46
16.09,31.023587893098572,morning,high,clear,normal,airport,35.13
20.42,36.772025504632346,evening,high,clear,high,suburbs,54.45
16.63,25.733261122802425,night,low,rainy,normal,city_center,24.54
19.47,49.51516316117846,morning,medium,clear,high,city_center,52.46
11.11,16.37603396521718,afternoon,high,clear,high,suburbs,23.71
12.73,20.50432682255662,night,high,clear,normal,suburbs,21.88
17.84,26.60343757854301,morning,high,rainy,normal,city_center,32.14
14.64,16.568793007646875,night,medium,rainy,high,suburbs,26.66
13.28,31.516107184146826,night,medium,clear,normal,suburbs,21.41
5.93,9.896914306729613,afternoon,medium,rainy,normal,airport,16.5
7.19,8.528441244155502,afternoon,high,clear,normal,city_center,18.95
9.6,22.843073315259264,night,low,clear,low,city_center,16.9
1.22,5.0,morning,low,clear,low,suburbs,8.85
11.02,16.1130219478581,afternoon,low,clear,normal,suburbs,11.13
1.07,7.772645767173802,morning,medium,stormy,normal,suburbs,7.64
14.56,39.72670087289599,evening,low,clear,low,city_center,26.92
17.9,31.305415586424974,evening,low,clear,high,suburbs,36.56
14.49,27.50219017985523,night,low,clear,low,city_center,16.98
17.64,28.105253762165148,morning,high,clear,high,city_center,46.59
1.0,5.0,afternoon,medium,clear,low,airport,11.13
2.43,6.851948221820523,evening,medium,clear,normal,city_center,8.92
17.76,40.21902850597074,afternoon,low,clear,normal,city_center,25.78
20.27,35.712029563586356,night,medium,stormy,normal,suburbs,34.23
18.22,33.098549919813856,morning,medium,clear,normal,suburbs,30.79
16.91,52.62191534515615,morning,low,clear,normal,airport,43.82
17.98,28.62927259503548,afternoon,medium,clear,high,city_center,32.36
18.75,31.706464002922882,evening,high,rainy,normal,suburbs,40.03
18.39,32.64202743116885,evening,high,clear,normal,suburbs,39.72
18.71,55.782638242071904,night,low,rainy,normal,suburbs,36.88
2.78,5.0,evening,medium,clear,normal,airport,12.5
2.52,5.0,night,high,clear,normal,airport,11.37
9.67,25.861463049954,afternoon,medium,clear,high,airport,25.5
13.66,52.0049324094318,night,medium,rainy,normal,airport,38.12
19.3,37.236535453787354,night,high,rainy,normal,suburbs,35.56
9.03,21.496818524579677,afternoon,medium,clear,high,suburbs,23.67
7.6,18.792292219203393,morning,medium,clear,high,suburbs,23.77
19.75,43.89795176649963,night,medium,clear,normal,city_center,35.69
6.98,16.824426869513545,afternoon,low,clear,normal,airport,16.43
20.7,34.58559730419916,evening,medium,clear,low,suburbs,32.82
5.25,7.222906425521171,afternoon,low,clear,high,suburbs,9.06
9.63,24.112339671192665,afternoon,low,clear,high,suburbs,15.4
10.63,16.552252920475603,afternoon,low,rainy,normal,suburbs,13.71
8.19,20.19178159881605,afternoon,high,rainy,low,city_center,16.9
1.08,5.0,evening,high,clear,low,airport,7.49
6.65,21.609385476511633,evening,low,clear,high,city_center,25.29
9.1,16.92132337518021,evening,medium,rainy,normal,suburbs,14.31
8.53,16.840548031742603,afternoon,medium,rainy,normal,suburbs,16.11
19.85,46.00707222804028,afternoon,medium,clear,high,city_center,44.75
2.14,15.783404891640657,afternoon,low,clear,normal,airport,10.53
10.33,15.061673381826079,morning,high,clear,high,city_center,27.91
1.9,5.0,evening,medium,clear,high,airport,10.02
23.34,47.69325137467513,evening,high,clear,normal,suburbs,48.37
19.97,39.58962039595069,morning,high,clear,normal,airport,46.21
24.57,46.31377567015065,evening,high,clear,normal,city_center,45.87
22.84,40.7015616083425,afternoon,low,rainy,normal,airport,34.29
8.58,19.113239376627167,night,medium,clear,normal,airport,24.68
17.6,31.660213571120913,afternoon,medium,rainy,normal,airport,34.08
8.36,22.42131165967092,night,medium,clear,high,suburbs,20.46
22.32,50.47533947067992,evening,high,rainy,high,airport,69.98
10.86,25.362107997786005,night,medium,clear,high,city_center,26.48
10.02,25.899456161993136,evening,high,clear,low,suburbs,24.38
22.94,47.121991965494736,evening,medium,clear,normal,suburbs,40.46
21.08,35.34270736392517,afternoon,medium,rainy,high,city_center,40.0
24.19,40.89838222846907,afternoon,low,clear,high,suburbs,42.39
2.6,5.967853776423587,morning,medium,rainy,normal,city_center,6.8
6.84,21.057005199468428,night,medium,clear,normal,city_center,16.11
8.22,25.37448858020465,evening,low,rainy,normal,city_center,24.37
11.18,34.83155876685184,evening,medium,clear,high,city_center,31.45
12.36,21.599800961043243,morning,medium,clear,high,airport,30.93
8.0,11.543514058845657,afternoon,low,stormy,low,city_center,15.26
19.97,37.48732255382741,morning,medium,clear,normal,suburbs,32.96
6.36,18.886358628115914,morning,medium,clear,normal,city_center,19.51
17.72,40.78177820469376,afternoon,low,clear,high,suburbs,39.29
21.44,47.91556256925456,morning,low,rainy,low,suburbs,38.08
15.49,42.195778620730685,evening,medium,clear,normal,suburbs,35.59
9.5,23.50504989730814,afternoon,medium,rainy,low,suburbs,18.7
5.51,7.673766000600079,afternoon,high,stormy,normal,city_center,11.86
4.22,12.238073551324478,evening,medium,clear,normal,suburbs,16.84
18.86,28.072234192484185,evening,medium,stormy,low,city_center,29.97
12.26,30.901058870665864,afternoon,medium,clear,low,suburbs,19.81
2.11,5.0,night,medium,clear,normal,city_center,6.44
24.61,41.634603756047454,afternoon,low,rainy,normal,suburbs,39.79
17.11,33.42520793685559,evening,low,clear,high,city_center,41.47
21.26,43.66873714313785,evening,medium,rainy,normal,city_center,43.96
11.52,16.34881329393807,morning,medium,clear,low,suburbs,19.04
23.93,46.04478231028646,afternoon,low,clear,normal,city_center,34.51
5.79,11.07805951941068,morning,medium,rainy,high,suburbs,14.45
5.44,15.308689173771217,afternoon,high,clear,low,airport,21.56
22.37,37.96100151980872,afternoon,low,clear,low,city_center,33.34
22.4,68.21155506553934,evening,high,clear,high,suburbs,72.08
12.98,20.162769840644962,morning,medium,rainy,low,suburbs,19.17
4.02,8.200074202273283,morning,high,rainy,normal,airport,16.75
8.33,15.293037826847339,morning,low,clear,normal,airport,23.52
19.1,41.998850175976216,evening,high,clear,low,airport,43.17
21.3,35.79231336483454,morning,medium,rainy,high,airport,52.85
9.34,15.461121460666071,evening,medium,clear,normal,suburbs,17.06
2.47,5.0,morning,medium,clear,normal,suburbs,6.82
16.98,36.99552978210831,morning,medium,clear,normal,suburbs,36.26
18.75,40.98786254299627,evening,medium,clear,normal,city_center,34.46
11.18,15.596821856512683,evening,medium,rainy,high,suburbs,26.08
14.99,33.97673559498604,evening,medium,clear,normal,suburbs,31.15
24.7,42.27964220530942,night,high,clear,normal,city_center,42.32
6.88,15.92155492935516,night,high,rainy,normal,city_center,16.42
14.75,16.809728706939637,evening,medium,clear,low,city_center,24.15
15.66,21.740556409111655,morning,high,rainy,normal,city_center,32.85
14.18,25.033055890726715,morning,high,clear,normal,city_center,31.93
21.86,36.405723547484676,night,low,clear,normal,airport,40.1
15.52,18.91059766374414,evening,high,clear,low,city_center,26.19
13.19,26.302135331409204,afternoon,high,rainy,high,city_center,39.55
3.95,5.468411795306766,afternoon,medium,rainy,high,airport,18.66
17.88,23.461454984350432,evening,medium,clear,high,suburbs,36.4
4.17,5.0,evening,medium,rainy,normal,city_center,11.81
1.64,5.0,morning,medium,clear,high,suburbs,8.27
12.72,14.800446974921357,morning,medium,clear,normal,airport,21.16
14.74,39.38682685136689,afternoon,high,rainy,normal,airport,41.21
24.98,53.98720133739453,night,medium,clear,normal,city_center,41.18
18.1,46.55100069653632,afternoon,low,rainy,normal,suburbs,34.17
21.37,34.256654237439164,night,high,rainy,low,suburbs,34.84
9.31,23.34560555932622,evening,medium,clear,low,suburbs,14.9
13.21,30.329504996659125,night,medium,clear,normal,city_center,28.09
24.38,58.875365770619375,night,low,clear,high,airport,60.12
11.02,26.122623679726683,afternoon,medium,rainy,low,airport,21.72
20.37,43.934696073009995,evening,high,stormy,normal,suburbs,46.87
13.62,30.186421752221808,evening,low,clear,high,city_center,34.6
6.38,13.808622588830481,morning,medium,clear,normal,airport,19.19
14.93,25.808584305721716,morning,low,rainy,low,suburbs,25.35
6.23,15.804000356530784,evening,medium,clear,normal,city_center,10.08
1.07,7.17316815406963,night,medium,clear,high,suburbs,10.52
6.66,19.96793644530835,afternoon,high,rainy,high,suburbs,21.3
5.64,20.569948432700148,afternoon,medium,clear,high,suburbs,18.8
9.9,16.94667498181786,night,high,clear,high,suburbs,24.27
22.33,42.50027169249734,afternoon,high,clear,high,city_center,54.39
10.31,17.754614628874922,night,high,clear,normal,suburbs,16.31
21.28,56.65824476758466,morning,medium,stormy,high,suburbs,61.77
14.33,29.572133106527524,afternoon,low,clear,high,suburbs,30.44
1.18,5.0,morning,medium,clear,high,suburbs,10.21
5.53,5.7906521340829435,morning,high,clear,high,city_center,17.19
23.35,46.976219719863266,afternoon,medium,rainy,low,airport,37.07
15.5,34.74386926140127,evening,high,rainy,normal,city_center,40.62
23.31,51.599224113367875,morning,low,rainy,high,suburbs,56.9
8.44,15.678266612848345,night,high,clear,normal,suburbs,16.12
18.2,34.64189942620135,afternoon,high,rainy,low,airport,36.7
19.53,48.10013768756443,afternoon,medium,rainy,low,airport,36.77
24.42,43.53147007888937,evening,high,clear,normal,suburbs,45.35
1.44,5.0,morning,low,rainy,normal,suburbs,6.6
23.85,43.15694639097415,evening,medium,clear,normal,suburbs,38.8
10.4,19.754859494586512,morning,low,clear,high,city_center,27.75
21.11,43.550011934134936,evening,medium,clear,high,city_center,51.54
14.07,42.90670386871485,afternoon,low,rainy,normal,city_center,28.87
14.55,20.532516891248182,morning,low,clear,high,city_center,33.22
9.63,24.72814629927982,evening,low,clear,normal,suburbs,16.96
20.88,23.984819629852844,morning,high,clear,normal,suburbs,35.2
7.34,17.576375053611127,night,medium,rainy,high,suburbs,21.96
12.81,24.42850524330497,afternoon,medium,clear,high,airport,30.99
14.44,36.30226082323696,afternoon,medium,clear,normal,suburbs,16.31
18.82,44.551307562987496,afternoon,medium,rainy,normal,suburbs,33.96
12.32,32.202494217875895,afternoon,high,clear,high,city_center,36.82
17.33,31.12068905440453,evening,high,rainy,high,airport,53.72
12.65,16.051367275781537,afternoon,medium,clear,normal,city_center,20.53
16.82,30.721671998236822,evening,low,rainy,normal,suburbs,28.77
17.18,41.870800545347386,morning,low,stormy,high,city_center,48.17
18.03,35.19638525339017,night,high,clear,high,suburbs,45.58
20.76,33.557170054339615,afternoon,high,clear,low,suburbs,31.03
13.98,23.103112232254368,afternoon,medium,clear,high,suburbs,26.6
5.64,6.634971011381841,afternoon,high,clear,normal,city_center,10.62
17.31,36.24201749153518,morning,high,rainy,normal,airport,44.01
2.85,6.705280284607453,afternoon,high,clear,normal,city_center,9.69
6.25,5.0,evening,high,clear,normal,city_center,11.7
20.01,33.810629224775965,afternoon,high,clear,high,city_center,45.45
11.44,31.007916923337486,afternoon,medium,rainy,normal,suburbs,18.77
12.95,23.551651357820347,evening,medium,clear,normal,suburbs,24.93
24.7,36.06324169194495,afternoon,low,clear,normal,city_center,34.77
6.64,14.099776351850295,morning,high,clear,normal,suburbs,16.37
1.47,5.0,evening,medium,clear,normal,airport,9.89
3.67,5.0,morning,low,clear,high,suburbs,13.38
6.87,16.400811405367214,evening,high,clear,normal,city_center,17.36
18.42,33.70776803933761,evening,medium,clear,high,suburbs,38.4
19.62,38.459992280166794,morning,medium,rainy,normal,city_center,37.45
14.57,25.181709238982283,evening,high,clear,normal,city_center,27.68
7.12,12.68517418770214,morning,medium,clear,normal,suburbs,6.44
13.52,14.426850367840714,evening,low,clear,normal,city_center,25.77
1.36,5.0,afternoon,low,stormy,high,suburbs,5.3
17.36,37.69811548983702,morning,medium,clear,normal,airport,40.61
15.74,41.03277052171057,morning,low,clear,normal,city_center,33.33
1.52,5.0,afternoon,low,clear,normal,city_center,9.14
20.61,46.30272011374199,afternoon,medium,rainy,normal,city_center,34.96
19.32,31.716525537829604,afternoon,low,clear,normal,suburbs,32.2
8.4,8.728880340145492,evening,high,clear,high,city_center,19.21
16.25,42.7996610351428,morning,medium,clear,low,suburbs,30.7
15.44,27.954497103002907,afternoon,medium,rainy,high,suburbs,31.49
4.44,9.787972245060223,morning,high,stormy,high,city_center,21.87
5.64,5.0,evening,medium,clear,high,city_center,15.39
17.4,46.98486119260594,evening,medium,clear,low,city_center,29.19
23.41,46.87380356820618,evening,low,clear,high,suburbs,51.36
14.83,37.75714356809274,evening,high,clear,low,city_center,36.14
14.63,31.545399961600324,evening,low,rainy,normal,suburbs,26.07
16.52,27.377580226042113,morning,medium,stormy,normal,city_center,33.17
11.57,33.89006016681007,evening,medium,clear,high,city_center,35.04
2.3,5.0,morning,medium,rainy,high,airport,12.73
10.52,23.11257196143258,evening,high,rainy,normal,airport,33.22
22.61,48.616654941521276,evening,low,rainy,high,city_center,54.31
20.32,40.65194214607369,morning,low,clear,low,suburbs,31.65
23.26,30.75593012354638,afternoon,medium,rainy,normal,suburbs,34.87
4.67,10.27110451351232,morning,low,clear,low,suburbs,9.87
13.14,20.720028818611198,evening,high,rainy,low,airport,31.56
15.03,16.55657258804105,afternoon,medium,clear,high,suburbs,24.98
6.04,17.764888581625783,afternoon,low,rainy,normal,suburbs,11.58
5.82,15.295985690138613,afternoon,low,clear,low,suburbs,10.51
19.77,35.905854647944906,evening,medium,clear,normal,city_center,35.74
17.12,34.38075760248582,evening,high,clear,high,airport,51.85
16.53,45.87264136380924,evening,medium,clear,normal,city_center,36.62
7.41,9.406852752547504,night,low,clear,high,suburbs,15.5
13.16,34.97943284614429,afternoon,medium,rainy,low,city_center,24.78
1.55,5.0,morning,medium,clear,normal,city_center,8.65
4.12,22.767330789220747,evening,high,clear,normal,suburbs,15.88
13.44,28.36707094887384,morning,medium,clear,normal,suburbs,27.45
8.43,6.019613100800083,evening,medium,rainy,high,suburbs,16.51
24.18,68.26235395435275,night,medium,clear,high,city_center,67.07
12.32,25.971324960824678,afternoon,high,rainy,low,airport,30.32
3.01,8.635391444845633,morning,medium,rainy,normal,city_center,14.87
1.43,5.0,night,medium,clear,high,city_center,8.1
18.41,35.41341213238594,afternoon,low,clear,normal,city_center,26.65
5.12,5.0,morning,low,rainy,normal,city_center,5.0
5.51,20.565179148439746,afternoon,low,rainy,normal,airport,15.61
11.17,15.12873288378439,morning,high,stormy,low,airport,27.35
7.34,19.256938625096744,morning,high,stormy,high,suburbs,31.76
15.8,32.06316367020706,morning,high,clear,high,suburbs,42.07
12.66,27.579529113495937,afternoon,medium,clear,normal,city_center,21.86
3.67,5.518668007003554,afternoon,medium,rainy,normal,city_center,10.5
19.83,60.654358469518186,evening,low,clear,high,city_center,50.35
11.22,18.954168493488158,afternoon,low,clear,normal,city_center,20.09
15.66,26.197275938503108,night,low,clear,normal,airport,31.44
1.09,6.295690725279046,night,medium,clear,low,airport,13.93
16.03,37.85737736350941,morning,medium,clear,normal,suburbs,32.14
7.79,11.718699142687374,morning,low,rainy,high,city_center,20.02
12.86,30.925554180198105,evening,medium,clear,normal,airport,32.21
8.15,19.355752688515867,morning,high,clear,high,suburbs,27.95
24.91,57.484499092006025,afternoon,medium,clear,low,city_center,41.1
6.54,23.504390508089543,morning,medium,clear,high,suburbs,22.63
22.91,32.75305627763206,afternoon,medium,clear,high,city_center,41.39
23.03,55.984001064104056,afternoon,low,clear,low,city_center,32.91
11.1,17.187628741448183,evening,low,rainy,high,city_center,27.7
8.3,14.998990396212491,evening,medium,clear,high,suburbs,21.68
10.14,16.40142986840457,afternoon,medium,clear,normal,suburbs,14.12
24.74,45.583303537155686,afternoon,high,rainy,high,suburbs,57.92
15.85,34.00233952673666,afternoon,medium,rainy,normal,airport,38.38
14.07,16.998010972590645,morning,medium,rainy,low,suburbs,24.5
1.86,10.717582806508794,evening,medium,clear,normal,suburbs,13.17
21.35,45.023905517181014,afternoon,low,clear,high,city_center,45.9
3.01,5.3778401754282905,evening,medium,clear,normal,airport,16.15
2.13,5.0,morning,high,clear,high,airport,12.69
7.6,19.403694469133463,morning,high,clear,high,suburbs,27.81
12.42,22.274898925612934,evening,low,clear,normal,airport,27.59
22.49,48.02666833992728,evening,high,rainy,high,city_center,69.04
19.96,40.83497285709391,afternoon,medium,clear,normal,city_center,33.5
5.74,15.30627229770845,night,low,rainy,high,city_center,14.79
9.93,24.387226985364475,evening,high,clear,normal,suburbs,22.51
19.73,39.18875135967195,afternoon,high,clear,low,city_center,37.37
13.65,23.390434227419387,evening,medium,stormy,low,airport,27.64
5.19,11.315608345482847,evening,medium,clear,normal,airport,17.39
10.51,26.51604587577507,afternoon,medium,clear,high,city_center,26.0
16.02,26.547848111837283,morning,high,clear,normal,city_center,35.73
24.36,50.56397971165951,evening,low,rainy,high,suburbs,53.89
16.88,60.70535231482408,afternoon,low,clear,high,airport,47.34
1.39,10.422952119780966,evening,medium,rainy,high,airport,11.54
17.92,32.847408230926284,afternoon,low,clear,low,city_center,23.64
7.02,16.991733271501392,morning,high,stormy,low,city_center,21.69
21.69,42.555446314225065,morning,low,clear,high,city_center,45.18
10.21,23.489694601264524,morning,high,clear,normal,city_center,22.88
5.79,8.587141780341465,evening,low,rainy,low,suburbs,8.01
12.23,36.18281284325746,morning,high,rainy,normal,suburbs,32.04
7.12,22.896533640528315,evening,low,clear,low,suburbs,13.85
6.66,11.507802569594977,evening,low,clear,high,city_center,17.93
14.76,30.16164443593644,afternoon,low,clear,high,city_center,33.1
19.42,33.25322501034218,afternoon,medium,stormy,high,suburbs,38.64
21.04,34.49980391207406,night,low,rainy,low,airport,34.96
10.54,28.404118355916367,morning,medium,rainy,high,suburbs,30.65
2.6,6.076070352979203,afternoon,high,rainy,low,airport,12.41
12.62,20.36020925805947,afternoon,medium,clear,normal,city_center,19.66
11.41,22.79523612813532,night,low,clear,low,city_center,21.27
5.73,15.335534511958954,night,medium,stormy,high,airport,22.76
22.51,63.53221044324434,evening,low,clear,normal,airport,53.46
24.38,38.86862724077944,afternoon,high,stormy,high,suburbs,63.34
2.24,5.0,night,medium,clear,low,airport,9.65
20.1,42.6920558216128,afternoon,high,clear,normal,airport,43.21
16.5,33.55292965163541,evening,low,clear,high,suburbs,38.33
7.27,5.0,night,medium,clear,normal,city_center,12.4
16.24,30.71362204912159,morning,high,clear,normal,city_center,29.76
4.09,9.257966179225134,night,medium,rainy,normal,suburbs,5.0
2.67,11.751283308388883,afternoon,low,clear,low,city_center,8.74
24.84,46.583188563175675,night,low,clear,high,city_center,53.01
16.27,22.690774400759793,afternoon,medium,clear,low,suburbs,21.66
7.08,6.315124930830663,morning,medium,clear,normal,city_center,14.5
11.8,20.386278610716232,evening,low,clear,normal,city_center,22.42
23.8,62.14847584652483,morning,high,clear,low,airport,54.47
11.53,22.23051016457977,morning,low,clear,high,suburbs,29.28
22.61,41.603412247017324,morning,high,clear,low,suburbs,39.36
21.85,61.41444662452226,evening,high,clear,normal,airport,59.53
9.26,22.25536238969225,night,medium,rainy,normal,suburbs,18.04
17.7,36.77348667169524,evening,medium,clear,low,suburbs,29.46
16.85,37.549214179057856,afternoon,low,rainy,normal,city_center,32.94
19.51,43.386527830425656,afternoon,medium,clear,high,airport,47.23
9.78,15.205608948573603,morning,high,rainy,high,suburbs,28.3
2.25,15.101919405406802,morning,high,clear,low,suburbs,12.7
5.1,11.16393237460976,evening,low,clear,high,city_center,9.46
15.8,32.45472830471234,morning,high,clear,normal,city_center,36.14
19.6,27.219175143598598,morning,medium,clear,normal,suburbs,31.51
19.15,36.07879898253047,morning,medium,clear,normal,suburbs,30.33
15.01,36.70153027319172,night,high,rainy,normal,suburbs,32.13
3.03,5.492112150276066,afternoon,low,clear,normal,city_center,8.41
1.41,7.466693411551646,evening,low,clear,high,airport,10.57
19.77,39.353879185799116,morning,medium,clear,low,suburbs,32.83
14.19,31.334593930027925,afternoon,medium,clear,normal,suburbs,21.93
19.79,30.76708191952242,evening,medium,rainy,high,suburbs,42.75
4.91,5.0,morning,medium,clear,normal,city_center,8.99
10.78,24.95290611784695,afternoon,high,clear,normal,city_center,25.19
23.06,45.96791507602608,afternoon,low,clear,normal,suburbs,37.7
5.12,11.1558811666935,night,high,clear,high,suburbs,16.93
2.48,5.0,evening,low,clear,normal,suburbs,5.0
16.68,24.120325145950968,night,high,rainy,low,suburbs,28.16
15.27,31.467001810296992,afternoon,high,clear,high,suburbs,38.83
23.85,59.53522222436676,evening,high,rainy,low,suburbs,50.53
22.76,54.562209765762255,afternoon,high,clear,low,suburbs,37.15
18.99,57.45983885895216,afternoon,low,clear,normal,airport,43.84
1.46,5.648573196596412,afternoon,medium,clear,low,city_center,5.34
12.53,24.39061600003424,morning,medium,clear,low,suburbs,20.87
22.51,58.309584203301135,morning,medium,clear,normal,suburbs,43.8
11.41,11.912800247243528,night,medium,clear,high,suburbs,25.37
24.09,57.624145421557486,night,medium,clear,low,city_center,43.05
16.66,34.388225866751064,evening,high,rainy,high,city_center,50.73
3.63,12.093326874203097,morning,medium,clear,normal,city_center,14.35
13.22,25.489267695353664,morning,low,clear,high,suburbs,29.89
17.69,33.95702479093823,morning,medium,clear,normal,city_center,35.89
2.57,6.90617461842144,night,high,clear,normal,city_center,9.22
9.27,23.416201037260166,morning,high,clear,low,city_center,22.55
18.21,21.493569208340897,morning,medium,rainy,normal,suburbs,27.6
4.77,17.845411453039805,evening,low,stormy,high,city_center,15.86
9.36,17.589852769372825,afternoon,high,clear,normal,airport,20.96
17.56,32.60934857712328,evening,low,rainy,normal,suburbs,31.24
19.61,41.28535736421546,evening,high,clear,normal,city_center,41.23
13.44,32.00210507157339,evening,medium,clear,low,city_center,32.0
23.96,37.01764374959288,night,medium,clear,low,city_center,35.79
23.21,42.2879040659258,morning,low,clear,high,suburbs,50.6
12.36,26.551287128624416,morning,low,clear,high,airport,34.94
4.85,9.794960242946306,afternoon,low,rainy,high,suburbs,12.77
19.55,54.003008762210555,afternoon,medium,clear,high,suburbs,49.05
6.84,18.261014198081167,afternoon,medium,clear,high,airport,22.73
21.23,41.884792873540604,afternoon,medium,clear,low,suburbs,28.36
15.09,26.019117983890816,afternoon,high,rainy,normal,city_center,27.95
10.46,21.422392970743065,afternoon,low,rainy,normal,suburbs,14.71
14.35,37.47167420408425,night,high,rainy,normal,city_center,32.04
13.79,18.202516878819957,morning,medium,clear,high,city_center,32.6
23.19,67.57766788334634,night,medium,clear,high,suburbs,60.41
6.14,6.9323368121884075,evening,medium,clear,low,city_center,13.35
23.28,60.204967883539965,morning,medium,stormy,high,suburbs,67.0
1.75,9.583787368000227,morning,high,clear,high,suburbs,13.85
19.46,30.959008478657736,evening,low,clear,high,suburbs,39.17
23.07,49.492952576317414,evening,medium,rainy,normal,suburbs,43.82
10.46,15.316118299367472,afternoon,high,clear,low,airport,18.81
2.75,7.882396901011895,afternoon,high,clear,normal,city_center,5.93
20.31,31.80354759383252,afternoon,low,rainy,normal,airport,31.7
21.23,44.43637362991075,evening,medium,stormy,high,city_center,57.62
9.07,19.57374031774719,night,medium,rainy,high,airport,26.59
13.45,29.929689032778548,afternoon,medium,clear,high,airport,36.92
20.43,43.11479361588269,evening,medium,clear,normal,suburbs,39.9
5.61,13.668282892328415,morning,medium,stormy,normal,suburbs,16.79
16.1,30.62823731321369,afternoon,medium,clear,high,city_center,33.12
11.34,13.145290917363702,evening,low,clear,normal,city_center,17.46
5.19,14.069315172650771,evening,high,rainy,low,suburbs,16.1
20.95,46.47690101283409,afternoon,high,clear,normal,city_center,36.96
8.79,20.027783249147536,evening,low,clear,high,airport,22.32
23.43,45.07752980480265,morning,low,clear,high,city_center,49.57
14.65,36.28691099890483,afternoon,medium,clear,high,airport,39.3
13.35,30.24755342035709,evening,medium,clear,normal,suburbs,26.13
11.16,27.116050092958613,evening,medium,clear,normal,suburbs,19.85
10.62,37.65268867195207,morning,low,stormy,low,airport,31.32
20.63,39.88610691279705,night,medium,clear,low,city_center,33.31
17.26,39.51737819883361,night,low,clear,high,suburbs,44.18
19.57,43.72578247380136,morning,low,rainy,normal,city_center,41.98
11.11,23.699824962014414,morning,low,clear,high,city_center,29.11
7.27,12.058331645384033,afternoon,high,stormy,high,suburbs,22.79
3.08,18.196958639076918,night,high,clear,normal,city_center,20.39
19.64,28.24415364727287,afternoon,low,clear,low,city_center,22.92
10.97,24.48021337581,afternoon,low,clear,normal,suburbs,14.63
13.22,29.65501159968345,night,low,clear,normal,suburbs,25.44
12.26,26.9988916800586,morning,medium,clear,normal,suburbs,23.59
11.35,29.85772195934444,night,low,stormy,normal,airport,26.57
17.41,32.61056767492191,evening,high,clear,low,suburbs,31.68
15.61,38.61127987556682,afternoon,medium,rainy,normal,airport,31.6
24.33,48.60388329818277,evening,high,clear,normal,airport,52.01
4.33,7.10568658111012,evening,low,clear,high,city_center,14.54
14.76,24.076245268625062,evening,medium,rainy,low,city_center,24.04
2.52,6.5644575327274906,evening,medium,rainy,normal,city_center,5.35
20.39,29.172577764266993,afternoon,medium,clear,normal,suburbs,28.53
15.79,31.500669774342374,evening,low,clear,normal,city_center,28.23
11.28,16.88162734362099,evening,low,rainy,low,suburbs,18.52
20.25,47.29127863626152,night,low,clear,low,suburbs,30.04
11.92,21.08213187566022,evening,medium,clear,low,airport,23.0
6.47,18.642716266589545,night,high,rainy,normal,suburbs,20.05
12.34,44.77368030758418,morning,high,clear,normal,airport,37.1
2.7,5.0,afternoon,medium,rainy,high,airport,15.9
22.55,51.69686101232784,afternoon,high,clear,normal,suburbs,42.78
18.54,46.06430358747982,morning,medium,clear,normal,city_center,41.01
19.25,48.2338527044682,night,high,clear,normal,city_center,41.73
21.99,36.898245206628026,morning,low,clear,normal,suburbs,36.08
20.0,36.76800355031019,afternoon,medium,rainy,normal,suburbs,32.94
11.36,19.207538537684233,afternoon,medium,rainy,normal,suburbs,22.15
3.85,10.589935042515418,night,medium,clear,normal,city_center,11.49
9.96,19.08244539319318,afternoon,medium,clear,normal,suburbs,13.35
23.42,53.95387450924294,night,high,clear,normal,suburbs,47.11
23.78,60.140756281305514,afternoon,low,clear,normal,suburbs,41.81
19.43,41.48549579143783,morning,high,clear,low,suburbs,40.2
5.91,8.570505848042504,afternoon,medium,rainy,high,suburbs,12.41
5.67,10.1378608266795,night,low,rainy,high,airport,17.28
22.11,45.727102473056675,morning,medium,clear,high,city_center,51.08
4.41,5.0,morning,low,rainy,high,suburbs,13.22
15.02,42.5530857336444,afternoon,medium,rainy,high,city_center,41.85
10.08,20.47062866732534,afternoon,low,clear,low,airport,23.34
8.25,15.719506858478319,afternoon,high,clear,low,city_center,14.35
17.26,37.89851575912331,morning,high,clear,normal,city_center,39.55
24.03,65.9128316826222,afternoon,medium,clear,high,suburbs,55.58
19.66,43.880377886937055,evening,medium,clear,normal,city_center,37.49
12.67,17.041463618609633,afternoon,medium,clear,high,city_center,24.95
11.58,18.873779553648717,evening,low,clear,high,suburbs,22.46
22.78,36.23939940361246,night,medium,rainy,high,city_center,50.15
14.87,41.21916906702342,evening,medium,clear,normal,city_center,35.68
12.92,27.62662233181622,evening,medium,clear,high,city_center,35.61
17.39,50.561505252213564,afternoon,medium,clear,normal,city_center,34.16
6.69,12.120731357835924,afternoon,medium,clear,normal,airport,18.74
2.53,11.135418914924756,afternoon,high,rainy,low,city_center,8.91
21.52,46.07550958399073,afternoon,high,clear,low,city_center,33.74
15.57,27.86968645165689,morning,high,clear,low,suburbs,27.61
4.96,14.90462888788435,afternoon,high,rainy,normal,suburbs,11.7
8.15,13.70013941867926,afternoon,medium,clear,normal,city_center,20.78
24.76,67.58005578876856,evening,high,rainy,low,suburbs,56.87
16.23,31.047135929652626,morning,medium,clear,high,airport,43.22
16.27,33.93888081832939,morning,low,clear,normal,city_center,33.41
2.73,8.819901654765362,afternoon,high,clear,normal,suburbs,9.89
24.26,45.82648043316971,afternoon,high,clear,high,airport,60.12
22.43,48.600222749457714,afternoon,medium,clear,normal,airport,40.94
14.15,27.77738465683575,evening,medium,clear,normal,city_center,25.63
8.43,16.75288017319747,evening,high,stormy,high,suburbs,29.39
17.75,43.737685552708015,morning,low,clear,high,city_center,47.69
21.0,68.88617998556434,morning,high,rainy,normal,airport,58.94
19.87,39.9830013856076,evening,medium,clear,normal,suburbs,37.33
24.45,57.19391001432235,afternoon,high,clear,low,suburbs,42.9
16.28,34.89553221479393,afternoon,low,clear,low,city_center,22.5
8.71,22.463519166717568,morning,medium,clear,high,suburbs,24.71
12.95,30.754786818027206,night,high,clear,normal,city_center,25.08
20.59,49.35179886773591,afternoon,low,clear,high,suburbs,43.81
7.37,15.356008897247339,morning,high,rainy,normal,suburbs,19.33
6.55,17.86633461274806,evening,medium,clear,normal,city_center,18.51
18.4,28.037409005733274,afternoon,low,clear,low,suburbs,23.68
11.67,19.264218133917595,afternoon,medium,rainy,normal,airport,26.58
20.6,39.96011006404498,evening,low,clear,high,suburbs,43.89
4.45,6.970311861687021,night,high,clear,high,airport,19.35
9.06,23.54106928275398,afternoon,medium,rainy,normal,airport,22.13
7.43,18.35370271690906,evening,high,rainy,low,airport,20.54
17.75,27.458149300046067,afternoon,medium,clear,normal,suburbs,24.35
19.22,55.32950262542775,evening,high,clear,low,city_center,40.89
11.94,37.7924071173595,evening,medium,clear,normal,city_center,29.99
12.47,20.04690082370106,evening,medium,clear,low,suburbs,16.77
4.17,7.357901410356271,morning,low,clear,low,city_center,11.49
17.84,43.23294991853163,morning,low,clear,high,city_center,46.2
24.82,34.60023554917244,evening,high,clear,high,suburbs,59.03
19.67,30.887015055973652,afternoon,high,clear,high,suburbs,41.57
6.35,25.01939414085455,night,low,clear,normal,suburbs,10.11
15.95,35.40223221829008,morning,low,clear,normal,suburbs,28.36
8.08,24.256340470856845,night,low,clear,normal,airport,21.75
1.72,5.661466787957504,morning,medium,rainy,normal,suburbs,5.34
5.32,8.482741777912898,morning,medium,clear,normal,city_center,14.19
3.46,5.0,night,high,clear,high,suburbs,9.47
5.7,8.478321340663001,afternoon,medium,rainy,normal,suburbs,11.5
20.09,47.61646381656445,afternoon,medium,rainy,normal,city_center,35.35
8.03,23.52696174129725,evening,high,clear,low,city_center,23.06
19.17,59.00679769070332,afternoon,low,rainy,low,suburbs,36.19
23.77,42.22200811346014,night,high,clear,normal,suburbs,40.81
14.78,27.000726322657652,evening,medium,clear,normal,suburbs,28.88
12.65,38.59934151458328,evening,high,rainy,high,city_center,46.8
19.0,47.40618137226864,afternoon,high,clear,normal,suburbs,35.31
3.33,13.922644410357584,morning,medium,rainy,normal,suburbs,11.62
11.28,22.55712655619137,evening,high,rainy,low,city_center,25.86
12.97,31.18518701525255,morning,high,clear,low,city_center,24.22
20.95,31.387954629948943,morning,high,clear,high,suburbs,48.82
20.54,47.75943899830044,evening,medium,clear,low,suburbs,36.28
21.36,59.419727494108834,evening,low,rainy,high,city_center,56.29
17.75,22.270021963742302,afternoon,medium,rainy,high,airport,33.81
13.73,28.513366390770745,evening,high,stormy,high,airport,52.03
20.87,30.459870545150608,night,low,clear,low,city_center,32.82
21.96,43.27425711829901,afternoon,high,clear,high,suburbs,52.44
12.53,20.227832730256814,morning,medium,stormy,normal,suburbs,24.76
24.66,44.88621555885986,morning,high,rainy,low,city_center,46.13
22.0,40.000920926828194,afternoon,medium,clear,normal,suburbs,35.46
13.25,23.388360730163484,evening,medium,clear,low,city_center,21.63
2.66,5.0,afternoon,high,stormy,normal,airport,16.29
6.39,12.929479272871951,evening,medium,clear,high,suburbs,18.26
19.63,38.23031888393295,evening,medium,rainy,high,airport,54.97
3.67,5.0,afternoon,high,clear,low,suburbs,8.53
12.28,23.386374103719618,morning,medium,clear,low,airport,23.81
15.52,23.500347438148133,morning,low,rainy,normal,city_center,30.47
22.08,36.07040366560586,morning,low,clear,normal,suburbs,36.47
21.33,45.28300014494191,afternoon,medium,clear,high,city_center,42.96
19.34,20.36613013386292,morning,high,clear,low,airport,31.59
10.78,20.024002184163997,morning,medium,clear,normal,city_center,16.15
4.41,5.0,evening,medium,clear,normal,suburbs,8.29
17.07,37.00678473635671,afternoon,medium,clear,normal,suburbs,27.7
5.35,16.455833603058977,afternoon,low,clear,normal,city_center,15.12
14.47,35.692281121224354,morning,medium,rainy,high,suburbs,44.37
24.54,40.24072314218021,morning,high,stormy,high,suburbs,70.97
14.21,33.7572716990352,evening,low,clear,normal,city_center,24.07
16.49,26.568380131700295,afternoon,medium,clear,low,suburbs,23.48
17.26,30.718186819970576,evening,medium,clear,high,city_center,39.57
20.93,45.668928219778955,afternoon,high,clear,normal,city_center,40.92
11.44,24.336989803605665,morning,high,clear,low,city_center,27.99
12.94,24.5073466591149,evening,high,clear,normal,suburbs,25.3
5.22,11.472319463044114,morning,high,rainy,normal,suburbs,10.49
15.75,30.443131105165865,afternoon,medium,clear,normal,airport,29.87
8.1,17.129363986671642,evening,low,clear,high,airport,21.62
13.18,29.009409685816152,evening,high,stormy,high,city_center,45.16
19.4,28.762103210674574,afternoon,high,clear,normal,city_center,33.06
1.42,5.0,evening,low,stormy,high,suburbs,5.0
14.53,21.23714047476544,afternoon,high,rainy,normal,city_center,25.08
5.16,8.452013024589906,evening,high,clear,normal,suburbs,14.48
7.71,5.0,morning,medium,clear,low,city_center,15.61
1.83,5.0,afternoon,high,clear,normal,suburbs,9.16
5.07,22.14421425228403,morning,high,clear,normal,city_center,21.9
24.68,35.03095563699178,evening,low,clear,normal,airport,42.76
24.96,55.16730397204309,afternoon,low,clear,normal,city_center,36.04
18.28,35.94954813055681,evening,low,clear,normal,city_center,35.01
15.68,30.730961060978164,evening,high,stormy,low,city_center,34.96
19.65,36.41116538907086,afternoon,low,stormy,normal,city_center,28.62
22.52,54.72792731767255,evening,medium,rainy,high,city_center,62.44
13.46,27.248095994644792,evening,low,clear,high,suburbs,31.01
1.85,10.024426090088177,evening,medium,clear,normal,suburbs,8.06
18.03,37.375000418423014,morning,medium,clear,high,suburbs,41.38
24.63,51.496200247191176,afternoon,low,clear,high,suburbs,46.24
7.19,13.73422659535503,night,medium,rainy,high,airport,23.33
12.12,30.091344275163497,afternoon,medium,clear,low,airport,23.93
9.67,19.905443457601162,evening,medium,clear,low,city_center,17.91
10.37,20.058447287862926,afternoon,high,rainy,high,city_center,25.79
18.31,33.237903467573176,evening,medium,clear,normal,airport,34.11
10.08,7.661474999663438,evening,high,rainy,normal,city_center,17.63
23.59,52.447009795850065,night,high,clear,normal,airport,53.06
19.95,45.380608388149085,evening,low,stormy,low,airport,44.28
1.66,5.0,afternoon,medium,rainy,low,suburbs,5.0
20.65,48.837666842709545,afternoon,medium,rainy,normal,airport,41.58
19.55,44.35437702452732,evening,high,rainy,normal,suburbs,43.33
13.4,28.56894061032055,evening,low,clear,normal,suburbs,29.52
12.92,22.31336690023403,morning,low,rainy,low,suburbs,18.79
21.05,32.811713477149176,afternoon,high,clear,normal,airport,37.1
11.19,22.619057933688552,evening,high,clear,low,city_center,21.41
4.83,15.494880240510566,morning,high,clear,normal,city_center,19.22
8.51,17.720598681701826,evening,medium,clear,normal,suburbs,12.61
7.36,13.731005912447712,night,high,clear,normal,city_center,13.89
17.35,49.98810353615954,afternoon,medium,clear,high,suburbs,42.32
5.29,9.233584209408201,morning,high,clear,low,city_center,13.88
16.47,38.454309301455396,night,high,clear,normal,airport,40.04
12.18,24.683126608679622,afternoon,medium,clear,normal,suburbs,14.28
21.15,55.83960464731003,evening,medium,clear,high,suburbs,54.11
12.64,21.610232446464643,morning,low,clear,high,airport,33.99
23.32,40.1047315793499,morning,medium,clear,normal,city_center,38.89
22.61,63.91708121069998,morning,high,rainy,high,suburbs,70.95
5.45,14.489496134867757,afternoon,high,clear,normal,city_center,16.09
17.47,31.670758916608982,night,low,rainy,high,city_center,40.94
6.15,10.058742666637281,evening,medium,clear,normal,suburbs,10.64
20.76,38.87697939623796,morning,low,clear,normal,airport,39.05
16.26,25.26896814307589,morning,high,clear,high,suburbs,38.19
8.06,18.49730782939212,evening,medium,rainy,normal,city_center,21.13
6.98,21.5649027769571,morning,high,rainy,normal,suburbs,24.91
11.31,11.132407154514198,morning,low,rainy,high,city_center,24.31
20.22,34.75939434948316,evening,medium,clear,normal,suburbs,34.19
20.11,38.96506440447139,morning,medium,clear,normal,suburbs,35.7
1.8,5.0,afternoon,medium,clear,low,city_center,6.46
8.25,25.5712069335932,afternoon,high,clear,low,airport,16.29
11.15,16.83170073310225,afternoon,high,clear,high,suburbs,20.7
15.05,25.732216353217048,afternoon,low,rainy,normal,suburbs,26.28
4.59,13.717379267663066,afternoon,high,stormy,normal,city_center,19.54
9.05,12.288872704281609,morning,high,clear,low,suburbs,15.03
22.25,69.869991859353,night,high,clear,low,city_center,45.71
12.44,22.05670001895709,afternoon,low,stormy,normal,suburbs,24.24
18.86,43.270996222183044,evening,low,rainy,low,city_center,36.51
12.63,29.173524254470745,afternoon,low,clear,normal,airport,28.16
12.16,31.31483108949504,afternoon,high,rainy,normal,city_center,25.02
15.93,33.14154386485233,afternoon,medium,clear,normal,city_center,23.46
7.22,12.92293171839919,evening,high,clear,high,city_center,18.69
7.0,6.299207747345887,morning,high,rainy,high,city_center,18.11
24.74,44.69157988317005,morning,medium,clear,high,city_center,55.42
21.86,62.52506064669095,evening,low,clear,normal,airport,49.89
18.71,32.54922935185145,afternoon,medium,clear,high,city_center,40.83
4.29,5.093535329083962,night,medium,clear,normal,suburbs,5.0
1.73,7.307642851494057,morning,medium,clear,normal,suburbs,8.79
5.21,18.16595568126575,evening,low,clear,normal,city_center,17.66
23.51,74.05800785611396,evening,medium,clear,high,airport,79.23
20.59,50.466799105718884,morning,high,clear,high,airport,65.73
13.55,20.858125963355302,morning,low,rainy,normal,city_center,24.55
24.25,50.73402701707746,night,medium,rainy,low,airport,42.56
4.52,5.0,afternoon,high,clear,normal,airport,13.92
14.42,35.87683970735937,morning,medium,clear,high,suburbs,43.65
5.4,14.166576491840573,morning,low,clear,normal,city_center,15.68
8.35,18.79058969649467,afternoon,medium,rainy,normal,city_center,17.78
23.56,38.07069940531603,afternoon,low,stormy,high,suburbs,44.04
21.84,42.35173743305757,afternoon,low,rainy,normal,suburbs,34.77
3.44,6.591033672902901,night,high,clear,normal,airport,10.85
6.99,6.544494391956266,morning,low,clear,low,suburbs,13.27
15.27,29.47467912206993,evening,medium,clear,normal,city_center,28.64
2.47,12.022202017194967,night,low,clear,low,suburbs,5.0
14.2,24.536318023108294,morning,high,clear,normal,suburbs,25.17
15.03,25.18597810358767,evening,medium,clear,normal,city_center,25.83
7.98,30.000621468717853,afternoon,medium,clear,high,suburbs,23.52
8.03,14.807902230852802,afternoon,low,clear,normal,suburbs,12.13
6.5,11.181732247636374,morning,high,rainy,normal,city_center,15.69
23.46,46.365696782659214,afternoon,high,clear,high,city_center,59.86
10.33,10.264915334008393,morning,high,rainy,normal,suburbs,17.98
15.05,33.60611085498652,morning,high,clear,high,airport,46.56
8.24,9.96929988635087,morning,high,clear,normal,suburbs,16.04
17.86,32.651209361609595,night,medium,rainy,normal,city_center,30.64
3.43,17.318469078871676,night,high,clear,normal,city_center,14.46
2.72,5.0,evening,high,clear,high,airport,12.66
18.86,35.64644015422423,afternoon,medium,rainy,normal,city_center,32.48
18.44,39.01777055524026,night,low,clear,high,suburbs,34.18
7.36,12.362042191504969,night,medium,clear,normal,city_center,11.95
9.52,14.848175333920427,evening,high,rainy,normal,city_center,20.73
23.97,37.062025204855146,evening,medium,clear,high,city_center,50.9
3.5,5.0,afternoon,high,clear,normal,airport,12.55
5.4,14.661545014846263,night,low,rainy,normal,city_center,10.78
11.32,29.753297406998183,afternoon,low,rainy,high,city_center,28.67
7.77,15.694563105992628,evening,medium,clear,high,suburbs,21.18
16.58,42.571148898510835,morning,medium,clear,normal,city_center,34.57
17.57,61.22346754096371,morning,low,rainy,normal,suburbs,41.77
13.63,22.883817641657004,night,low,clear,normal,city_center,21.15
15.67,39.32737006789798,evening,high,rainy,normal,city_center,39.3
11.4,23.357909805116005,evening,high,rainy,high,city_center,34.67
19.25,43.805669183441296,morning,medium,clear,low,city_center,41.39
2.01,6.441266306243833,afternoon,low,clear,low,city_center,6.44
8.51,21.264097393560387,afternoon,low,clear,normal,city_center,13.97
17.43,38.237677655684834,evening,medium,rainy,normal,suburbs,34.01
8.91,23.300165438057594,afternoon,low,rainy,low,airport,16.94
2.88,5.0,afternoon,low,rainy,normal,airport,5.33
9.28,22.766569390992785,morning,high,rainy,low,suburbs,21.35
18.08,61.450634196861984,afternoon,low,clear,high,suburbs,47.89
3.93,13.344344642443238,afternoon,high,clear,normal,airport,17.19
18.39,54.105306453600136,evening,high,rainy,normal,suburbs,47.99
19.61,44.24507839060478,evening,medium,clear,low,suburbs,35.82
16.25,22.031528782260487,afternoon,low,rainy,low,suburbs,19.24
6.86,14.622176903399225,afternoon,medium,clear,normal,city_center,7.75
20.33,52.728909755964004,night,high,clear,low,city_center,41.35
6.15,5.610164444293258,afternoon,high,clear,low,airport,13.39
22.74,49.24649311011589,evening,low,clear,normal,suburbs,41.41
17.96,32.92286698727142,morning,high,clear,high,city_center,49.76
2.31,5.0,afternoon,medium,stormy,high,city_center,9.91
20.18,22.65052894013362,morning,medium,clear,normal,city_center,31.98
13.15,15.9745186379814,morning,low,clear,normal,city_center,22.74
11.86,24.692506867966443,morning,medium,clear,normal,suburbs,21.93
11.09,19.9811255333979,afternoon,high,rainy,high,suburbs,29.44
15.56,24.35749908233096,afternoon,medium,clear,normal,suburbs,28.51
18.39,35.41375621671272,evening,high,clear,normal,airport,43.22
22.5,41.635031626824244,afternoon,low,clear,normal,suburbs,33.4
7.55,15.880916735108814,morning,low,stormy,high,airport,30.28
16.14,32.09242231359136,afternoon,medium,clear,low,airport,30.99
17.47,42.96711002896804,morning,low,clear,normal,city_center,34.39
17.2,50.273786056557384,morning,medium,clear,low,city_center,30.67
12.83,20.735987579524203,morning,medium,clear,low,airport,22.74
10.38,16.623865314965858,evening,medium,clear,high,city_center,26.03
19.3,28.813717257718373,afternoon,medium,clear,normal,city_center,27.86
8.2,16.03055460773001,morning,low,clear,normal,city_center,14.86
5.99,8.143108574345057,afternoon,low,clear,normal,suburbs,10.08
14.1,21.716504628922774,morning,medium,clear,high,suburbs,29.38
7.42,12.489919543586453,evening,high,clear,high,city_center,25.74
1.8,9.968958062195119,night,high,rainy,normal,suburbs,6.66
2.24,7.38813094294926,morning,low,clear,low,city_center,7.75
17.68,32.548659502339184,afternoon,low,clear,normal,airport,30.01
24.36,63.94466805943106,evening,medium,clear,normal,city_center,49.62
11.91,24.16833184737802,evening,medium,clear,high,city_center,31.69
4.53,5.210009037915429,evening,medium,rainy,low,suburbs,5.0
20.63,36.35039320428162,evening,medium,clear,high,suburbs,46.14
7.27,5.0,morning,medium,clear,normal,suburbs,13.24
24.9,45.65181075367769,evening,low,clear,high,city_center,56.9
14.52,25.23725645063087,morning,low,clear,normal,city_center,27.02
6.58,5.0,morning,high,clear,normal,city_center,14.91
12.9,36.6961959395042,night,high,clear,low,airport,32.74
9.05,19.059392834451653,evening,high,clear,normal,suburbs,23.99
19.71,32.978599077515746,afternoon,low,clear,normal,airport,33.29
3.54,5.0,afternoon,high,clear,normal,suburbs,7.2
21.57,50.83707590339552,morning,high,rainy,high,suburbs,63.13
19.42,41.15153560609043,evening,high,clear,normal,city_center,42.1
21.67,45.022059926555904,night,low,rainy,high,city_center,50.07
22.48,40.64193915769237,evening,medium,clear,normal,suburbs,40.82
6.51,17.30719788293046,evening,high,clear,high,suburbs,21.05
13.5,25.392827886427263,evening,medium,clear,normal,suburbs,23.44
21.4,45.35857201394993,morning,high,clear,high,airport,65.01
10.06,11.400467915525397,afternoon,medium,clear,normal,city_center,18.67
2.45,5.0,morning,medium,clear,normal,city_center,13.67
8.0,22.051635816227847,morning,medium,clear,normal,city_center,21.01
6.81,8.054791421015116,morning,high,rainy,normal,city_center,14.44
21.88,36.9549466289009,night,low,clear,normal,suburbs,29.78
12.13,22.770425543914538,morning,medium,rainy,high,city_center,36.17
17.41,30.248371589162907,afternoon,high,rainy,high,suburbs,41.88
24.09,57.423576328822776,night,high,clear,high,city_center,63.81
8.18,14.434480404488047,evening,high,clear,high,suburbs,21.76
19.27,34.64878974154228,morning,low,clear,normal,suburbs,35.77
1.55,8.23529559293479,afternoon,medium,clear,low,suburbs,5.0
3.5,11.852961832886045,evening,medium,clear,low,suburbs,12.15
4.88,7.869992376330351,afternoon,high,rainy,normal,airport,17.37
8.5,11.075268824027475,morning,medium,clear,normal,suburbs,13.94
10.67,22.671173663087377,evening,high,clear,normal,city_center,29.81
12.45,33.67089181047061,afternoon,low,clear,low,airport,24.86
6.89,8.613108575960846,afternoon,high,rainy,normal,city_center,13.11
2.59,12.715854526373228,morning,medium,rainy,normal,suburbs,13.58
17.26,30.31322873061565,night,medium,clear,normal,city_center,31.02
1.57,5.0,night,high,clear,normal,suburbs,5.0
20.43,33.141373163477446,afternoon,low,clear,high,suburbs,38.92
23.3,47.317554094405025,afternoon,low,clear,high,city_center,49.59
18.05,42.20260047295157,morning,low,clear,high,suburbs,45.21
15.3,45.87382681634757,evening,medium,clear,low,city_center,30.64
16.77,31.45440722523928,morning,medium,clear,normal,city_center,32.33
16.65,28.56365430876252,evening,high,clear,high,city_center,41.74
23.36,38.17266611924073,night,high,clear,high,suburbs,51.76
24.14,54.12702481421192,morning,medium,rainy,low,suburbs,42.06
11.24,18.703484500269305,morning,medium,clear,normal,suburbs,22.12
15.81,33.97317484776791,morning,medium,clear,normal,city_center,33.86
20.27,35.76447331530953,afternoon,medium,clear,low,suburbs,23.98
1.02,5.0,night,high,rainy,normal,city_center,8.33
13.65,17.341693082443772,morning,medium,stormy,normal,airport,30.06
16.67,45.34798784533302,evening,medium,clear,high,suburbs,46.39
18.21,39.401493743245396,afternoon,high,clear,normal,airport,42.97
9.85,16.73603203025403,afternoon,high,rainy,normal,suburbs,17.79
8.1,15.187600871988355,morning,high,clear,low,city_center,17.04
5.37,12.492479815672857,evening,medium,clear,low,airport,17.73
14.39,23.72865067302598,evening,medium,rainy,normal,suburbs,26.41
23.06,57.15044847311217,morning,high,stormy,normal,city_center,57.39
22.5,51.10553084916216,evening,high,clear,low,city_center,49.77
9.64,16.25522497381145,afternoon,medium,clear,normal,airport,21.03
7.19,9.608007613743602,morning,medium,clear,high,city_center,20.67
19.93,40.23305838695517,afternoon,low,clear,normal,city_center,30.5
18.4,36.14876113015823,morning,medium,clear,low,city_center,28.07
13.13,13.787314395637313,evening,medium,stormy,high,suburbs,29.88
10.34,19.788478572242493,afternoon,medium,clear,normal,airport,22.67
3.97,15.123724098522692,evening,low,rainy,normal,city_center,16.27
19.84,38.36266433816011,night,medium,clear,low,airport,33.11
15.82,38.51017513384572,afternoon,high,rainy,normal,city_center,37.1
10.05,11.128500386707225,evening,medium,rainy,high,city_center,20.31
23.05,42.53444857746734,night,medium,clear,normal,suburbs,35.8
16.83,32.38716265231537,morning,high,clear,normal,airport,40.4
23.3,52.29706909058456,morning,medium,clear,high,airport,59.36
12.39,26.797984466868435,afternoon,high,clear,normal,city_center,29.44
11.91,23.016390930210186,afternoon,low,clear,high,airport,28.48
23.49,32.518530900841384,night,low,clear,normal,airport,35.32
24.03,43.27508639606703,afternoon,high,rainy,normal,suburbs,40.62
24.06,84.660164823916,afternoon,high,rainy,low,suburbs,49.95
20.65,34.68456796770179,afternoon,low,rainy,normal,suburbs,32.26
12.1,19.662372635386355,afternoon,high,clear,normal,airport,24.19
6.05,12.036439306072017,night,high,clear,normal,city_center,15.62
10.2,20.077438269011466,evening,low,clear,normal,airport,22.64
23.52,41.52625262070097,evening,low,rainy,normal,suburbs,42.57
9.73,29.506045225472782,morning,medium,clear,high,city_center,31.74
19.16,49.633809143492606,night,low,clear,high,suburbs,45.8
23.15,26.449394927429708,night,high,clear,low,airport,43.67
24.29,62.36081584068611,night,high,clear,normal,airport,54.55
23.74,45.80719354571683,night,medium,clear,normal,city_center,40.25
14.32,41.0020228618569,evening,high,clear,normal,airport,41.08
12.81,22.67642039134759,evening,medium,clear,low,airport,26.78
24.7,31.068418956079192,morning,medium,clear,normal,suburbs,36.56
6.24,14.322322084174665,afternoon,medium,clear,normal,city_center,15.11
5.5,12.27542712118002,evening,medium,rainy,normal,airport,23.19
24.12,71.40143551345425,afternoon,high,clear,low,city_center,47.53
17.54,24.737448668271725,evening,low,clear,normal,city_center,28.55
13.87,31.114061456496948,evening,low,clear,high,city_center,32.7
4.17,7.19020663640716,evening,medium,clear,high,suburbs,7.79
13.32,19.570496280239833,afternoon,high,clear,normal,suburbs,19.87
23.66,47.52490345257947,night,medium,clear,normal,city_center,37.1
15.47,27.269375947020116,morning,medium,clear,normal,city_center,25.8
10.71,24.71293712353538,evening,high,rainy,normal,city_center,25.99
14.23,27.66006745712082,morning,low,clear,normal,suburbs,22.52
22.27,45.36836410297921,evening,medium,clear,normal,city_center,39.73
22.91,50.33092541116615,evening,medium,clear,high,suburbs,53.16
10.6,28.712385530266214,night,medium,clear,normal,city_center,20.08
15.59,22.522629823760997,morning,low,clear,normal,city_center,31.77
7.7,22.62746968953075,evening,medium,rainy,high,city_center,24.1
11.83,28.17792415144262,afternoon,medium,clear,normal,city_center,21.03
6.28,15.39928865310595,morning,low,clear,high,suburbs,18.41
13.76,30.635757133222658,morning,medium,rainy,high,city_center,34.87
14.88,13.421578058575475,evening,medium,rainy,normal,airport,23.67
9.11,13.82969448934966,night,low,clear,normal,city_center,12.77
7.53,27.366304584143375,evening,high,clear,high,airport,33.75
4.62,17.949031856655353,afternoon,medium,clear,high,city_center,16.9
4.35,9.270228662708739,afternoon,medium,clear,normal,city_center,11.77
18.08,21.142205226971278,morning,medium,clear,normal,suburbs,28.61
6.32,11.376900125949353,morning,low,clear,low,airport,19.95
3.83,8.64167925771851,evening,medium,clear,low,suburbs,8.47
24.97,56.08935030519339,morning,low,clear,high,city_center,59.6
7.24,15.871747122829222,evening,medium,clear,low,city_center,12.86
22.51,36.44012313201355,afternoon,low,clear,normal,suburbs,30.93
15.62,41.469845859218566,morning,high,rainy,normal,city_center,38.64
18.16,47.541012335705034,afternoon,high,rainy,normal,city_center,37.28
14.46,22.27961932971407,morning,high,clear,normal,suburbs,32.49
5.34,12.613492538581168,evening,high,clear,high,suburbs,14.9
21.33,36.16628270138183,evening,medium,clear,normal,city_center,42.2
20.87,45.309439796437466,night,low,clear,low,city_center,34.93
9.39,18.773896389314757,afternoon,low,clear,high,city_center,20.98
19.33,42.07220876992429,morning,low,clear,low,suburbs,27.72
14.03,28.96781441704443,afternoon,high,rainy,normal,airport,32.2
22.82,43.98751463197502,evening,high,clear,low,city_center,40.58
20.27,40.85454686912554,evening,low,clear,normal,airport,44.08
1.98,5.0,night,low,clear,normal,city_center,8.42
22.1,34.69091116010926,morning,low,clear,normal,airport,42.15
24.25,41.303545460840446,evening,high,clear,normal,airport,50.95
18.81,29.954872945986818,evening,low,rainy,high,suburbs,40.7
3.88,5.0,morning,high,clear,normal,suburbs,10.6
20.38,32.59387738123172,morning,high,rainy,normal,suburbs,39.77
16.54,22.977931356537795,afternoon,high,stormy,normal,city_center,35.82
9.13,12.708077745769243,afternoon,medium,rainy,low,city_center,13.1
22.22,28.103557882378446,afternoon,low,rainy,high,city_center,43.42
14.57,36.01309904518025,evening,low,clear,low,city_center,24.55
21.47,40.674747975135986,morning,high,clear,normal,city_center,43.44
17.08,28.563895133163246,evening,medium,clear,low,suburbs,25.63
7.92,22.570559933312577,afternoon,medium,stormy,low,city_center,16.91
24.4,58.267533728818776,morning,medium,clear,normal,city_center,46.68
14.7,34.72493095369626,evening,medium,clear,low,suburbs,21.11
13.4,29.590644477631088,afternoon,high,clear,high,airport,39.03
10.68,25.23981114500818,morning,high,clear,high,city_center,32.15
4.27,18.300097876690753,evening,low,clear,low,suburbs,10.2
17.47,44.153781235758785,afternoon,low,clear,normal,city_center,32.3
11.34,36.19351548542201,afternoon,low,rainy,normal,suburbs,21.16
23.43,55.93768757994197,afternoon,high,clear,normal,suburbs,44.85
24.16,55.417713342240276,afternoon,medium,clear,normal,suburbs,37.96
19.42,44.684882193867836,evening,high,rainy,normal,suburbs,49.0
6.82,13.626655028991717,afternoon,low,rainy,normal,suburbs,14.2
18.18,38.24733565012754,afternoon,medium,clear,high,suburbs,38.14
1.49,5.0,evening,low,rainy,normal,city_center,7.28
20.83,36.49284188168495,night,medium,clear,low,city_center,26.6
12.85,19.44511925608825,morning,medium,clear,high,city_center,28.28
23.48,56.08436471200476,evening,high,stormy,normal,city_center,64.95
10.07,23.957222794275598,morning,high,clear,high,suburbs,29.45
7.32,24.001523525365347,afternoon,low,clear,high,suburbs,19.19
24.88,57.51707377054518,evening,low,clear,low,suburbs,36.29
13.74,31.237709904808867,afternoon,low,clear,normal,suburbs,23.55
21.72,58.50402699044347,morning,low,clear,normal,suburbs,42.11
22.87,44.01910644879064,afternoon,high,rainy,high,city_center,53.6
13.44,26.70077062925818,afternoon,high,clear,normal,airport,26.49
11.94,15.556508947121305,night,low,clear,normal,suburbs,22.11
14.27,35.77391303668141,night,low,clear,low,suburbs,21.54
21.35,37.708919141623525,afternoon,low,clear,low,suburbs,25.59
24.15,43.319967970103534,evening,medium,clear,normal,city_center,44.74
8.88,20.398516855106763,afternoon,medium,clear,normal,city_center,12.28
18.73,29.165137753836394,afternoon,medium,rainy,normal,suburbs,32.12
7.85,25.906667782543998,morning,low,rainy,low,airport,21.15
15.66,34.22382106768226,evening,low,clear,high,airport,41.28
20.31,42.731747894645736,evening,medium,clear,low,airport,36.56
22.28,45.90195456530554,night,low,stormy,high,city_center,54.19
11.77,27.457578242450676,evening,medium,clear,high,city_center,30.48
9.87,15.242256340415569,afternoon,low,rainy,normal,airport,19.66
7.08,22.105933334703785,night,medium,clear,high,suburbs,17.76
4.2,9.798319706661365,afternoon,high,rainy,normal,suburbs,10.63
9.76,18.99416975605184,night,medium,rainy,low,city_center,16.48
21.93,45.44348359732275,morning,high,clear,low,city_center,42.91
11.05,20.10901723142443,afternoon,low,clear,normal,suburbs,15.86
8.62,23.14055191214467,night,low,clear,normal,city_center,22.03
18.74,39.94422252804637,morning,medium,clear,high,city_center,46.4
6.17,15.744550054873075,night,low,rainy,normal,airport,19.41
7.15,17.37432274467983,morning,low,clear,low,city_center,14.52
23.46,59.832625392141495,evening,low,clear,high,airport,64.79
2.96,5.437886379263641,evening,medium,clear,normal,airport,10.65
10.95,19.771309502431617,morning,medium,clear,normal,suburbs,19.14
14.84,29.436988275455633,evening,medium,clear,normal,airport,32.33
6.53,13.17548868283238,morning,medium,rainy,normal,city_center,10.3
7.74,14.649314165084672,night,high,clear,low,suburbs,15.0
6.32,5.0,night,low,rainy,high,city_center,11.74
9.28,23.376429178869717,evening,medium,rainy,low,suburbs,17.67
22.56,38.07396306830273,night,high,clear,high,city_center,55.08
11.36,26.152680196513163,evening,low,clear,normal,suburbs,21.63
11.03,18.75875864252961,night,medium,rainy,low,airport,20.75
10.28,18.028663122550206,evening,medium,rainy,high,suburbs,26.24
24.14,37.27921713540963,evening,medium,rainy,high,city_center,53.42
3.82,10.46932720416841,night,high,clear,low,suburbs,9.13
21.93,43.00042159181528,afternoon,medium,clear,low,suburbs,28.2
8.85,19.577819108615614,afternoon,high,clear,normal,suburbs,20.22
23.96,40.296190104299335,night,low,clear,normal,city_center,33.33
8.57,24.543404298312417,evening,medium,clear,normal,suburbs,20.57
2.99,5.0,morning,low,clear,normal,city_center,5.0
13.48,31.16651105215899,afternoon,low,clear,high,suburbs,28.52
6.47,10.967672363316874,evening,medium,clear,normal,city_center,15.02
19.07,25.050535863181008,morning,low,rainy,normal,city_center,28.9
16.78,35.08545863210596,afternoon,low,clear,high,city_center,36.28
17.48,35.96867198409522,morning,high,clear,normal,suburbs,36.87
5.64,22.240564403053412,morning,high,clear,high,suburbs,22.59
18.01,23.793812400250975,night,low,clear,normal,suburbs,25.02
8.47,19.841362106725505,afternoon,low,rainy,high,city_center,24.8
24.97,62.21785324697758,night,medium,clear,high,suburbs,58.83
18.56,36.54303532465194,afternoon,low,clear,high,city_center,34.72
15.17,8.48204487606311,night,medium,rainy,low,suburbs,15.01
21.81,63.658847296431645,evening,high,clear,normal,airport,55.95
15.14,35.647521464025345,afternoon,low,clear,low,city_center,22.64
14.27,8.064017761767516,morning,high,rainy,high,suburbs,30.79
6.7,6.248377203432785,night,high,clear,normal,city_center,14.66
17.27,36.2239790967959,evening,low,clear,high,suburbs,40.99
9.99,30.667642261108934,morning,medium,clear,normal,city_center,16.68
2.03,5.0,night,low,clear,normal,airport,11.24
20.59,46.38795729635693,afternoon,medium,clear,normal,city_center,34.47
2.24,6.399961790883548,morning,low,clear,normal,city_center,9.54
17.14,36.077898046278094,afternoon,medium,clear,high,suburbs,38.98
4.76,8.167233201110035,night,medium,stormy,normal,city_center,8.1
11.38,29.963540946833966,afternoon,high,clear,normal,airport,28.57
21.62,42.522674513013335,evening,low,clear,normal,suburbs,38.75
3.27,5.0,afternoon,low,clear,low,suburbs,6.36
17.01,40.41855972595087,morning,low,rainy,low,suburbs,32.84
15.7,18.057897958842226,morning,low,clear,high,airport,37.7
21.82,49.630331697399974,night,medium,clear,normal,city_center,38.63
5.15,5.0,morning,high,stormy,high,suburbs,13.72
20.19,37.74793259269769,night,medium,clear,high,city_center,41.65
11.8,23.75670410526555,afternoon,medium,clear,high,airport,32.55
11.29,19.809033947027284,night,medium,rainy,high,airport,32.17
9.68,20.309043901801246,morning,low,clear,low,city_center,18.57
10.25,23.287009722000654,afternoon,high,clear,normal,suburbs,20.53
13.48,27.990885370763515,morning,high,clear,normal,suburbs,30.44
3.56,11.69107258556678,afternoon,low,clear,high,city_center,12.64
11.2,18.22105911279768,night,low,clear,high,airport,26.38
16.65,28.463749595702474,morning,medium,clear,high,suburbs,40.47
12.96,20.617782919898204,night,high,rainy,low,airport,24.11
4.98,13.794311926078866,evening,medium,clear,normal,suburbs,14.32
9.71,19.688761646553665,evening,medium,clear,low,suburbs,14.17
11.63,36.48881331775702,afternoon,medium,stormy,normal,city_center,29.1
17.05,35.00310323702831,night,medium,clear,normal,suburbs,31.64
22.62,51.450616267408705,evening,high,clear,low,airport,51.08
14.21,25.64895847124525,night,high,clear,low,suburbs,24.13
17.23,34.38462370553879,morning,high,clear,normal,city_center,33.06
2.85,5.0,afternoon,low,clear,normal,suburbs,5.0
23.91,56.11166986622276,evening,medium,clear,high,suburbs,60.59
8.57,8.505036227735362,evening,high,rainy,normal,airport,20.77
9.5,21.058528929888492,afternoon,low,clear,high,suburbs,19.26
6.35,15.814758264620671,afternoon,low,clear,normal,city_center,6.44
3.03,5.0,afternoon,high,rainy,normal,suburbs,6.56
19.96,54.054127638609465,evening,medium,clear,normal,city_center,42.83
6.77,18.636510583180776,afternoon,medium,clear,low,suburbs,10.78
7.78,27.76736145613922,afternoon,low,clear,normal,city_center,17.97
5.36,12.679375317290013,afternoon,low,clear,normal,city_center,10.48
24.4,42.72470353580733,afternoon,high,clear,normal,suburbs,42.79
19.74,35.949409079933034,morning,low,clear,high,suburbs,42.24
23.32,38.61749159411857,morning,medium,clear,normal,suburbs,38.23
21.68,38.828449404855334,evening,medium,clear,normal,suburbs,37.02
22.75,58.95369796091731,night,medium,clear,high,city_center,54.36
12.5,23.229744051394565,morning,high,rainy,high,city_center,39.64
5.09,5.0,night,low,clear,normal,city_center,7.77
8.85,12.213361491049014,evening,medium,rainy,high,city_center,24.15
8.02,18.003486999712838,night,high,stormy,high,city_center,25.35
18.21,35.741568557411554,afternoon,low,clear,normal,city_center,32.78
1.62,5.0,evening,high,clear,high,suburbs,14.56
4.41,8.134287801451286,afternoon,medium,rainy,normal,city_center,11.29
17.39,32.63843964749124,night,medium,clear,low,airport,31.82
3.96,16.701438344987256,morning,low,clear,normal,city_center,12.98
2.16,8.716839041908832,morning,medium,rainy,high,suburbs,10.6
3.62,9.634526775261094,night,low,clear,normal,city_center,7.63
17.58,37.571089688884804,morning,medium,clear,high,suburbs,40.35
4.34,5.0,night,high,clear,high,city_center,14.03
4.51,17.941065224676628,morning,high,clear,normal,city_center,14.48
6.53,6.11431041791744,morning,medium,clear,normal,city_center,13.87
19.02,43.53676457163927,afternoon,high,clear,low,suburbs,34.77
5.81,16.214385408475774,evening,low,clear,high,airport,25.26
1.85,5.887551565059283,evening,low,clear,normal,suburbs,5.0
22.74,41.523131845720876,night,high,rainy,normal,suburbs,40.39
22.03,39.90325029475288,evening,low,rainy,normal,suburbs,39.71
5.44,10.01512745583934,evening,high,clear,normal,suburbs,14.58
7.37,12.486418074393878,evening,medium,stormy,high,airport,27.56
5.53,10.352252336213212,afternoon,low,clear,low,city_center,11.91
18.27,29.50048373071343,evening,medium,clear,high,city_center,39.15
7.0,17.37741217099172,night,medium,clear,low,airport,17.59
23.35,51.57218703288118,night,low,clear,normal,airport,42.27
20.86,53.493649131268185,morning,high,clear,high,city_center,65.68
15.12,31.829118514748878,afternoon,low,clear,high,suburbs,32.02
1.21,5.0,evening,low,clear,high,city_center,9.45
22.21,39.27507438140607,evening,medium,clear,normal,suburbs,38.69
18.47,27.647434072368704,afternoon,medium,clear,high,suburbs,34.44
19.91,68.26430515804475,night,medium,rainy,high,airport,61.92
2.72,9.138759055687775,afternoon,medium,rainy,normal,city_center,9.55
18.01,39.841475305814114,afternoon,medium,clear,normal,suburbs,31.1
20.31,42.03298164389993,evening,low,clear,normal,city_center,39.41
23.96,48.664630775132586,evening,high,rainy,high,airport,75.34
14.93,30.55093240398551,night,medium,rainy,normal,suburbs,28.14
13.19,32.362678553415954,morning,low,clear,high,suburbs,36.34
11.21,21.441130281720618,morning,low,clear,high,suburbs,27.68
17.83,31.656076977223588,night,high,clear,normal,airport,33.61
23.1,54.269382553183746,afternoon,low,clear,normal,city_center,40.33
15.39,33.32862179577988,morning,high,clear,high,suburbs,41.05
6.45,9.400484808012212,evening,low,clear,high,suburbs,18.5
1.42,5.0,night,high,clear,normal,airport,5.81
15.86,22.521228180537104,night,high,rainy,low,suburbs,20.38
21.75,62.70898310135078,night,low,clear,high,suburbs,56.4
2.58,5.0,morning,low,clear,low,suburbs,10.49
10.54,22.976108174476924,night,low,clear,high,city_center,28.07
23.56,41.21326102253351,morning,high,clear,normal,airport,54.36
13.04,20.019240109715515,afternoon,medium,clear,normal,suburbs,16.19
6.3,5.0,morning,high,clear,normal,suburbs,14.41
9.49,22.522901995737143,afternoon,medium,clear,normal,airport,19.99
10.8,27.791675614465703,morning,high,clear,low,city_center,27.89
3.81,5.0,night,high,clear,normal,suburbs,7.17
16.86,43.060950361628024,night,low,clear,high,city_center,40.03
15.21,33.582031214826614,morning,low,clear,low,airport,32.63
16.55,30.49564027111082,morning,low,clear,high,city_center,37.87
15.66,17.065357932295598,morning,medium,rainy,normal,suburbs,26.17
1.4,5.0,evening,medium,rainy,normal,city_center,5.65
5.19,7.724554808829485,night,high,clear,low,airport,12.79
4.97,9.35413964240829,evening,high,clear,high,suburbs,15.09
3.35,7.55517249612034,afternoon,low,clear,low,city_center,5.06
18.65,53.06193840814164,night,high,rainy,normal,suburbs,45.14
3.88,11.643309755894299,afternoon,high,clear,low,city_center,11.61
17.04,30.86317127637751,evening,low,clear,high,suburbs,33.86
5.28,10.484570954187337,afternoon,high,clear,normal,city_center,16.4
3.84,14.313644946271486,evening,low,clear,normal,airport,19.48
4.9,19.25756247174639,afternoon,medium,rainy,high,airport,21.65
13.2,31.027313137109637,morning,high,clear,normal,city_center,30.38
16.49,32.34035691717922,evening,low,clear,normal,suburbs,31.78
20.49,36.77301343436747,afternoon,high,clear,low,city_center,31.06
4.09,10.566778370961504,evening,medium,clear,normal,suburbs,14.21
15.79,26.144713897643893,evening,medium,clear,normal,suburbs,27.13
19.57,41.426562776701516,afternoon,medium,clear,low,suburbs,31.8
8.5,15.975632077268626,morning,low,rainy,low,airport,21.68
2.91,10.604062433814061,evening,low,rainy,normal,suburbs,15.81
4.74,5.07203128691916,morning,low,clear,low,city_center,11.04
3.2,5.0,morning,low,clear,high,suburbs,13.94
22.29,54.900751814609606,afternoon,medium,clear,high,suburbs,48.38
10.04,32.27288770344978,morning,medium,stormy,normal,city_center,26.52
13.56,11.786641007420265,afternoon,low,stormy,normal,city_center,19.82
19.45,38.146126240498134,evening,high,stormy,normal,suburbs,46.35
9.92,25.456644689519646,evening,high,rainy,high,city_center,34.88
16.58,44.33531656119676,afternoon,low,clear,normal,suburbs,28.62
2.84,7.898259652132403,morning,low,rainy,normal,city_center,10.4
12.54,23.183041698845745,night,medium,clear,normal,city_center,24.45
3.32,12.248792538768107,evening,medium,clear,normal,city_center,8.38
6.96,13.144538127577501,morning,low,clear,normal,airport,17.9
8.04,17.508239763108705,evening,medium,clear,normal,suburbs,15.48
18.22,43.63922828678564,night,high,clear,low,city_center,35.73
17.18,29.626294825226964,night,medium,rainy,normal,city_center,29.85
18.93,40.53146952867175,afternoon,low,clear,normal,city_center,34.22
2.48,8.270928041326492,evening,medium,stormy,low,suburbs,9.28
24.85,46.30493917367954,evening,medium,clear,low,suburbs,41.57
2.31,5.0,evening,high,clear,low,suburbs,6.06
20.82,46.28176834082609,night,high,clear,low,suburbs,39.15
18.77,36.80364087178024,afternoon,low,rainy,high,airport,42.0
15.2,28.40340221988615,morning,high,rainy,high,city_center,41.82
11.53,25.379408640710405,evening,high,clear,low,airport,31.77
19.17,32.88056907391051,night,low,rainy,normal,suburbs,29.86
18.76,21.91120122954343,night,high,rainy,normal,city_center,32.63
4.29,6.969934907856759,morning,low,clear,high,airport,14.29
20.02,38.11907838284034,night,low,stormy,low,airport,34.63
2.89,15.009115581768642,morning,high,clear,low,city_center,16.51
13.01,29.059770751771815,night,medium,rainy,high,suburbs,34.38
16.48,44.38185161815842,evening,high,clear,high,suburbs,48.94
20.72,30.169804920123937,morning,medium,stormy,high,airport,53.03
12.11,23.8912201752449,morning,medium,rainy,normal,city_center,25.93
6.68,24.67923135984462,afternoon,high,stormy,normal,city_center,20.83
12.78,29.409112833442833,morning,high,clear,normal,city_center,28.62
7.0,6.8333846467217665,morning,low,clear,high,city_center,14.07
13.69,30.395179816558084,night,low,clear,normal,suburbs,22.68
12.1,29.156654987981355,morning,high,clear,low,city_center,23.36
19.73,49.00774224196848,night,low,rainy,normal,airport,38.82
6.76,15.074689255885199,afternoon,medium,clear,normal,airport,20.25
5.8,13.30506605815481,evening,low,clear,normal,suburbs,9.52
12.38,23.040285250011433,evening,medium,clear,high,suburbs,29.32
2.21,5.0,afternoon,low,rainy,high,suburbs,7.87
6.5,18.965579728913575,afternoon,high,clear,normal,suburbs,18.03
9.49,21.465552989320646,evening,high,clear,normal,suburbs,18.88
12.7,10.40292701796402,morning,medium,rainy,normal,city_center,18.74
7.47,6.50315863119387,afternoon,low,clear,normal,airport,14.76
14.46,36.11765324584187,evening,low,clear,normal,suburbs,30.5
22.08,47.02479266061077,afternoon,low,clear,normal,suburbs,35.37
14.05,31.48875959888534,morning,medium,clear,normal,airport,36.42
7.88,24.5983548189409,morning,medium,clear,normal,airport,22.35
2.49,5.86088851647907,evening,medium,clear,normal,suburbs,5.07
4.28,14.472419496395283,night,high,clear,normal,city_center,12.12
14.47,20.749602681652437,morning,high,stormy,normal,suburbs,29.7
17.41,35.90427525161106,afternoon,medium,clear,normal,suburbs,25.78
2.19,5.0,morning,high,clear,high,city_center,11.96
5.45,14.719737494089289,night,medium,rainy,normal,suburbs,8.17
8.66,39.41464245296531,night,medium,clear,low,city_center,25.12
8.67,8.002240490607141,afternoon,low,clear,high,city_center,15.85
24.0,42.70105099154125,morning,high,rainy,normal,suburbs,50.28
5.89,10.334801777224037,evening,low,rainy,normal,city_center,9.93
2.5,5.053649601534312,evening,low,clear,high,suburbs,6.25
9.47,16.10645190959267,evening,medium,clear,normal,city_center,17.37
4.23,11.369460622221649,afternoon,high,clear,low,city_center,9.71
4.04,5.0,morning,high,rainy,normal,city_center,9.89
10.78,25.4306702507093,morning,medium,clear,low,suburbs,19.8
8.35,26.858404962636172,evening,high,clear,normal,suburbs,21.67
3.2,6.132901498552393,afternoon,medium,rainy,normal,city_center,10.21
15.5,39.15390410322522,afternoon,medium,rainy,normal,suburbs,30.82
13.04,25.575100762695577,night,high,stormy,high,city_center,43.77
2.85,7.9469906593262065,night,medium,rainy,normal,suburbs,8.29
21.71,60.11555853492895,evening,medium,rainy,normal,suburbs,46.93
7.83,26.541746145745087,evening,low,clear,normal,suburbs,18.93
24.07,51.12107183987054,evening,high,clear,normal,city_center,53.06
23.36,45.940463508052616,afternoon,low,clear,normal,city_center,34.2
11.42,33.93215206148531,morning,medium,clear,normal,city_center,29.36
6.49,10.619466424326346,evening,high,clear,high,suburbs,20.42
21.04,44.48432527897271,afternoon,medium,stormy,high,city_center,47.83
9.67,27.657704638925768,afternoon,high,clear,normal,suburbs,26.38
4.93,9.916416750154706,evening,high,clear,normal,airport,18.06
14.24,25.35529479258837,afternoon,high,clear,high,airport,35.51
12.75,26.004493943483812,evening,low,clear,normal,city_center,22.1
21.4,51.29135878125619,morning,low,clear,high,city_center,53.68
18.5,43.14971123193163,night,high,clear,high,airport,51.69
22.03,46.4953902251461,night,low,clear,high,suburbs,43.56
18.63,52.126473693509666,evening,high,clear,high,suburbs,57.39
16.41,29.210394655212216,afternoon,medium,clear,normal,suburbs,26.35
13.0,39.37367393683334,afternoon,high,clear,normal,city_center,29.71
24.7,47.2270079191902,night,low,clear,high,city_center,48.46
24.02,44.30232245120778,afternoon,high,rainy,normal,suburbs,47.37
21.37,43.22725206363353,evening,medium,rainy,normal,city_center,43.4
19.61,58.58036268140012,afternoon,low,clear,low,suburbs,29.6
14.86,33.00434079152148,night,medium,clear,high,airport,39.65
7.23,19.542308802986717,afternoon,medium,clear,high,airport,23.99
22.01,52.58778554406311,evening,low,rainy,normal,city_center,44.23
1.26,5.0,morning,low,clear,normal,airport,10.3
6.46,17.720259749912763,night,high,clear,normal,city_center,16.84
10.69,21.640129256642062,evening,medium,clear,high,suburbs,27.92
15.07,36.07887760618607,evening,high,clear,low,city_center,32.35
14.46,25.317435607835712,morning,medium,rainy,low,city_center,26.18
5.22,17.8702092891776,evening,medium,clear,high,suburbs,19.24
3.52,6.320056369474887,afternoon,low,clear,low,city_center,7.44
6.34,5.0,afternoon,low,rainy,low,airport,14.96
9.37,25.37851133347204,afternoon,high,clear,normal,city_center,25.38
1.34,5.0,afternoon,low,clear,normal,airport,8.95
17.62,27.543781930729597,evening,medium,clear,normal,suburbs,28.11
6.95,14.947898894286046,afternoon,high,rainy,low,suburbs,10.3
9.43,30.052377430931315,night,medium,clear,low,city_center,21.7
9.04,17.89671409114784,morning,low,clear,high,suburbs,21.48
13.28,30.202910395919286,afternoon,medium,clear,high,suburbs,26.77
21.64,44.28538418158915,evening,medium,rainy,normal,city_center,41.53
4.59,10.390227390532809,night,medium,clear,high,city_center,15.25
9.18,11.600298959371866,afternoon,high,clear,high,airport,27.01
17.61,34.43351951791136,evening,medium,stormy,high,suburbs,49.11
2.06,5.0,evening,high,clear,high,suburbs,9.15
20.92,46.59552068862444,evening,medium,clear,high,city_center,54.7
24.08,41.749689799812714,night,medium,clear,normal,city_center,39.06
15.58,24.02488116131195,afternoon,medium,clear,low,city_center,22.54
23.96,77.03744834559953,evening,high,rainy,normal,city_center,63.73
10.91,11.209096011206977,night,high,rainy,high,suburbs,26.98
10.96,28.360581006400437,afternoon,medium,clear,normal,suburbs,21.98
3.55,7.049772121981758,evening,medium,clear,normal,suburbs,7.51
1.85,5.0,afternoon,high,rainy,normal,airport,14.08
6.87,5.8946478113657825,afternoon,medium,rainy,normal,suburbs,7.11
12.48,24.97484756608901,afternoon,medium,clear,normal,city_center,20.02
13.18,34.2201883038306,morning,high,clear,high,city_center,39.43
6.22,9.011811663742384,evening,low,rainy,high,suburbs,14.23
15.71,29.312870286276034,night,medium,clear,high,airport,36.71
5.35,5.0744680722390205,afternoon,low,clear,normal,airport,15.22
8.83,17.650852048373906,morning,low,clear,normal,city_center,18.38
5.7,11.954620876293902,afternoon,medium,clear,normal,suburbs,10.01
17.72,32.83701480732294,evening,low,clear,normal,city_center,32.54
13.4,26.46334071516081,afternoon,low,clear,normal,city_center,24.17
18.67,21.048981573948083,evening,low,clear,low,suburbs,27.36
2.37,5.0,morning,medium,clear,normal,city_center,7.86
11.21,30.773440769374957,evening,high,rainy,high,suburbs,38.08
24.21,65.90598651213166,evening,medium,clear,high,airport,67.08
2.29,5.0,evening,medium,clear,normal,city_center,8.47
11.04,19.49852562927087,evening,medium,rainy,normal,city_center,23.35
1.97,9.227112639529937,night,low,clear,low,city_center,6.15
4.52,14.72873713569755,morning,high,clear,normal,city_center,15.52
12.1,12.732422274622067,evening,low,rainy,normal,suburbs,18.19
4.78,5.0,afternoon,high,rainy,normal,suburbs,10.19
13.45,26.990566052263937,night,medium,rainy,high,suburbs,30.9
23.15,41.87290844426361,afternoon,medium,rainy,normal,city_center,38.53
5.81,12.719296143608961,evening,medium,stormy,normal,city_center,14.73
3.57,16.56436352711006,night,low,rainy,normal,suburbs,12.8
20.81,36.24125761278857,morning,medium,rainy,high,airport,54.91
12.05,24.75013067123662,afternoon,low,clear,normal,city_center,23.3
22.18,49.56197555003171,afternoon,low,clear,normal,airport,39.93
8.35,21.259690247865407,morning,medium,clear,normal,city_center,19.56
16.06,29.534532206711603,evening,high,clear,low,city_center,27.45
23.16,46.63852989284985,afternoon,medium,clear,normal,suburbs,38.42
5.12,10.333956220924945,morning,high,rainy,high,city_center,19.04
20.22,43.87424964976628,morning,low,rainy,normal,city_center,38.76
16.16,24.86705646126476,morning,low,clear,normal,suburbs,27.8
20.51,29.62546126750081,afternoon,high,clear,high,airport,49.5
5.1,13.485522274251213,evening,low,stormy,normal,suburbs,12.45
11.42,19.101705760930585,morning,low,rainy,normal,suburbs,21.22
4.09,10.423692656267317,night,high,clear,high,suburbs,13.89
24.04,38.20575555841708,morning,low,rainy,normal,suburbs,42.34
2.5,5.54114970826649,afternoon,medium,rainy,low,city_center,5.0
2.57,5.620422647184616,afternoon,low,clear,high,suburbs,10.78
22.56,60.58303435916262,morning,high,stormy,low,airport,62.23
8.22,14.404661644512036,night,medium,clear,normal,suburbs,13.26
15.33,31.706789707155437,evening,medium,rainy,normal,city_center,30.36
7.9,13.86944821307523,afternoon,medium,clear,normal,suburbs,14.1
16.57,50.543505951867985,night,medium,clear,normal,suburbs,30.22
5.62,13.953627512541791,evening,low,clear,normal,suburbs,12.88
12.01,15.921336228566929,evening,high,clear,normal,airport,28.06
13.8,25.683390330883547,afternoon,medium,clear,high,suburbs,29.62
9.01,16.892063576599632,morning,low,clear,high,city_center,21.21
7.04,16.951548130946534,afternoon,medium,clear,low,city_center,19.59
4.36,7.674467514465086,afternoon,low,clear,high,airport,15.6
17.95,29.357587610428876,night,low,clear,normal,city_center,30.89
5.04,22.491251086539947,morning,low,clear,normal,city_center,17.27
8.01,17.148317232474813,morning,low,clear,high,city_center,23.92
9.09,25.719096861378006,evening,high,clear,high,suburbs,27.6
11.9,36.7780683151719,evening,low,clear,high,suburbs,38.14
17.86,24.188985267270787,afternoon,low,rainy,low,city_center,25.08
11.27,21.454841305049282,afternoon,high,rainy,low,suburbs,20.95
21.91,40.323580762789966,afternoon,medium,clear,normal,suburbs,34.7
17.31,52.46541976130801,morning,medium,rainy,normal,suburbs,41.24
21.12,52.877472575552886,evening,medium,rainy,high,city_center,59.28
18.19,35.645182209076246,afternoon,medium,rainy,high,city_center,40.0
4.57,10.042650126438534,night,medium,rainy,normal,city_center,8.86
24.47,52.055692693995745,afternoon,high,rainy,normal,city_center,52.63
19.88,33.848899918656,night,high,clear,normal,city_center,34.39
14.75,34.308546833187656,night,medium,clear,normal,suburbs,29.12
4.97,11.778259134980564,evening,low,clear,low,city_center,12.54
5.14,11.382400961277327,evening,medium,rainy,high,suburbs,14.1
15.74,32.01369167082896,morning,low,clear,low,city_center,28.37
10.99,23.584592159788258,morning,low,clear,normal,city_center,21.06
17.22,34.66285029842035,evening,medium,clear,low,city_center,34.64
9.94,19.32540652597468,morning,medium,rainy,normal,city_center,21.36
13.31,22.130672334964792,evening,low,clear,low,city_center,23.63
5.51,20.675998908201144,morning,medium,clear,low,suburbs,12.56
4.72,9.645079354509384,morning,medium,clear,normal,city_center,9.77
2.82,9.877333709359508,afternoon,medium,clear,high,airport,14.75
20.67,40.73675325942682,night,high,clear,high,suburbs,54.25
14.33,17.344195027569317,evening,low,clear,normal,airport,22.7
23.73,68.65817812524448,evening,low,clear,normal,suburbs,46.39
18.99,39.7836574876381,evening,medium,clear,normal,suburbs,35.08
19.45,35.055881698311566,evening,medium,clear,normal,city_center,33.24
13.22,23.610723614251345,morning,low,clear,normal,city_center,21.36
20.57,48.12466898082705,night,low,rainy,high,suburbs,49.44
23.61,53.36969353185203,afternoon,low,clear,normal,suburbs,35.26
18.32,43.90079360189976,evening,medium,rainy,high,suburbs,47.32
3.53,9.380716544286056,evening,medium,clear,normal,suburbs,7.82
16.62,23.609498603892845,night,medium,clear,high,airport,36.63
3.89,5.0,afternoon,medium,clear,normal,suburbs,8.13
2.85,5.0,afternoon,low,clear,normal,airport,8.0
17.63,33.120542094108025,afternoon,high,clear,low,city_center,29.12
21.03,42.829149150105,morning,low,clear,normal,city_center,36.47
4.81,5.0,evening,medium,clear,normal,suburbs,5.84
2.78,7.515658991848436,evening,medium,rainy,high,suburbs,9.49
22.28,37.023372784137536,afternoon,low,clear,high,city_center,43.8
4.17,5.0,morning,low,clear,high,city_center,12.46
1.84,8.228169392166489,evening,low,clear,high,suburbs,10.56
18.31,29.711848286157036,morning,medium,clear,normal,suburbs,25.35
21.35,48.180940612840594,afternoon,medium,clear,normal,city_center,35.07
13.35,37.24213163391919,evening,high,clear,normal,city_center,35.52
13.96,26.11038943799088,morning,medium,rainy,high,city_center,35.17
9.08,28.002210407279016,night,low,rainy,normal,suburbs,19.57
6.72,8.548387191290217,evening,medium,clear,low,airport,15.92
19.13,37.71916294510142,afternoon,low,clear,normal,city_center,26.48
21.38,40.649460949268864,morning,medium,rainy,low,suburbs,34.66
8.71,14.98824703215893,morning,high,clear,normal,airport,21.36
7.57,9.385834478624917,night,high,clear,high,suburbs,18.51
7.43,12.27820113891045,morning,low,rainy,normal,suburbs,13.08
2.21,8.271310767638163,evening,low,clear,low,city_center,5.0
7.75,16.532221240826956,evening,high,rainy,high,suburbs,24.54
1.62,5.0,afternoon,low,clear,low,airport,12.83
19.92,40.41851026577402,afternoon,high,clear,normal,city_center,33.46
7.14,5.0,afternoon,low,clear,low,city_center,12.18
17.56,37.918269692827565,evening,medium,clear,high,city_center,42.87
14.04,39.634630671256694,night,low,clear,normal,suburbs,26.3
21.1,36.59831451993926,night,low,rainy,normal,suburbs,28.97
24.05,46.78800468899558,morning,low,clear,high,airport,58.33
9.81,14.581170985115097,evening,medium,clear,normal,suburbs,17.93
3.12,5.0,evening,medium,rainy,high,suburbs,14.16
18.99,26.400677515959018,night,medium,stormy,high,suburbs,42.45
1.51,14.080030140332186,evening,low,clear,normal,suburbs,5.0
6.35,11.673036674413545,afternoon,high,clear,normal,airport,17.97
2.28,10.166592441187966,afternoon,low,clear,normal,city_center,8.99
22.56,42.40985413661968,night,high,clear,normal,city_center,39.39
1.13,5.0,evening,medium,rainy,normal,suburbs,5.0
12.83,17.289188776625448,morning,medium,rainy,normal,suburbs,17.63
11.18,24.81631853992868,night,medium,rainy,high,city_center,29.74
16.67,28.34861555726761,evening,medium,clear,normal,city_center,29.63
7.95,19.40917411282521,morning,medium,rainy,normal,city_center,21.8
21.97,26.66005277801303,afternoon,medium,clear,high,airport,45.85
18.62,38.760619691259166,afternoon,medium,rainy,high,suburbs,42.66
11.38,26.179534692230106,evening,low,clear,normal,suburbs,23.73
9.59,27.447084500472958,evening,low,clear,high,city_center,31.08
20.58,33.00342709078488,night,high,rainy,high,suburbs,49.72
19.17,43.340548457323294,morning,medium,clear,normal,city_center,39.2
10.58,23.308930582470282,afternoon,medium,clear,normal,suburbs,13.4
9.19,19.660061162121146,morning,high,rainy,normal,city_center,22.12
1.93,5.807737095088125,morning,high,clear,high,airport,11.77
2.96,6.525057194931169,evening,medium,stormy,high,city_center,15.94
2.29,8.311618852069458,evening,high,rainy,low,airport,10.77
1.59,5.556124037306219,night,low,clear,normal,city_center,5.0
4.67,19.016023132440267,evening,low,rainy,high,airport,22.06
21.57,48.31343176581183,afternoon,low,rainy,normal,airport,44.06
20.16,34.701355020025375,afternoon,low,clear,low,suburbs,29.89
21.29,52.3803843707842,evening,high,clear,normal,suburbs,47.58
15.97,41.77586344955952,evening,medium,rainy,low,city_center,33.62
15.98,33.9537123112532,morning,low,clear,normal,airport,33.54
3.97,16.446807447690173,night,medium,clear,low,city_center,12.91
17.78,35.658053001414245,night,low,clear,normal,city_center,24.89
7.72,5.0,evening,medium,rainy,normal,suburbs,15.15
13.46,10.93649279192559,morning,high,rainy,normal,suburbs,23.19
23.91,42.97636704206351,afternoon,medium,clear,normal,city_center,35.85
21.89,43.17479755974314,evening,medium,stormy,high,city_center,58.6
6.6,12.858615359999343,afternoon,low,stormy,normal,suburbs,13.73
18.68,41.576586541602246,afternoon,low,clear,high,suburbs,41.78
3.5,14.175464448770743,evening,medium,clear,normal,city_center,15.76
1.64,5.0,morning,high,rainy,high,city_center,8.79
1.68,5.0,morning,low,rainy,normal,suburbs,7.58
5.09,5.0,morning,medium,clear,normal,suburbs,7.12
17.68,47.16557450120134,afternoon,low,clear,normal,suburbs,28.56
9.72,20.613431389412717,afternoon,medium,rainy,normal,airport,22.27
1.38,5.0,evening,low,rainy,normal,city_center,8.13
24.71,45.25189730652853,morning,low,stormy,low,city_center,44.82
13.8,16.589025392957154,afternoon,medium,rainy,high,suburbs,26.33
10.45,5.075860527124721,morning,medium,clear,low,city_center,10.8
13.45,18.722723051891755,afternoon,medium,rainy,normal,city_center,23.21
13.48,33.47208644307141,morning,high,clear,low,city_center,35.13
12.29,45.61112527435911,afternoon,low,rainy,normal,city_center,29.79
15.71,18.355716634394653,evening,high,clear,low,suburbs,27.86
22.26,44.71550282648107,night,medium,rainy,normal,suburbs,40.11
8.24,24.112233284399434,afternoon,medium,clear,normal,suburbs,18.76
12.69,28.895727680567582,afternoon,medium,clear,high,city_center,26.43
1.09,8.373491904781428,evening,low,clear,high,city_center,7.52
21.64,44.04285859463989,evening,high,rainy,high,airport,69.25
8.34,24.765964578181908,afternoon,high,rainy,normal,city_center,23.96
7.51,12.84133393364463,night,high,rainy,low,suburbs,13.38
24.94,52.10508505740016,afternoon,high,rainy,normal,city_center,49.37
15.03,37.649767382473826,night,high,clear,high,suburbs,43.88
3.95,8.25986311042013,night,low,clear,high,city_center,12.74
7.37,17.213984198608557,night,high,rainy,high,city_center,26.46
9.48,15.82966490963859,morning,high,clear,normal,city_center,20.46
24.67,46.92635910411961,afternoon,medium,clear,normal,suburbs,40.37
11.33,13.798819967129258,afternoon,medium,rainy,high,airport,27.62
6.52,8.459672485124898,evening,medium,rainy,high,city_center,15.22
14.67,25.36964838948475,afternoon,medium,clear,normal,city_center,28.8
10.71,11.496354993742981,morning,medium,rainy,normal,city_center,24.45
2.32,5.0,afternoon,medium,clear,high,city_center,7.52
21.66,43.130646139247176,afternoon,high,clear,normal,suburbs,37.79
1.38,5.836829879032097,evening,high,clear,high,city_center,12.02
22.56,39.25542293168864,night,medium,rainy,normal,airport,41.52
20.0,31.764969809062183,afternoon,high,clear,high,city_center,44.4
2.82,8.877005967512112,morning,high,rainy,normal,city_center,14.98
18.37,46.543335369094315,evening,medium,clear,high,airport,50.12
19.5,65.66566977838605,afternoon,low,clear,normal,suburbs,35.85
15.46,30.70972026179066,afternoon,medium,rainy,high,suburbs,33.81
14.86,26.709175026256062,afternoon,high,clear,normal,city_center,28.13
2.19,5.0,afternoon,low,clear,normal,suburbs,8.85
2.43,12.71136844170874,morning,high,rainy,low,suburbs,12.59
18.45,32.367989226782754,evening,high,clear,high,airport,50.84
3.53,7.561907527959971,night,high,clear,normal,airport,14.95
6.8,11.772765239668223,night,high,clear,low,suburbs,10.96
12.97,15.500506997086601,evening,high,clear,normal,city_center,28.55
4.94,5.0,afternoon,high,rainy,high,airport,16.28
19.96,33.85512098550654,night,high,clear,normal,city_center,34.49
20.38,47.825935959345145,evening,medium,clear,low,suburbs,38.24
21.21,46.05578870771848,afternoon,medium,clear,normal,city_center,31.39
2.19,9.004677770932911,afternoon,high,clear,high,suburbs,8.71
11.27,22.196597736499164,evening,high,rainy,high,city_center,28.37
21.33,46.28435000139826,evening,medium,stormy,normal,airport,52.09
9.72,23.489628313669314,evening,high,clear,normal,city_center,22.38
17.7,27.573129418720832,afternoon,low,clear,normal,suburbs,27.69
15.14,26.79527717913184,afternoon,high,clear,normal,city_center,30.9
9.33,25.943779689907846,evening,medium,clear,normal,airport,24.46
7.63,13.74516834942833,morning,low,rainy,normal,airport,25.26
16.67,37.72514854307963,afternoon,medium,clear,low,airport,27.9
4.21,14.104058971514071,morning,medium,clear,low,suburbs,7.7
21.64,40.27713869970915,evening,high,clear,normal,city_center,43.51
14.83,25.383441534659834,afternoon,medium,rainy,normal,suburbs,24.05
3.68,12.665183309621565,afternoon,low,clear,high,city_center,14.67
17.88,20.76103554045016,night,low,clear,high,city_center,36.2
11.35,27.305076698383253,afternoon,medium,clear,high,suburbs,26.67
5.9,10.905022941560386,afternoon,high,clear,normal,city_center,12.66
24.07,55.65269548454468,afternoon,medium,clear,high,airport,56.67
18.27,42.517520453646505,evening,high,clear,normal,suburbs,42.36
15.23,55.59807818827439,afternoon,low,clear,high,airport,42.69
21.37,49.306281824938864,afternoon,medium,clear,normal,city_center,35.42
14.05,27.028283812962428,afternoon,high,clear,normal,suburbs,30.32
11.6,23.929350601225053,evening,medium,clear,normal,suburbs,20.26
5.55,12.157079923818502,afternoon,medium,clear,high,city_center,12.22
4.68,12.239633070078328,afternoon,medium,clear,high,city_center,18.55
11.37,18.86240156159193,evening,high,clear,normal,airport,29.15
11.94,22.400051155583917,evening,high,rainy,low,city_center,28.45
18.6,32.5682706181929,evening,medium,stormy,normal,city_center,34.64
11.61,43.0380632510326,afternoon,high,clear,high,suburbs,41.45
15.24,32.739651020899636,night,low,clear,high,city_center,25.47
20.98,37.1144557424975,evening,medium,clear,high,suburbs,46.87
24.84,51.89688899656267,evening,medium,clear,high,city_center,64.58
8.74,16.364704909539487,afternoon,low,clear,normal,suburbs,17.26
22.65,46.868597498597374,afternoon,medium,clear,normal,suburbs,38.07
20.35,44.15015939912076,afternoon,medium,clear,high,suburbs,47.13
2.63,5.210797057341398,evening,medium,clear,normal,suburbs,6.57
9.02,25.685757353389047,afternoon,high,clear,normal,suburbs,17.35
6.26,16.900941245002166,evening,medium,clear,high,airport,22.81
16.95,25.631118908434907,afternoon,medium,clear,low,suburbs,18.73
14.33,30.18257506273263,evening,high,clear,normal,city_center,32.01
12.88,14.207023834171718,afternoon,high,clear,high,suburbs,22.22
19.33,20.246063939566003,afternoon,medium,clear,high,city_center,35.87
9.0,22.517601525688452,afternoon,medium,clear,normal,suburbs,12.13
10.19,21.90550710801979,afternoon,medium,clear,normal,city_center,18.05
21.78,42.85377521906133,evening,medium,clear,normal,suburbs,37.28
24.33,52.28813374882086,morning,medium,clear,high,city_center,58.92
19.63,27.24439693421115,morning,high,clear,normal,city_center,36.6
6.21,12.780361476347395,afternoon,high,rainy,normal,suburbs,17.52
3.7,8.795689199468917,afternoon,high,clear,normal,airport,13.03
6.02,11.661323577598438,morning,high,clear,high,city_center,17.15
11.15,19.762623597235372,evening,medium,clear,high,airport,32.55
6.68,17.944940550629273,morning,high,clear,low,suburbs,15.54
22.62,44.70576324918417,evening,medium,clear,normal,suburbs,40.1
17.1,27.724218516008833,afternoon,high,clear,normal,suburbs,27.94
11.0,19.428778921984726,morning,medium,clear,normal,airport,24.16
7.57,7.427646786639181,afternoon,medium,clear,normal,suburbs,11.1
10.14,17.884976477340558,morning,high,rainy,low,city_center,19.71
12.43,46.85616896519177,morning,high,clear,normal,city_center,39.23
18.13,31.502891623192006,afternoon,low,clear,normal,airport,36.89
3.14,7.194352219087605,evening,low,clear,low,airport,10.3
21.37,38.99688304045278,afternoon,high,clear,normal,suburbs,36.65
4.06,21.53249376489317,evening,medium,rainy,normal,airport,21.11
7.3,9.366113343662136,morning,low,clear,high,airport,23.0
24.85,51.631501791739765,night,low,clear,normal,suburbs,40.6
5.57,10.178390396432789,afternoon,medium,clear,normal,city_center,9.1
3.43,5.0,morning,high,rainy,low,city_center,5.44
16.32,26.12246179286717,afternoon,low,clear,high,city_center,27.56
10.44,9.361162594087222,night,medium,clear,low,suburbs,14.93
3.2,11.917246058930154,evening,low,clear,high,suburbs,11.12
1.09,6.789532597230943,morning,medium,clear,normal,airport,9.16
2.9,5.621158158026827,morning,high,clear,low,airport,11.48
13.55,21.10251074258492,evening,medium,clear,normal,city_center,26.06
6.54,7.35893694686383,evening,high,clear,normal,suburbs,17.05
19.66,41.756706529871884,morning,high,clear,normal,suburbs,39.99
21.58,34.62541300601679,afternoon,medium,rainy,normal,airport,35.04
4.48,5.432864841111212,morning,low,clear,high,city_center,13.14
9.09,20.046410383298966,morning,medium,rainy,low,suburbs,18.22
4.52,10.32801290807718,morning,high,clear,high,city_center,15.82
7.88,13.957550674737353,afternoon,medium,clear,normal,suburbs,14.86
6.74,17.90869057192063,morning,medium,rainy,normal,suburbs,17.04
19.88,44.67904097611527,evening,low,clear,normal,suburbs,33.51
9.29,14.91528709378603,afternoon,low,rainy,normal,city_center,15.52
12.89,31.062997621846307,afternoon,high,clear,low,city_center,27.59
17.17,50.533038795701174,night,high,clear,normal,suburbs,41.32
20.73,52.64313969864081,afternoon,low,clear,high,suburbs,45.19
8.23,21.705352573641672,morning,high,clear,high,airport,38.41
6.02,10.808561484049154,afternoon,medium,clear,normal,city_center,12.93
24.48,49.351981795339064,afternoon,medium,clear,normal,city_center,40.53
8.68,24.84421085731711,afternoon,high,clear,normal,airport,23.94
17.11,29.54326573777241,afternoon,high,clear,low,suburbs,26.06
17.27,24.48381213724919,afternoon,high,clear,normal,city_center,30.55
13.34,30.55122438478907,afternoon,medium,stormy,normal,city_center,26.36
6.48,13.717937126097999,night,medium,clear,high,city_center,19.49
4.39,5.0,afternoon,high,clear,low,airport,14.41
12.69,22.03093133376494,afternoon,high,clear,normal,suburbs,18.99
13.26,42.21854366599955,evening,high,rainy,normal,suburbs,32.87
19.56,45.64506839225067,afternoon,high,clear,normal,suburbs,36.89
18.04,38.1254614305164,morning,low,clear,normal,city_center,37.98
22.89,31.88499718512983,afternoon,high,clear,normal,city_center,41.99
24.3,60.98605419746154,afternoon,low,clear,low,city_center,27.53
18.47,32.527899815735104,night,high,rainy,normal,suburbs,35.72
2.84,5.0,night,low,clear,normal,airport,11.14
10.72,21.98801905336134,evening,low,clear,high,suburbs,23.3
15.61,35.71225133628251,afternoon,medium,clear,normal,airport,31.06
15.16,32.05760649078365,afternoon,high,stormy,low,suburbs,27.79
5.35,9.403807645559173,afternoon,high,clear,normal,suburbs,10.37
14.99,30.24797686264156,afternoon,medium,rainy,normal,suburbs,24.99
9.39,23.55202028218712,night,medium,clear,normal,city_center,17.01
9.13,22.478389063440602,morning,medium,stormy,high,airport,33.39
21.02,46.42032607629043,afternoon,medium,rainy,normal,airport,40.43
11.13,20.246234868441697,afternoon,low,clear,high,city_center,25.29
13.66,31.91611165780061,evening,low,rainy,normal,airport,32.6
14.51,24.527846489922943,evening,medium,clear,normal,city_center,28.79
14.51,32.36879569653319,morning,low,clear,normal,city_center,29.5
6.11,10.601180273676666,evening,medium,clear,high,suburbs,19.28
15.39,41.439212756757065,afternoon,high,rainy,high,city_center,44.55
9.03,18.921069517499358,evening,high,clear,normal,city_center,24.36
16.72,33.9112604307594,morning,medium,clear,normal,city_center,32.54
4.5,7.216974036181568,afternoon,low,clear,high,city_center,15.41
24.86,59.59773294247002,afternoon,medium,stormy,normal,suburbs,48.93
19.53,46.226086058728704,morning,low,clear,high,airport,49.69
11.01,26.58352662806847,evening,low,clear,normal,suburbs,21.45
8.23,13.49459708960171,night,high,rainy,high,airport,26.23
10.31,16.19435697323521,morning,high,clear,low,suburbs,16.71
18.31,45.59808064296375,afternoon,medium,clear,high,airport,45.23
16.73,33.07678843622133,afternoon,medium,rainy,normal,suburbs,22.67
17.85,43.31756612484507,afternoon,low,clear,low,city_center,26.37
22.34,52.7148309027016,evening,medium,clear,normal,airport,49.8
11.95,27.508985620356405,evening,low,clear,normal,suburbs,24.18
17.07,17.312420030032847,afternoon,high,rainy,normal,airport,29.99
11.6,12.169983876963665,night,high,clear,high,suburbs,25.37
16.31,41.266399623459094,afternoon,low,rainy,normal,city_center,33.47
12.4,30.848134563800528,evening,medium,clear,high,suburbs,31.4
19.64,31.80296919442383,evening,low,clear,high,airport,42.1
1.13,5.399814868494543,morning,low,rainy,normal,suburbs,5.51
6.18,6.873943456194342,morning,low,clear,normal,suburbs,13.7
8.11,18.42091339273158,night,low,clear,normal,city_center,19.41
23.69,42.82177433734675,afternoon,high,rainy,normal,airport,47.1
13.17,23.154869509978024,evening,low,clear,low,city_center,23.53
9.74,21.981829783560215,morning,medium,clear,normal,suburbs,19.74
10.7,17.091040215804885,evening,medium,rainy,high,city_center,32.31
11.84,28.82151510914022,afternoon,medium,clear,normal,city_center,24.0
21.83,39.54406812064204,evening,low,clear,normal,airport,37.15
24.1,47.1305470476418,morning,high,clear,low,city_center,44.52
21.26,48.02439646112957,morning,medium,clear,normal,city_center,42.04
21.2,42.48066710038478,evening,medium,clear,normal,city_center,37.36
5.78,13.327910095046404,evening,medium,clear,normal,suburbs,13.43
7.45,18.22260311705553,evening,high,clear,low,airport,20.41
15.31,27.932846319392752,morning,low,clear,normal,airport,32.66
16.75,27.176997425002106,afternoon,high,rainy,high,suburbs,36.05
5.86,7.6172738641347095,night,high,rainy,low,suburbs,10.02
18.91,31.26355012028087,evening,high,clear,low,city_center,37.45
5.8,5.62659423915615,evening,high,clear,high,airport,20.18
7.31,10.846030703928962,morning,medium,clear,low,city_center,14.14
8.36,25.159570523122824,evening,high,clear,high,city_center,28.26
21.3,38.779056384951915,evening,medium,clear,normal,airport,41.26
18.57,34.68059660090719,morning,high,clear,normal,city_center,37.78
13.74,28.753362207502946,afternoon,medium,clear,high,city_center,30.67
20.67,47.31435888163092,morning,high,clear,high,airport,69.58
20.51,31.31283946864914,night,low,rainy,normal,city_center,33.91
10.36,10.366075292651699,night,low,clear,low,suburbs,13.4
19.75,45.66140738216078,morning,low,stormy,high,city_center,54.63
5.95,17.10306984795689,evening,medium,clear,high,airport,22.33
13.08,23.912720266405252,afternoon,high,clear,normal,city_center,25.38
3.84,10.844482494735626,night,low,clear,normal,city_center,11.7
11.24,20.45346016311275,afternoon,medium,clear,high,city_center,25.16
13.49,32.20572908950744,morning,medium,clear,normal,city_center,26.96
2.92,13.08872606789959,night,medium,clear,high,suburbs,12.22
12.1,32.40263220008148,night,low,clear,normal,city_center,25.8
16.64,36.13788650219385,afternoon,low,rainy,high,city_center,40.28
15.74,28.33253174403956,afternoon,high,clear,high,suburbs,38.78
2.3,5.0,evening,low,rainy,normal,city_center,6.94
3.29,5.285219743588877,morning,medium,clear,low,suburbs,5.0
9.43,16.779125221382596,evening,low,rainy,normal,city_center,16.1
21.22,34.43782320635605,night,low,clear,high,city_center,38.42
21.87,51.95966914712111,afternoon,low,clear,normal,airport,40.54
8.43,19.444353315539832,morning,medium,rainy,normal,city_center,17.41
18.25,37.69449058101481,morning,high,rainy,normal,suburbs,38.66
14.86,25.39759221292617,night,medium,clear,high,city_center,31.39
24.6,47.818104361346876,evening,medium,clear,normal,suburbs,51.4
3.27,5.0,afternoon,high,clear,normal,suburbs,11.24
14.15,34.00575243546939,night,low,rainy,high,airport,37.77
15.22,21.81338809832225,night,medium,clear,normal,city_center,28.94
8.38,17.580520945246498,night,medium,stormy,normal,suburbs,18.04
2.13,6.118325546703035,afternoon,high,clear,high,airport,11.8
2.25,6.285450976656357,evening,low,clear,normal,city_center,9.15
11.89,17.388063219381895,morning,medium,rainy,high,city_center,26.7
17.62,29.643974669323583,morning,low,rainy,high,suburbs,34.32
17.8,33.95418064845596,evening,medium,clear,normal,city_center,28.21
5.34,19.91180303266946,morning,medium,clear,normal,city_center,19.09
21.59,45.647093343438414,morning,high,clear,normal,airport,50.11
10.05,18.564016542287725,morning,high,clear,low,city_center,18.16
24.14,40.320369112687494,afternoon,medium,clear,normal,airport,40.98
3.84,10.143898761869213,afternoon,low,clear,normal,city_center,5.89
21.07,48.071264004716824,night,medium,clear,normal,airport,38.95
22.8,61.98983339068278,afternoon,low,clear,normal,city_center,41.44
20.74,38.06688967473396,afternoon,low,clear,high,suburbs,43.71
20.41,56.54891080998342,evening,medium,rainy,normal,suburbs,41.39
9.67,19.800356831954566,evening,medium,clear,high,suburbs,21.83
18.12,51.724871297495355,afternoon,medium,clear,normal,suburbs,33.13
14.9,29.307262570262253,evening,high,stormy,normal,airport,42.62
11.19,10.029547269549136,night,medium,clear,normal,city_center,17.67
24.83,48.2176380131336,evening,high,clear,high,suburbs,64.01
7.97,11.492946569053988,afternoon,high,clear,low,suburbs,12.37
10.92,17.793065453528474,evening,low,clear,normal,airport,24.02
22.67,42.219423662638704,evening,high,rainy,high,city_center,67.64
7.94,16.372741384831652,morning,medium,clear,high,city_center,24.53
4.66,11.711654246532126,evening,high,clear,low,airport,14.39
8.44,14.889509434231819,morning,high,clear,normal,city_center,15.94
19.22,52.44509066498711,afternoon,high,clear,normal,city_center,42.83
21.64,37.94455299286888,morning,medium,rainy,high,city_center,48.91
3.75,5.0,morning,medium,clear,high,suburbs,11.23
15.92,26.056706074707105,morning,medium,rainy,normal,suburbs,30.44
14.61,27.99890710781909,night,high,clear,normal,airport,35.41
17.05,27.492195061199805,morning,low,rainy,high,suburbs,34.75
17.11,28.049992719668108,morning,medium,clear,low,suburbs,28.21
24.03,50.64512457736198,evening,low,clear,normal,city_center,46.11
9.32,21.806136225824346,evening,medium,clear,low,suburbs,16.76
8.19,18.7003142189959,evening,medium,clear,high,city_center,21.47
14.95,30.45940469352289,night,high,rainy,normal,suburbs,30.51
11.31,23.19223019223457,evening,low,clear,normal,airport,25.94
12.37,13.582877921169027,evening,medium,clear,low,suburbs,19.7
2.66,5.0,afternoon,low,rainy,low,city_center,6.98
4.56,11.355147353208016,evening,high,clear,high,suburbs,17.0
23.45,50.129590452379134,evening,low,clear,high,city_center,56.71
2.64,9.983563085570427,afternoon,low,clear,high,suburbs,8.8
15.16,14.860846205476115,morning,low,rainy,normal,city_center,24.22
19.11,33.106959328044645,afternoon,medium,clear,normal,suburbs,26.36
1.28,5.0,afternoon,low,clear,high,city_center,7.4
6.35,17.048813813394435,morning,medium,rainy,normal,city_center,16.43
10.05,20.56635812898167,evening,high,rainy,high,city_center,31.72
13.16,28.21680283087723,evening,low,rainy,normal,airport,27.57
9.2,21.86853915827616,morning,medium,clear,normal,airport,24.13
16.58,25.246490691628484,afternoon,high,clear,normal,suburbs,25.69
6.43,22.399278065447838,afternoon,high,clear,high,city_center,22.88
1.61,5.0,evening,high,rainy,high,suburbs,9.23
1.04,5.0,morning,low,rainy,high,airport,16.16
9.29,19.85762936591,night,medium,clear,high,suburbs,20.59
9.68,12.536089340503407,morning,high,rainy,normal,city_center,19.16
23.77,49.18359919126297,evening,low,clear,normal,city_center,42.15
2.07,18.530432317326543,morning,low,clear,normal,suburbs,8.22
13.72,36.83569877172433,evening,medium,rainy,normal,suburbs,25.14
14.87,33.85584023020217,afternoon,low,rainy,high,city_center,33.5
17.78,20.195504260968683,evening,medium,rainy,high,city_center,37.92
16.33,41.86221019285456,night,medium,clear,normal,city_center,32.3
1.2,5.0,night,medium,stormy,normal,suburbs,5.0
16.16,22.80349380463856,night,low,clear,normal,city_center,22.46
8.74,17.38917312847542,afternoon,medium,clear,normal,suburbs,15.69
19.55,52.41675629725603,afternoon,high,clear,normal,airport,43.89
5.52,5.0,night,high,clear,high,airport,16.57
18.19,36.41650497288837,night,low,clear,low,city_center,28.96
16.01,16.633518055218197,afternoon,low,clear,high,suburbs,25.42
16.65,26.410297259111406,afternoon,high,rainy,low,suburbs,29.63
5.22,7.154631003764599,morning,low,stormy,high,suburbs,11.68
17.06,23.18346906166281,afternoon,medium,clear,normal,airport,33.13
18.69,38.61077924237341,afternoon,low,clear,normal,airport,34.72
12.75,36.75607885228204,evening,medium,clear,normal,suburbs,25.4
9.17,21.388452987011256,afternoon,high,clear,normal,suburbs,18.31
5.0,7.212256696160923,afternoon,low,clear,normal,city_center,8.19
7.96,22.02424185976258,morning,medium,clear,low,city_center,19.17
19.33,38.92926971600952,morning,medium,clear,normal,city_center,35.21
10.83,25.550765225331176,evening,low,clear,normal,city_center,20.43
17.87,47.538398581363204,morning,high,rainy,normal,city_center,46.97
18.76,41.46214979160474,night,low,rainy,low,airport,33.73
17.18,41.54911902139671,morning,medium,rainy,high,city_center,42.51
17.16,43.60416709090584,evening,high,clear,high,city_center,56.04
15.66,29.154894557129854,morning,low,clear,high,city_center,35.86
13.44,25.556892334230266,evening,low,rainy,low,suburbs,21.78
5.75,14.53299509213603,evening,medium,stormy,low,airport,21.15
21.23,29.533488146646704,morning,medium,stormy,normal,suburbs,40.03
24.14,57.763635190355046,evening,low,rainy,low,city_center,49.01
12.2,24.5664966038752,evening,medium,clear,normal,city_center,22.94
23.4,41.493985184829334,morning,medium,rainy,normal,airport,49.03
24.95,59.471623817837276,afternoon,high,rainy,normal,airport,53.52
12.67,25.472321368756532,afternoon,medium,clear,high,suburbs,28.0
18.38,30.8269155329194,evening,medium,clear,normal,suburbs,34.05
16.45,44.12346072932524,afternoon,high,clear,high,city_center,44.55
6.69,13.429465241533597,evening,high,clear,normal,city_center,23.28
2.13,10.411520098868937,night,medium,clear,normal,city_center,10.55
11.88,18.312218338504785,evening,medium,clear,high,city_center,27.34
19.89,40.931515488605626,morning,high,clear,high,suburbs,47.14
8.8,21.228944177654405,morning,high,clear,low,city_center,20.82
19.83,47.40047170605276,afternoon,low,stormy,normal,suburbs,40.66
16.72,30.81643485876398,afternoon,medium,clear,normal,suburbs,26.79
17.69,29.224255521629004,afternoon,low,rainy,normal,suburbs,27.87
7.86,9.336494448702727,afternoon,high,clear,normal,city_center,14.46
12.28,17.9943431136407,night,high,clear,low,city_center,20.85
5.36,15.434204793114748,evening,low,clear,high,suburbs,16.24
6.92,25.20138153637128,morning,high,rainy,high,suburbs,27.42
3.16,5.1917565640576555,afternoon,high,clear,normal,suburbs,7.13
4.04,5.0,evening,high,rainy,normal,city_center,11.03
6.05,10.931126672544828,morning,high,stormy,normal,city_center,18.89
14.93,15.941933494928149,morning,low,rainy,normal,suburbs,22.39
11.59,28.2884934839277,night,low,rainy,high,airport,35.86
7.41,7.013765613230199,evening,medium,clear,normal,city_center,18.98
21.67,36.858388079614855,night,medium,rainy,normal,suburbs,34.19
13.6,32.754828575995255,evening,medium,clear,low,city_center,30.48
23.15,51.11914525464777,evening,medium,clear,low,city_center,42.12
16.24,23.49685559295962,evening,medium,rainy,normal,city_center,28.13
1.38,5.0,afternoon,medium,clear,high,city_center,11.39
22.92,44.387296710359074,afternoon,medium,rainy,low,suburbs,35.0
21.58,41.738230573345845,morning,high,rainy,low,city_center,44.84
16.25,50.78899387602217,evening,medium,rainy,normal,suburbs,32.58
13.83,25.48957164768712,morning,high,clear,normal,city_center,31.74
11.87,19.36299926106141,evening,low,clear,normal,airport,24.77
12.57,15.765956076618895,afternoon,low,rainy,low,city_center,18.41
19.46,32.40380737151816,night,medium,clear,high,suburbs,40.68
13.32,20.22469189550804,afternoon,low,stormy,normal,suburbs,22.61
5.22,5.0,afternoon,medium,stormy,high,suburbs,13.26
2.4,5.0,afternoon,high,rainy,normal,city_center,10.34
4.03,11.299601819135507,afternoon,low,clear,normal,city_center,9.47
7.03,23.03896543106656,afternoon,low,rainy,normal,suburbs,19.65
9.83,19.26215405590642,morning,medium,clear,normal,suburbs,20.46
22.42,54.75232190102819,evening,high,clear,low,airport,48.33
6.74,25.84995809393076,morning,medium,stormy,normal,suburbs,21.92
8.67,19.749541262992615,night,medium,clear,high,city_center,20.22
6.35,11.39563793436324,afternoon,low,rainy,high,suburbs,16.35
14.1,38.724158793210094,afternoon,medium,clear,normal,city_center,25.11
15.81,33.41087497569924,night,medium,clear,normal,airport,31.8
13.77,48.88694891999662,evening,medium,clear,high,suburbs,42.72
23.84,52.081692760388435,afternoon,medium,clear,high,suburbs,52.16
24.89,49.93707642489245,afternoon,medium,rainy,low,city_center,36.19
21.1,29.17236184558294,morning,high,rainy,normal,city_center,42.62
20.33,59.67116484380708,evening,low,stormy,normal,suburbs,44.47
9.79,15.180778168097532,evening,medium,rainy,low,suburbs,19.08
14.91,38.02072384558649,night,medium,rainy,high,city_center,39.55
9.44,19.80377867070819,afternoon,high,clear,normal,suburbs,17.61
19.82,39.44065097037531,morning,medium,clear,normal,city_center,37.88
5.12,6.2391844087667225,morning,low,clear,low,suburbs,8.97
6.2,7.1079348139104574,night,low,clear,normal,city_center,9.83
1.93,5.0,night,low,rainy,high,city_center,12.75
15.61,30.887446700027887,afternoon,medium,clear,high,city_center,36.6
17.52,40.372588557290136,afternoon,medium,rainy,high,airport,41.27
1.08,5.0,evening,low,stormy,low,suburbs,5.4
13.26,18.325006947714755,afternoon,low,clear,high,suburbs,22.92
10.04,16.494510998222456,night,high,clear,high,airport,22.74
20.02,38.558665131059016,evening,medium,clear,high,suburbs,46.83
1.93,5.0,evening,high,rainy,normal,suburbs,5.38
2.17,5.645366442993718,evening,low,clear,normal,airport,10.92
15.89,33.55160571842054,morning,medium,clear,high,city_center,41.33
15.2,35.92706412609956,morning,low,clear,low,suburbs,27.67
20.95,56.0214353216016,night,low,clear,normal,airport,43.15
15.21,32.12333281096511,morning,medium,clear,normal,city_center,24.7
23.78,60.23026752396552,morning,low,clear,normal,airport,49.93
8.55,23.936280822147847,evening,high,clear,high,city_center,25.83
10.55,25.26589240759903,morning,medium,clear,high,city_center,27.13
24.46,31.17714837192124,evening,low,clear,high,airport,56.02
3.58,5.0,evening,medium,rainy,high,city_center,12.33
20.1,37.66772941301611,morning,high,clear,normal,city_center,37.64
1.28,10.552242625594438,morning,high,clear,high,suburbs,10.67
12.68,17.195377893208807,afternoon,low,rainy,normal,airport,28.63
4.68,5.0,morning,high,clear,high,airport,16.68
15.37,25.807557890019552,morning,medium,clear,normal,city_center,23.09
20.16,38.76070620542303,night,high,clear,low,suburbs,33.54
1.79,5.0,night,high,clear,high,city_center,15.11
4.93,9.489286673031568,morning,high,stormy,high,suburbs,17.0
9.22,21.622283731999257,evening,medium,rainy,normal,airport,29.01
7.14,11.579133834730888,afternoon,high,clear,normal,city_center,14.87
10.2,20.446380496647993,afternoon,medium,clear,low,suburbs,21.46
23.84,50.34748709212985,night,medium,clear,low,city_center,36.98
3.43,5.0,morning,high,clear,normal,city_center,9.57
11.16,26.990083916164657,night,high,clear,low,airport,28.12
11.97,18.897158191827266,afternoon,medium,clear,low,city_center,16.22
7.73,6.018472616347436,evening,high,rainy,normal,suburbs,13.5
7.68,11.534022517663537,night,medium,clear,high,city_center,17.8
18.15,27.516568098340258,evening,high,clear,high,suburbs,48.73
15.83,26.882757011469497,evening,medium,clear,normal,airport,27.77
20.51,33.46458695824929,morning,medium,clear,high,city_center,43.19
10.72,23.84385560856983,evening,low,clear,low,city_center,23.86
15.56,37.179494402025426,afternoon,low,clear,normal,city_center,27.29
22.45,36.1175698672862,afternoon,medium,clear,normal,suburbs,29.64
21.43,48.263258165814584,morning,high,clear,high,airport,66.64
23.08,58.031196804241304,evening,low,clear,high,city_center,57.91
7.46,22.52031160270422,afternoon,low,clear,high,city_center,19.16
24.65,45.411901422859835,morning,low,clear,normal,city_center,39.79
20.59,54.673221562731705,evening,high,clear,high,city_center,63.13
20.08,33.04609144461395,afternoon,high,clear,low,city_center,26.14
17.02,20.34840309425635,evening,low,clear,low,suburbs,21.08
24.6,60.02016273204943,night,medium,clear,normal,city_center,47.8
11.6,17.240319127895113,afternoon,high,clear,low,city_center,20.89
18.8,50.575123739676194,evening,low,clear,high,suburbs,47.06
17.77,28.724484927192663,night,medium,clear,normal,city_center,25.42
18.57,50.36190845086372,evening,low,clear,low,airport,36.71
19.04,36.489490809494185,night,medium,clear,high,suburbs,34.51
5.58,16.091043196909943,morning,low,stormy,normal,suburbs,15.93
9.38,25.41160237728243,afternoon,low,clear,normal,airport,23.38
10.41,26.95800851208755,evening,high,clear,low,city_center,26.24
18.95,32.77516552916505,afternoon,medium,clear,high,suburbs,39.37
18.19,52.772611817546725,afternoon,low,clear,high,suburbs,44.05
21.0,42.977649042395655,afternoon,low,rainy,high,city_center,44.88
19.92,31.710045800948787,evening,low,stormy,normal,city_center,36.48
15.3,30.35106364297654,evening,medium,clear,normal,suburbs,26.74
4.36,5.0,evening,low,clear,normal,airport,12.78
16.25,29.71330530201595,night,low,rainy,high,suburbs,36.08
22.29,42.19857205113069,afternoon,medium,clear,normal,city_center,33.15
16.44,31.742882038012155,evening,medium,clear,normal,suburbs,30.35
22.5,34.5346895228572,morning,high,rainy,low,city_center,38.47
24.98,43.98335957248138,night,low,rainy,normal,suburbs,39.86
9.62,14.522660500198134,night,low,clear,low,airport,16.44
18.36,38.782731714364246,night,low,clear,low,airport,36.42
13.96,19.402837342736568,night,medium,rainy,normal,city_center,22.6
11.92,21.615981677331053,evening,low,rainy,low,airport,25.04
6.76,23.657632290474403,morning,low,clear,low,city_center,13.24
6.9,16.08213808192698,night,high,clear,low,airport,20.21
5.44,5.0,morning,medium,stormy,normal,suburbs,13.4
16.16,28.642200654297397,night,high,clear,low,airport,29.5
4.41,16.474231622671844,evening,medium,rainy,normal,city_center,14.48
11.35,27.775753279670525,afternoon,high,clear,normal,suburbs,20.85
13.56,34.836511038113855,afternoon,medium,clear,normal,airport,28.91
11.52,22.716258407039767,afternoon,low,clear,high,suburbs,25.67
21.52,31.123289487640434,evening,medium,clear,high,city_center,51.33
11.64,24.249959590858918,evening,high,rainy,high,suburbs,36.84
2.99,8.926077530956839,afternoon,high,clear,high,city_center,9.39
24.81,69.66120557108377,afternoon,low,rainy,low,city_center,41.62
21.28,35.61002469446097,morning,high,clear,normal,city_center,44.34
16.84,37.71996468234843,afternoon,medium,clear,normal,city_center,21.91
19.15,41.363022253567664,evening,medium,clear,low,city_center,34.59
4.08,11.19117823502913,evening,low,clear,normal,suburbs,10.34
19.38,33.86906607652285,morning,medium,clear,high,suburbs,48.75
5.99,11.956380974844304,evening,medium,rainy,high,suburbs,17.1
12.74,36.504996356751334,night,high,clear,normal,airport,37.87
5.27,11.431487030449798,evening,high,clear,normal,city_center,14.17
19.09,40.44353939060174,morning,high,clear,high,city_center,55.92
6.9,5.0,evening,low,clear,high,suburbs,14.32
7.08,13.591766774418353,morning,low,clear,high,suburbs,21.81
3.62,5.0,morning,medium,clear,low,city_center,11.95
18.29,44.87231894979621,morning,low,rainy,low,airport,36.57
8.1,13.012002030632434,afternoon,medium,clear,high,airport,18.06
13.44,15.542135501667559,evening,low,clear,high,city_center,29.73
8.97,13.111924651434272,evening,low,clear,high,suburbs,23.89
19.59,30.848512103910142,afternoon,low,clear,high,city_center,32.68
6.44,18.37607988254379,afternoon,high,clear,high,city_center,25.67
23.58,48.94285801983689,morning,medium,clear,normal,airport,45.84
8.71,20.535414951752703,night,medium,rainy,high,suburbs,26.21
3.49,11.918105543582254,afternoon,medium,stormy,normal,city_center,11.51
6.77,19.446292245657325,morning,low,rainy,high,city_center,25.48
2.77,6.250268989169479,night,high,clear,high,city_center,12.54
12.25,23.725765238855193,morning,medium,clear,normal,city_center,27.06
7.01,12.457371386421823,morning,low,clear,normal,airport,17.22
22.27,62.73956744274281,night,medium,clear,high,airport,56.98
13.41,32.042478992759676,morning,low,clear,high,airport,41.14
6.6,17.151733345640963,morning,medium,clear,normal,airport,22.82
11.83,25.49277979328816,afternoon,high,clear,normal,suburbs,21.97
5.7,14.306741581091064,afternoon,high,clear,low,suburbs,12.81
5.29,6.315095665301699,night,low,stormy,normal,city_center,9.93
8.22,17.43042924073668,evening,medium,clear,low,airport,16.49
3.6,5.0,afternoon,medium,clear,low,city_center,8.47
5.53,11.391393151162525,morning,low,stormy,normal,suburbs,14.64
23.51,37.05059286031061,afternoon,low,clear,high,city_center,42.06
17.0,26.37147309969339,night,medium,clear,normal,suburbs,29.19
23.11,77.82471270119973,morning,low,clear,normal,suburbs,48.42
7.16,15.14088206719954,morning,low,rainy,normal,suburbs,17.88
21.57,28.788134833818056,morning,medium,rainy,normal,airport,37.59
9.69,30.492656683879414,evening,high,clear,low,city_center,26.17
4.46,8.007872254553137,night,medium,clear,high,city_center,13.2
20.31,39.65735665865081,afternoon,low,clear,normal,suburbs,32.64
2.43,5.0,morning,medium,clear,normal,city_center,9.12
10.72,16.474246897361176,evening,low,clear,normal,suburbs,18.94
20.66,54.95690973374006,morning,low,clear,normal,city_center,41.73
15.81,35.27044385609615,afternoon,medium,rainy,high,suburbs,37.57
13.43,29.545856967249428,afternoon,low,rainy,high,suburbs,26.39
9.49,21.959166077995906,afternoon,medium,clear,high,city_center,17.7
2.8,5.0,morning,low,clear,high,suburbs,13.56
24.78,47.70787756334417,evening,low,stormy,high,city_center,59.46
5.19,5.0,morning,medium,clear,high,airport,21.52
7.13,20.017979881070392,afternoon,medium,rainy,high,suburbs,17.86
6.66,8.919615650953514,evening,high,clear,high,city_center,23.21
22.79,50.52486284814332,evening,low,clear,normal,city_center,45.74
19.33,33.93703617476271,evening,high,rainy,normal,airport,44.77
11.98,24.32895747866309,afternoon,medium,clear,normal,city_center,21.07
23.93,53.955331801837175,morning,high,clear,normal,airport,54.83
2.27,9.570909861056705,afternoon,low,clear,low,city_center,7.63
22.45,40.44358363586879,evening,high,rainy,normal,city_center,48.85
2.45,5.0,afternoon,high,clear,normal,suburbs,11.93
10.39,15.145816088975641,evening,low,clear,normal,city_center,14.07
2.3,7.7475484134878965,evening,low,rainy,normal,city_center,8.6
24.98,47.33724994787381,morning,medium,clear,normal,suburbs,45.58
22.95,38.93208147363659,evening,low,rainy,normal,airport,40.45
15.04,29.380633004810658,evening,low,clear,normal,suburbs,29.21
6.23,26.35121533923326,afternoon,high,clear,low,city_center,20.8
7.64,5.0,evening,high,clear,normal,airport,20.41
11.79,25.277604998906476,evening,high,clear,normal,airport,30.23
8.75,21.818993345797036,evening,high,clear,normal,suburbs,23.68
1.51,5.0,afternoon,medium,rainy,normal,suburbs,5.0
16.75,23.629020501069014,evening,high,clear,normal,suburbs,30.1
15.72,18.193065317671596,afternoon,high,clear,normal,city_center,27.58
22.7,41.0232200145451,afternoon,medium,rainy,normal,city_center,36.09
12.44,19.45280299117305,morning,low,clear,normal,suburbs,22.82
9.27,31.085143139921268,night,medium,clear,normal,city_center,24.49
13.28,19.584232781959557,morning,high,clear,high,city_center,37.49
5.67,18.369041712164552,evening,low,rainy,normal,city_center,14.22
16.01,23.74669245917755,afternoon,low,clear,high,suburbs,30.02
19.48,41.25995825965475,evening,high,rainy,high,suburbs,55.75
4.68,5.0,afternoon,low,rainy,normal,city_center,14.45
8.64,21.585893092082937,morning,medium,clear,low,airport,18.47
21.83,51.13808019881062,morning,high,clear,normal,city_center,49.93
13.13,28.727990815658053,afternoon,low,clear,low,suburbs,18.84
13.76,27.54179476468662,afternoon,medium,rainy,low,airport,26.23
18.34,40.98034907098113,evening,medium,clear,low,city_center,29.82
14.87,19.692035024487808,evening,low,clear,normal,city_center,22.42
2.67,7.820719125194051,afternoon,medium,rainy,high,suburbs,5.86
20.3,40.726064613737925,evening,medium,clear,normal,suburbs,33.25
23.15,32.9556938653905,morning,medium,clear,normal,city_center,37.39
2.28,5.0,night,low,clear,low,airport,15.89
3.91,5.0,morning,high,rainy,normal,airport,16.82
17.85,25.794291987981826,evening,high,clear,normal,city_center,33.05
15.51,31.244510519360116,afternoon,high,rainy,high,suburbs,38.61
10.18,18.291670590456008,evening,medium,clear,high,suburbs,21.66
13.94,23.780344157515554,afternoon,high,clear,low,airport,20.3
17.88,35.21245316754634,evening,high,clear,normal,airport,42.21
13.11,27.577260837571718,night,high,clear,normal,city_center,27.14
4.36,7.921556952174168,evening,high,clear,normal,city_center,11.92
3.15,6.098590384006349,morning,low,rainy,normal,city_center,8.1
11.53,31.153030007729065,afternoon,low,clear,low,suburbs,17.31
23.15,26.493078867153855,morning,medium,clear,normal,suburbs,35.65
14.39,34.95671198150929,afternoon,high,clear,high,suburbs,34.7
9.6,21.81752653009183,afternoon,high,clear,high,city_center,27.05
22.81,46.65822189876337,evening,low,clear,low,airport,36.13
10.33,22.777676723544396,night,medium,rainy,normal,airport,29.58
13.22,17.99569366646213,afternoon,medium,clear,low,city_center,20.41
3.8,5.0,evening,medium,rainy,high,city_center,10.66
18.7,42.01854242132788,night,medium,clear,normal,suburbs,31.74
17.81,34.77577142648545,evening,high,clear,high,city_center,51.36
20.06,31.12652094588693,evening,high,rainy,low,suburbs,38.06
8.8,18.76323447392626,evening,medium,clear,high,city_center,23.17
11.47,23.75318719353034,afternoon,low,clear,low,airport,20.1
5.04,5.0,night,medium,rainy,normal,suburbs,7.23
24.15,50.796664351719144,afternoon,low,clear,normal,suburbs,38.39
3.07,9.964623788841289,morning,medium,clear,normal,suburbs,8.31
16.58,21.8296998717899,evening,low,clear,normal,city_center,27.94
17.93,29.919382933037937,afternoon,low,rainy,normal,airport,32.57
4.79,5.0,morning,medium,clear,high,airport,15.48
9.77,18.17459178387023,morning,medium,clear,normal,suburbs,15.15
2.04,5.0,afternoon,high,clear,normal,city_center,10.3
14.36,39.46960504941117,morning,medium,clear,high,airport,45.12
24.88,57.1083495823235,morning,medium,clear,low,suburbs,42.92
11.32,15.333108535067444,morning,high,rainy,normal,city_center,24.15
24.76,68.18922154446385,evening,low,clear,high,suburbs,60.09
4.03,10.814007389833728,morning,low,clear,normal,city_center,10.24
10.42,20.37329161099623,evening,low,stormy,normal,city_center,23.93
22.65,39.60572838931446,evening,medium,clear,high,suburbs,48.92
22.04,45.671961408609256,evening,medium,rainy,high,airport,60.88
8.77,8.726671468959417,morning,high,clear,normal,suburbs,15.74
17.29,24.873944979001088,evening,medium,clear,low,city_center,23.38
22.27,47.36780171620346,morning,low,clear,normal,city_center,36.03
19.41,34.11163583788407,night,high,rainy,high,city_center,50.26
16.08,36.413541493010506,morning,low,stormy,high,suburbs,42.35
4.66,13.898890014908101,morning,high,rainy,high,airport,22.91
2.75,11.460689406266782,morning,medium,clear,normal,suburbs,7.13
15.75,40.13140710671686,night,medium,rainy,normal,city_center,34.93
13.01,44.8143116119698,morning,high,clear,normal,suburbs,32.29
6.71,13.91081390888088,morning,low,clear,low,airport,19.24
8.03,17.709037305694558,morning,medium,clear,normal,suburbs,13.07
10.41,21.44329364881264,night,high,rainy,low,suburbs,21.38
12.89,35.91856452713646,afternoon,low,rainy,high,city_center,32.62
10.37,12.346771492418895,night,high,clear,high,city_center,24.66
10.3,36.18031864388833,night,medium,clear,low,suburbs,21.64
3.78,14.27353521967742,evening,high,clear,low,airport,16.12
21.77,45.125698142207185,morning,low,clear,normal,city_center,41.1
15.62,35.409485573024085,night,high,clear,high,suburbs,40.08
4.51,9.718573108981053,afternoon,medium,clear,normal,suburbs,5.93
11.17,15.613334079036408,afternoon,low,clear,high,suburbs,19.12
11.0,19.72337531399102,evening,medium,rainy,normal,city_center,21.62
15.41,36.18182044448587,evening,high,clear,normal,airport,40.33
15.61,37.70759139601814,night,medium,clear,high,suburbs,34.13
16.49,43.94581209115209,night,low,clear,low,city_center,30.63
17.75,29.85486968531483,afternoon,low,clear,normal,city_center,29.96
3.48,5.0,morning,low,clear,normal,airport,11.49
8.32,19.50650395681113,night,low,clear,normal,suburbs,16.64
1.42,5.0,morning,medium,clear,normal,city_center,12.34
11.91,27.57370721255919,evening,medium,clear,normal,suburbs,24.32
11.31,21.06935463477136,morning,high,clear,normal,airport,25.82
18.62,42.66248948625217,afternoon,high,clear,normal,suburbs,34.81
5.01,19.312774663784943,afternoon,medium,clear,high,suburbs,14.49
16.16,43.982297006198046,evening,low,clear,high,city_center,44.11
8.36,15.120492948063719,night,medium,clear,normal,airport,22.57
10.17,12.67439939525529,night,medium,rainy,low,suburbs,10.08
18.26,46.7478929151173,afternoon,low,clear,high,airport,48.17
2.72,5.0,afternoon,high,clear,normal,city_center,8.94
9.23,41.16532387691349,afternoon,medium,clear,low,city_center,23.8
10.39,28.744177586204195,afternoon,high,rainy,high,suburbs,32.1
18.18,59.19132662511904,afternoon,medium,rainy,low,city_center,33.96
5.78,5.0,night,medium,clear,low,suburbs,9.27
23.74,33.9314147705448,afternoon,medium,rainy,normal,city_center,38.43
24.95,59.80510366342844,morning,low,rainy,normal,city_center,52.75
20.65,33.699205475829054,evening,low,clear,high,suburbs,45.59
8.19,7.261476762710126,afternoon,low,clear,high,city_center,14.22
16.93,22.41051474878597,morning,medium,clear,normal,city_center,31.7
3.0,11.66787325955493,evening,low,clear,high,suburbs,14.46
21.91,72.6030263809319,morning,medium,clear,normal,city_center,53.7
13.38,43.76073633097361,evening,medium,clear,low,city_center,26.62
5.23,6.065782348167643,evening,medium,clear,high,airport,16.24
8.86,19.776896493712524,afternoon,medium,clear,high,suburbs,20.87
20.22,43.27727783282704,afternoon,high,clear,normal,suburbs,39.54
21.89,45.92403721587863,evening,medium,clear,normal,city_center,38.09
13.47,18.510943962322862,evening,high,clear,low,suburbs,19.93
12.53,20.667033539521842,night,high,clear,low,airport,25.94
19.02,49.12029508449357,night,medium,clear,normal,airport,37.57
20.83,47.43581592511674,morning,low,clear,high,city_center,49.74
19.36,31.346057662864176,afternoon,low,stormy,low,city_center,29.06
10.23,24.944745684890506,morning,low,rainy,normal,suburbs,16.29
16.41,35.33901182848301,morning,low,clear,normal,suburbs,30.16
21.58,66.39118511276628,afternoon,high,rainy,normal,city_center,50.42
4.64,6.330222422928713,afternoon,low,clear,high,airport,11.01
10.32,23.274967899430457,evening,high,clear,normal,airport,27.28
2.36,8.500112263559954,evening,medium,clear,high,suburbs,12.0
10.81,15.046440388390216,afternoon,medium,clear,normal,suburbs,15.0
19.53,28.764529010767156,night,low,rainy,high,city_center,39.09
5.73,7.98973580084709,evening,high,clear,high,suburbs,16.73
14.01,29.888388645970803,evening,low,rainy,normal,suburbs,22.0
1.88,5.0,afternoon,medium,clear,high,airport,15.32
22.54,48.780030791635376,morning,low,clear,normal,airport,45.94
20.68,45.85333099103882,morning,high,clear,normal,suburbs,45.55
13.59,20.55146552904657,afternoon,medium,clear,normal,city_center,23.04
17.94,41.70095718928415,night,medium,clear,normal,city_center,33.05
3.49,7.785310088454128,afternoon,low,clear,high,airport,14.16
21.29,39.84077179962298,afternoon,medium,clear,high,suburbs,47.93
18.17,38.34660551129025,afternoon,low,clear,normal,city_center,25.89
3.88,9.374865004645336,evening,medium,stormy,normal,suburbs,12.48
24.54,64.27189100520394,night,low,clear,normal,airport,45.31
1.54,8.096687947257198,morning,high,clear,normal,suburbs,11.26
16.08,58.68100215126689,evening,low,clear,normal,airport,42.52
5.12,13.412893329865266,afternoon,medium,clear,normal,suburbs,7.08
18.26,35.351910071604195,afternoon,low,clear,normal,suburbs,28.51
2.69,9.002767272759383,afternoon,high,clear,low,city_center,11.53
2.95,6.158742018855596,afternoon,low,clear,normal,city_center,8.53
12.19,21.54087488872615,morning,high,stormy,normal,airport,36.09
24.86,39.08475020728073,morning,low,clear,normal,suburbs,42.2
7.64,14.044824009746605,evening,medium,rainy,normal,suburbs,17.58
15.7,32.28537099842358,evening,high,clear,low,city_center,30.52
13.45,21.542080487205876,evening,high,clear,normal,city_center,31.41
21.21,53.90454439689689,afternoon,medium,clear,high,suburbs,49.12
7.93,24.30591584818297,evening,high,clear,high,suburbs,26.81
14.32,22.991795417683484,night,low,rainy,normal,city_center,25.03
23.81,57.273169582026256,night,medium,clear,high,airport,60.8
8.98,23.200671090281322,morning,high,rainy,high,suburbs,30.75
11.55,26.66580172210666,morning,medium,clear,high,city_center,28.36
22.33,90.0,evening,high,stormy,normal,suburbs,77.35
8.98,19.381033251331683,morning,medium,rainy,low,airport,24.0
10.14,20.05396880784271,evening,high,clear,normal,airport,25.78
8.3,24.368878279049838,afternoon,low,clear,normal,suburbs,17.22
20.43,44.75877629524961,morning,high,clear,high,airport,62.85
23.33,48.037977044354804,evening,medium,clear,high,suburbs,51.17
16.15,43.149553179427535,morning,medium,rainy,normal,suburbs,35.13
15.97,40.486183566695765,morning,low,clear,normal,suburbs,31.77
10.36,8.026428077932874,evening,low,clear,normal,airport,23.74
1.3,6.256272620886639,morning,low,stormy,normal,city_center,8.24
5.17,9.384963365294208,afternoon,medium,clear,normal,city_center,15.16
4.54,13.678506771919473,afternoon,medium,clear,normal,suburbs,9.56
3.78,5.0,morning,high,clear,normal,city_center,9.99
16.7,33.27151594125126,morning,low,clear,low,airport,27.14
4.27,5.0,morning,high,clear,normal,suburbs,9.43
3.06,8.399276880629616,afternoon,low,clear,high,city_center,9.61
10.18,16.028067398154704,night,medium,clear,low,suburbs,13.48
6.98,11.167138905682194,evening,high,clear,low,city_center,13.81
4.5,7.357425343373305,evening,medium,clear,normal,suburbs,7.07
4.51,7.802119487280298,evening,medium,clear,normal,city_center,8.86
7.15,14.748218883584922,evening,low,clear,normal,suburbs,14.02
13.88,40.63257576614901,afternoon,medium,clear,low,airport,30.48
19.19,47.731125016538456,night,high,clear,high,suburbs,55.34
21.47,38.263935858058105,evening,medium,clear,normal,city_center,39.49
19.03,35.58499710048767,evening,high,clear,normal,suburbs,34.57
16.08,30.635830406348276,morning,high,rainy,high,suburbs,46.1
22.78,50.21495684470048,evening,high,clear,high,airport,71.64
13.47,29.429577501202377,afternoon,low,clear,low,city_center,21.67
16.2,37.76546023393665,evening,medium,clear,high,city_center,45.84
10.88,18.91326685637862,evening,low,rainy,low,suburbs,16.99
8.86,18.196178299000568,morning,medium,rainy,high,suburbs,22.56
8.96,21.41502542992327,afternoon,high,rainy,low,suburbs,16.37
4.56,5.0,night,low,clear,low,suburbs,8.07
20.12,39.836276817197756,morning,high,clear,normal,city_center,40.71
2.33,5.0,evening,medium,stormy,normal,airport,11.72
17.19,30.709531459658262,afternoon,medium,clear,normal,airport,32.21
21.75,47.667696770249606,afternoon,high,clear,high,suburbs,55.94
12.94,40.49629125676213,night,high,clear,low,city_center,27.2
2.68,5.2732321010167045,evening,high,clear,normal,airport,16.47
11.28,25.031936554058646,afternoon,medium,stormy,normal,city_center,27.62
9.24,30.320724310411602,evening,medium,rainy,low,airport,23.45
24.65,23.370081179058083,morning,low,clear,low,suburbs,28.57
17.59,31.09744211660126,morning,high,clear,normal,city_center,35.15
18.31,46.88533427287076,evening,medium,rainy,low,city_center,34.08
13.38,18.9707908405786,night,medium,clear,normal,airport,25.93
18.03,66.96708993440642,evening,high,rainy,normal,suburbs,55.08
18.34,46.1933994916283,afternoon,medium,clear,low,suburbs,29.04
2.59,5.0,morning,high,clear,high,city_center,11.37
6.34,8.150303653259101,morning,medium,clear,normal,city_center,17.02
1.31,5.0,afternoon,low,clear,normal,city_center,5.0
13.24,27.386131846851,night,medium,clear,high,city_center,31.67
22.02,44.03939425877718,afternoon,medium,rainy,high,suburbs,46.81
15.63,9.73382445674571,evening,high,clear,low,suburbs,19.88
13.0,22.30914300106666,morning,low,clear,normal,suburbs,20.0
23.22,38.016469228167324,afternoon,medium,clear,high,suburbs,44.46
5.13,5.0,morning,medium,clear,high,suburbs,15.97
2.79,5.0,night,medium,rainy,normal,airport,12.77
23.02,44.750689987119515,morning,low,clear,normal,city_center,37.89
22.67,41.460023783183786,morning,medium,clear,normal,suburbs,37.61
17.39,31.001244537579474,morning,low,clear,high,airport,43.19
6.9,15.873373456352665,morning,medium,clear,normal,city_center,14.71
24.27,51.07694807408936,afternoon,medium,rainy,high,suburbs,53.5
19.37,28.784767567340893,night,low,rainy,normal,suburbs,30.19
17.17,28.293317996531936,night,high,clear,high,airport,43.8
6.35,21.30130825393906,evening,high,clear,high,city_center,20.16
13.31,32.79581351054514,evening,high,rainy,high,city_center,43.77
20.74,48.23508685142462,afternoon,high,rainy,high,city_center,58.15
21.65,49.0686145984667,night,medium,rainy,low,suburbs,36.5
14.47,17.535943002022538,morning,medium,clear,high,city_center,34.98
13.55,23.7289078169092,afternoon,low,clear,normal,city_center,23.4
17.74,31.12291939241851,morning,low,rainy,low,city_center,28.02
13.68,18.834039142782494,night,medium,clear,normal,suburbs,19.12
11.02,17.212065820092207,afternoon,low,clear,normal,airport,20.32
3.05,5.0,morning,high,rainy,low,city_center,8.27
4.03,5.0,morning,low,clear,high,airport,15.56
19.25,26.002649795299845,afternoon,low,clear,high,city_center,31.4
1.59,9.019880053999458,afternoon,medium,clear,high,city_center,7.84
2.26,5.0,evening,medium,rainy,normal,airport,10.96
22.71,18.403762436301157,evening,low,clear,normal,airport,34.59
17.9,29.610380497150107,evening,low,clear,high,suburbs,39.67
1.1,6.260049490038543,afternoon,medium,clear,normal,suburbs,5.0
8.49,14.817860129697218,afternoon,high,rainy,high,city_center,17.86
19.32,36.20948020575386,night,low,rainy,low,city_center,32.09
11.02,18.285877467995874,afternoon,high,clear,normal,suburbs,18.91
12.25,26.824082086436462,afternoon,medium,clear,high,city_center,28.04
12.01,25.047868870364738,evening,high,clear,high,city_center,37.74
5.85,9.290319518073911,evening,low,clear,low,suburbs,12.55
18.31,37.9257076819341,night,high,rainy,high,airport,54.25
3.47,15.168250327754293,afternoon,medium,clear,normal,city_center,11.35
13.17,26.479227847711392,afternoon,low,rainy,normal,city_center,22.39
5.08,10.04197439222719,evening,high,rainy,normal,city_center,12.08
2.12,5.0,evening,medium,clear,high,suburbs,8.8
4.44,13.253508934695333,morning,low,clear,high,city_center,12.81
21.86,45.719972959638255,night,high,clear,high,airport,59.29
5.23,13.779255270561539,morning,high,clear,normal,city_center,20.49
7.68,25.09554906784065,morning,low,clear,normal,airport,19.49
4.31,13.733263386530233,evening,medium,clear,low,city_center,12.95
18.65,49.663975954224405,morning,medium,clear,normal,city_center,38.94
11.69,27.847071821265214,morning,low,clear,high,city_center,29.06
23.65,47.41284255596268,night,medium,clear,high,airport,54.16
16.94,47.17667004004308,evening,low,clear,normal,suburbs,34.44
13.75,13.131706236725824,night,low,clear,normal,suburbs,23.57
16.76,27.66568786903076,morning,low,rainy,normal,city_center,32.19
1.97,10.80095903618877,morning,low,clear,high,suburbs,11.75
23.82,47.29755455915127,afternoon,high,stormy,normal,city_center,48.83
23.95,31.701160996551856,morning,medium,clear,normal,city_center,35.89
7.63,18.605617817615556,afternoon,low,rainy,normal,city_center,14.02
16.08,27.51348424200302,night,low,clear,normal,suburbs,27.39
5.85,25.613541728799596,afternoon,medium,clear,normal,airport,18.81
14.14,18.36140232680031,evening,medium,clear,normal,suburbs,23.34
19.5,42.916293434711484,evening,medium,clear,high,city_center,49.46
23.56,37.50087464952996,morning,low,clear,normal,city_center,38.79
9.14,8.692953911053317,morning,high,clear,normal,city_center,17.69
17.64,31.7871064137747,evening,high,rainy,low,suburbs,34.73
18.19,29.900353300602095,morning,high,rainy,high,city_center,47.75
6.31,6.6642842257814685,afternoon,high,clear,low,city_center,12.87
16.1,20.97302221253033,evening,low,clear,low,suburbs,26.98
16.73,33.25829233904369,afternoon,medium,clear,low,suburbs,24.07
19.34,33.91480857955471,afternoon,low,rainy,normal,suburbs,28.23
25.0,30.192949161113013,evening,high,clear,normal,suburbs,42.5
1.97,5.0,afternoon,high,rainy,low,city_center,9.17
5.86,20.771627203724044,afternoon,low,clear,normal,city_center,11.45
4.48,16.95225191781297,morning,high,clear,high,city_center,23.73
4.71,5.0,evening,medium,clear,normal,city_center,10.58
11.9,24.24309579726174,evening,high,clear,low,suburbs,24.28
22.08,44.563778214625714,night,high,clear,high,suburbs,53.89
11.77,20.371379528412994,evening,low,clear,normal,suburbs,20.19
17.04,39.67308508242315,evening,high,rainy,high,city_center,51.13
10.04,15.681902596327035,evening,low,clear,normal,suburbs,14.71
8.67,17.367772768511667,afternoon,medium,clear,high,suburbs,16.21
21.02,31.920350985427206,afternoon,medium,clear,high,suburbs,35.23
16.73,38.85295560097172,evening,low,clear,normal,suburbs,34.19
9.42,5.0,afternoon,high,clear,normal,city_center,14.38
22.94,37.42403934360816,night,medium,clear,normal,city_center,37.28
12.96,23.19535433742499,evening,medium,clear,normal,suburbs,24.36
5.52,5.0,morning,medium,clear,normal,suburbs,9.91
12.6,29.612139093181465,morning,medium,clear,normal,city_center,28.64
17.19,21.328795047709686,morning,low,clear,normal,city_center,30.35
9.81,15.219503228236213,night,low,clear,normal,city_center,16.97
21.25,43.00557163525843,afternoon,low,clear,normal,airport,35.23
13.8,23.378387374791828,evening,high,clear,high,suburbs,38.99
12.23,16.33624077476896,afternoon,low,stormy,high,suburbs,21.35
21.61,49.54092132800422,night,medium,rainy,normal,city_center,42.69
12.11,33.88435494627274,afternoon,medium,clear,normal,airport,28.32
10.95,28.806752870562974,night,high,rainy,normal,suburbs,27.29
3.49,9.336304581973911,evening,high,clear,normal,city_center,9.29
9.7,26.14910334301875,afternoon,low,clear,normal,city_center,20.83
10.53,19.143198753428305,evening,medium,rainy,normal,city_center,21.25
5.33,14.127317428912672,afternoon,low,rainy,normal,city_center,11.17
15.11,32.28916404047554,morning,high,clear,normal,suburbs,36.69
4.45,17.733706009562333,afternoon,medium,rainy,normal,suburbs,14.56
6.37,15.263305442194747,afternoon,low,clear,normal,airport,17.84
14.47,44.18531218003018,afternoon,low,clear,normal,city_center,29.06
7.46,22.79781753523772,evening,high,rainy,normal,city_center,20.92
16.35,23.379528469289095,night,medium,clear,normal,city_center,23.98
17.57,24.335611234970173,afternoon,high,rainy,high,airport,44.61
8.23,17.32186628144281,evening,medium,clear,high,airport,23.74
3.1,9.921848389091389,afternoon,medium,clear,high,city_center,14.45
12.75,36.19551917713297,afternoon,high,rainy,normal,suburbs,32.18
3.23,6.237359349965214,afternoon,high,clear,normal,city_center,11.91
13.37,25.61769948180261,night,medium,clear,normal,suburbs,24.02
18.43,37.183349257378104,morning,low,clear,normal,airport,34.9
15.89,23.037431197738858,afternoon,high,clear,high,city_center,32.94
11.76,19.580952131775906,evening,high,clear,low,airport,29.75
23.7,21.248322575892423,afternoon,high,clear,normal,airport,38.78
3.44,11.079221963353492,morning,low,clear,normal,suburbs,11.15
22.12,26.23237377582846,morning,high,stormy,normal,city_center,48.43
20.2,57.12327315689543,morning,medium,rainy,high,city_center,64.82
11.07,24.830550711540255,afternoon,low,clear,normal,suburbs,16.3
4.67,12.13423093240456,afternoon,high,rainy,normal,airport,20.01
4.74,20.644434970111224,night,high,stormy,low,suburbs,11.55
23.12,39.9183287117788,evening,low,clear,low,city_center,34.34
6.61,10.16316909690385,morning,medium,clear,normal,city_center,11.03
21.98,33.29914255495743,morning,medium,rainy,high,city_center,51.56
13.08,25.132185434275513,night,high,clear,normal,suburbs,29.68
12.08,33.284465646920765,evening,low,clear,normal,city_center,24.63
15.87,23.92299267760503,evening,high,clear,high,city_center,36.48
6.16,15.219127859353783,evening,high,clear,normal,suburbs,13.43
11.28,17.836532077501005,morning,high,clear,normal,suburbs,19.59
23.52,48.277336148589335,afternoon,low,clear,high,city_center,41.13
6.72,12.653749701593833,afternoon,medium,clear,high,suburbs,16.55
23.12,55.284041090070396,afternoon,medium,rainy,high,suburbs,54.03
24.86,57.997294733569134,night,medium,rainy,normal,suburbs,44.01
2.25,5.0,morning,medium,clear,normal,city_center,9.09
13.75,17.697419514061416,morning,high,clear,high,city_center,35.99
5.12,12.685076090858207,night,high,clear,normal,suburbs,16.42
15.92,35.03599302344278,night,medium,clear,high,city_center,38.45
24.75,37.921516690758715,afternoon,high,clear,normal,airport,42.22
22.53,58.03733634715376,afternoon,high,clear,normal,suburbs,46.78
23.2,36.469213637866744,evening,low,clear,normal,city_center,35.21
6.12,12.939536366832447,morning,medium,clear,high,suburbs,17.79
14.02,35.46609127939618,night,high,rainy,normal,city_center,37.2
6.64,10.977112629115657,afternoon,high,rainy,high,city_center,19.48
22.59,42.78490273961038,morning,high,clear,high,airport,65.85
5.59,10.314810100254276,afternoon,medium,clear,normal,city_center,7.8
4.7,12.586993079638955,evening,low,rainy,low,airport,18.74
1.29,5.0,night,low,clear,high,suburbs,5.0
5.37,5.0,evening,medium,clear,high,suburbs,16.6
5.55,12.264386963210761,morning,medium,clear,normal,suburbs,17.44
2.86,5.0,evening,high,clear,normal,airport,12.28
21.83,47.12926464904832,morning,medium,clear,low,suburbs,35.39
19.72,27.860194527812986,morning,medium,clear,high,city_center,42.19
7.11,16.594117338762725,afternoon,medium,clear,high,suburbs,20.23
19.8,34.75116748269148,morning,low,clear,low,city_center,26.84
11.13,29.908755903410206,afternoon,medium,rainy,high,city_center,29.47
19.61,22.36986220265765,evening,medium,rainy,normal,city_center,33.3
8.75,13.339137614962187,morning,high,clear,low,airport,25.15
14.55,40.38449865950067,afternoon,medium,clear,normal,city_center,26.09
10.16,35.04883104761903,morning,medium,clear,high,city_center,35.4
5.5,8.534883997234118,evening,high,rainy,normal,suburbs,13.67
15.06,32.19528400084461,afternoon,low,clear,low,city_center,25.38
19.02,68.87705637989444,morning,high,clear,high,city_center,71.83
19.07,44.60885975679779,night,low,clear,normal,suburbs,30.59
9.55,13.930662439309078,afternoon,medium,clear,high,city_center,28.06
13.45,60.005444504580566,night,high,stormy,normal,suburbs,48.38
19.33,44.441862313299566,night,medium,clear,normal,suburbs,31.23
2.31,5.8723115856675445,afternoon,medium,clear,normal,suburbs,5.0
2.73,5.0,night,medium,clear,low,suburbs,7.52
10.03,20.530093347731828,evening,low,rainy,high,airport,29.21
6.36,17.213673190426647,afternoon,high,rainy,normal,city_center,16.6
9.99,36.34720558394481,evening,medium,clear,high,suburbs,37.12
3.25,7.787263606658577,afternoon,high,clear,low,city_center,11.87
15.21,22.606616936276996,afternoon,high,clear,low,city_center,23.28
17.12,43.13786784202745,afternoon,medium,rainy,normal,airport,36.02
20.0,40.142406271181386,evening,low,clear,high,suburbs,39.8
16.61,36.737587392608994,night,medium,clear,high,airport,43.86
10.51,18.07629807774342,morning,medium,clear,high,city_center,21.02
23.44,49.701278199853306,evening,low,clear,high,suburbs,50.73
18.43,25.45656940600543,morning,medium,clear,normal,airport,31.43
13.66,19.157606530169865,night,medium,rainy,normal,suburbs,24.21
5.96,11.088456862338699,morning,medium,clear,normal,city_center,14.54
16.58,32.59450076952636,morning,low,clear,high,suburbs,38.96
15.2,23.402586833503282,evening,medium,clear,normal,city_center,23.6
17.4,27.354230823201,evening,low,clear,normal,city_center,32.49
19.75,34.65961165975337,afternoon,low,rainy,low,airport,31.75
22.96,50.133010209465674,evening,high,rainy,low,suburbs,43.02
23.78,46.95925517841011,evening,medium,clear,normal,suburbs,41.37
16.12,41.09795751043743,morning,medium,rainy,low,airport,40.48
24.18,45.440243713368794,afternoon,medium,clear,normal,city_center,36.4
22.87,46.87872289547565,afternoon,medium,clear,normal,airport,41.96
1.06,5.0,evening,low,clear,normal,city_center,6.67
16.3,27.422400394024137,evening,low,rainy,normal,suburbs,26.4
5.28,10.807016905289352,afternoon,high,clear,normal,city_center,14.29
8.08,18.141146411558463,evening,low,clear,low,suburbs,15.6
8.14,21.688586274546818,morning,high,clear,low,airport,23.34
12.6,16.194911850440313,afternoon,medium,clear,high,airport,27.71
1.26,5.0,evening,low,clear,normal,airport,7.75
6.66,11.588074737047208,afternoon,low,clear,normal,airport,11.81
1.7,5.0,night,low,clear,high,suburbs,8.77
16.61,32.94286882509981,night,medium,rainy,normal,city_center,28.97
22.34,47.536604385232756,afternoon,medium,clear,high,suburbs,47.77
24.95,49.78289144436021,morning,high,clear,normal,airport,56.75
11.77,15.072913006971481,morning,low,clear,low,city_center,18.27
7.24,11.548205021861431,afternoon,medium,clear,high,city_center,21.89
21.47,44.207152014703695,night,low,clear,normal,suburbs,30.75
3.72,14.392274250171456,morning,medium,rainy,low,airport,14.97
24.38,47.38749590336849,afternoon,low,clear,normal,city_center,37.13
18.16,31.758876493308797,evening,medium,clear,high,suburbs,42.25
13.09,34.67524427623118,evening,high,clear,high,city_center,42.24
3.32,8.355613783294343,evening,high,clear,normal,suburbs,7.99
1.44,8.178477050669553,evening,low,clear,normal,city_center,5.0
14.07,25.333276904833838,evening,medium,clear,high,suburbs,31.94
10.93,31.59157413751131,afternoon,medium,clear,low,city_center,17.58
21.22,46.078820397083895,morning,medium,clear,normal,suburbs,41.56
16.42,27.701306296632872,evening,high,clear,normal,suburbs,28.87
11.37,9.188607178472443,evening,high,clear,low,airport,22.75
6.42,11.47694871904298,morning,low,clear,normal,suburbs,16.01
12.53,32.31901205497657,night,medium,stormy,high,city_center,40.35
4.91,18.050401518931235,evening,high,rainy,high,city_center,23.57
17.01,29.130849975739977,afternoon,medium,rainy,normal,suburbs,26.46
15.54,26.245366715877935,night,low,clear,high,suburbs,32.58
20.44,46.50203111802487,evening,high,stormy,normal,suburbs,55.52
11.79,16.509055181776013,night,medium,clear,low,airport,18.82
7.69,25.568270945821197,evening,low,clear,normal,suburbs,14.69
21.07,31.415683181500967,evening,low,clear,low,city_center,28.14
17.58,40.298239802482684,morning,high,clear,normal,suburbs,37.6
17.96,34.71706008722647,afternoon,medium,clear,high,suburbs,35.95
13.67,35.745245600806584,evening,medium,clear,high,city_center,43.01
22.02,49.83774249959865,evening,low,clear,normal,suburbs,40.23
6.47,18.328869934699462,night,low,clear,normal,city_center,13.68
10.64,19.774036907998905,morning,medium,clear,low,suburbs,22.06
20.11,22.825370780399965,evening,low,clear,normal,city_center,29.81
4.19,5.166443133531802,afternoon,low,rainy,low,city_center,10.25
20.39,38.36260079372445,evening,low,clear,normal,suburbs,31.98
9.46,16.458397636693046,afternoon,medium,rainy,high,suburbs,23.92
4.01,5.319760460744753,evening,low,rainy,high,suburbs,10.16
2.9,7.997843827041741,afternoon,high,clear,normal,airport,12.35
21.23,39.44394495769967,night,high,clear,low,city_center,31.88
19.69,39.610737587193555,evening,medium,clear,high,suburbs,45.04
7.91,13.436128008654386,morning,high,rainy,normal,suburbs,14.57
3.79,13.80299375878828,evening,low,stormy,normal,city_center,14.09
6.93,13.997633111410817,evening,medium,rainy,high,city_center,18.36
6.11,18.52120535181399,afternoon,medium,rainy,low,suburbs,8.14
18.59,47.107535186743135,afternoon,high,rainy,high,airport,57.25
6.17,5.0,night,medium,rainy,high,airport,15.82
6.19,12.733253125322976,morning,low,clear,low,city_center,10.65
1.77,5.0,morning,medium,clear,high,city_center,15.58
15.32,26.192046367603822,evening,medium,clear,high,suburbs,33.09
17.54,39.212004132426884,afternoon,medium,rainy,normal,airport,38.12
16.68,50.03988866541971,afternoon,high,clear,normal,airport,38.41
14.65,22.98649580951471,afternoon,medium,rainy,normal,city_center,24.96
24.19,36.595236404558925,afternoon,low,clear,high,airport,48.52
12.35,27.155723573047435,afternoon,low,clear,high,suburbs,21.51
21.64,57.16767064948029,evening,medium,rainy,high,city_center,58.26
16.5,24.77047241574865,morning,medium,clear,normal,airport,35.3
3.02,8.60397127392602,afternoon,low,clear,high,city_center,9.53
20.44,23.565919162152234,evening,low,clear,high,suburbs,38.18
15.03,36.08310416930428,evening,low,clear,low,airport,33.39
16.68,32.39485857779605,afternoon,high,clear,low,airport,35.31
5.33,13.461229746292652,afternoon,medium,clear,normal,city_center,10.74
11.5,11.970483159760649,afternoon,medium,stormy,high,suburbs,23.15
22.13,45.0383140822179,morning,low,rainy,normal,city_center,40.28
6.17,14.831594437707775,afternoon,medium,rainy,normal,airport,17.04
1.0,5.0,evening,high,clear,high,airport,11.12
7.18,9.153785522482305,night,high,clear,low,suburbs,10.82
12.7,33.436271464661004,morning,medium,clear,normal,city_center,33.24
20.71,56.13881350676219,afternoon,high,clear,high,suburbs,53.91
16.44,34.041652430384694,night,medium,clear,normal,city_center,22.7
23.06,39.24839706050747,afternoon,medium,rainy,high,suburbs,45.51
11.93,20.824468038721417,night,medium,rainy,low,city_center,15.57
10.38,26.67082033419816,evening,medium,rainy,low,city_center,23.2
6.55,17.673370398833377,night,high,stormy,normal,airport,22.68
6.23,10.967790002820566,evening,low,rainy,normal,city_center,19.17
18.67,45.90527656207305,morning,high,clear,normal,airport,49.86
2.93,5.368848736123125,evening,low,clear,normal,airport,6.45
6.83,18.267318667696955,morning,high,clear,normal,city_center,16.06
22.26,42.177983224610706,evening,high,clear,high,city_center,58.93
14.85,27.21047542054375,afternoon,low,rainy,low,city_center,22.93
2.12,8.050478213592719,evening,high,clear,low,airport,14.88
17.9,40.11693898950285,morning,high,clear,normal,airport,45.53
13.16,23.049187177881436,morning,high,clear,high,city_center,37.66
21.51,57.80579352565739,morning,low,clear,high,airport,58.35
17.38,37.797203885259215,afternoon,medium,clear,normal,airport,32.68
1.11,5.0,morning,medium,clear,low,city_center,7.07
5.94,15.46144301966379,morning,high,clear,normal,airport,21.51
7.19,9.816154994466425,night,medium,clear,high,suburbs,16.46
17.85,31.876641322195013,evening,medium,clear,high,suburbs,38.33
13.22,19.894801485679153,evening,medium,rainy,high,city_center,31.89
18.94,59.0077686609425,evening,high,rainy,normal,city_center,54.41
13.31,25.38991461771817,afternoon,medium,clear,normal,airport,24.75
8.86,16.719052618585113,evening,medium,stormy,low,city_center,20.36
3.49,14.491212099379982,afternoon,high,clear,normal,suburbs,8.72
5.86,5.0,morning,low,rainy,normal,city_center,11.21
10.62,18.82499029653114,evening,high,clear,normal,city_center,25.31
14.23,17.571948908973003,night,medium,rainy,low,city_center,22.96
23.53,60.413071643096906,afternoon,low,clear,normal,suburbs,36.75
6.75,13.242074984752364,morning,low,clear,normal,suburbs,5.26
16.99,33.87657068474029,evening,medium,clear,normal,airport,39.49
4.66,7.741684310288685,afternoon,high,clear,low,suburbs,11.86
18.13,27.844742428618293,afternoon,medium,clear,low,airport,23.59
1.27,5.0,morning,high,clear,low,suburbs,6.83
16.74,44.077811973666385,morning,medium,clear,high,city_center,46.66
4.92,19.70775914712999,evening,high,stormy,low,suburbs,20.35
5.33,5.0,night,low,clear,normal,suburbs,11.34
14.41,29.13516152879898,evening,medium,clear,normal,suburbs,29.22
10.01,9.642399192416006,evening,high,clear,high,airport,27.34
12.31,23.443346222410398,morning,medium,rainy,normal,suburbs,17.93
8.41,11.807714850874376,morning,high,clear,high,suburbs,23.11
23.88,49.08515496018625,afternoon,high,clear,normal,airport,45.16
7.98,13.980164371901115,morning,medium,clear,normal,city_center,12.17
14.01,35.01061329454595,evening,high,clear,normal,city_center,41.45
21.5,37.288006158430264,night,medium,rainy,normal,suburbs,33.38
16.94,29.142334808950782,morning,medium,stormy,high,suburbs,45.18
8.75,5.0,night,medium,rainy,high,suburbs,17.98
14.26,40.181209286830644,afternoon,low,clear,normal,suburbs,26.56
2.99,5.320281130742417,morning,high,clear,normal,airport,6.13
14.1,34.368957812548544,afternoon,low,clear,normal,suburbs,27.33
11.35,21.53211684703324,afternoon,high,rainy,normal,city_center,23.49
19.19,35.42538074156244,evening,medium,clear,normal,suburbs,34.91
21.35,44.843642984529225,evening,medium,clear,low,suburbs,33.53
5.79,17.147941647250214,evening,high,clear,high,city_center,20.36
2.96,6.768963748270374,evening,high,rainy,low,city_center,7.71
10.37,22.33974464755095,evening,high,clear,low,suburbs,19.11
13.82,26.33450359884823,morning,high,clear,normal,airport,32.39
10.04,11.158947936782093,night,medium,clear,high,city_center,23.73
16.09,29.766398638452443,morning,low,clear,low,city_center,25.05
13.14,22.579766660385328,evening,medium,stormy,normal,suburbs,28.12
23.48,50.71243855595198,evening,medium,clear,normal,airport,46.99
10.83,19.951244042008543,morning,low,clear,normal,suburbs,20.15
2.98,5.226715325908013,afternoon,medium,clear,normal,airport,11.15
8.25,22.60243417920855,morning,medium,clear,normal,city_center,18.53
15.54,27.740383319065025,morning,high,rainy,high,city_center,40.85
7.14,18.11303949405611,evening,medium,rainy,normal,airport,22.62
7.46,27.945170141343667,night,high,clear,low,suburbs,16.07
9.15,15.452824905184661,afternoon,medium,clear,low,airport,19.42
18.91,51.72780726057286,evening,medium,clear,normal,airport,40.47
23.56,53.38366096685217,afternoon,medium,rainy,low,city_center,36.28
9.41,19.29374519082337,evening,medium,stormy,high,city_center,23.67
5.69,10.737789301387435,evening,medium,clear,normal,suburbs,9.23
11.1,26.26336684692658,evening,medium,rainy,high,city_center,31.23
9.44,17.760648103885778,afternoon,high,rainy,high,suburbs,27.66
24.76,44.54766166612647,evening,high,rainy,high,suburbs,69.82
12.13,35.20149079585247,evening,low,clear,high,suburbs,35.8
17.3,43.10774963222615,night,medium,clear,normal,suburbs,33.13
22.93,33.939706723601,afternoon,high,clear,normal,suburbs,37.06
16.1,25.95302594313025,night,medium,clear,normal,suburbs,23.41
6.99,5.330651284861729,afternoon,medium,stormy,normal,suburbs,10.48
15.58,37.22921520352426,evening,medium,clear,normal,city_center,30.7
10.65,19.430575574622214,evening,medium,clear,normal,airport,27.38
11.14,27.253908343916883,morning,medium,clear,normal,city_center,23.47
24.5,54.57901903892462,afternoon,high,clear,normal,airport,53.33
7.69,15.343486049774429,evening,medium,clear,normal,city_center,13.38
12.25,21.625718108350732,evening,high,clear,normal,city_center,30.53
4.84,5.0,evening,high,clear,normal,city_center,9.79
5.29,14.511450994091172,evening,medium,clear,high,suburbs,15.5
15.48,31.902954356254146,night,high,clear,high,airport,44.87
19.02,48.68553783044704,morning,low,clear,low,airport,34.43
16.28,35.46599132941078,afternoon,high,rainy,normal,suburbs,32.27
8.9,19.053175593129403,night,high,stormy,normal,city_center,21.82
2.43,5.0,morning,medium,clear,normal,airport,14.52
12.29,18.408947905813307,evening,medium,clear,normal,suburbs,19.32
13.1,17.825302657141464,afternoon,high,rainy,low,suburbs,23.71
19.5,33.59817293761624,afternoon,high,rainy,normal,suburbs,35.16
16.37,16.597642015059634,evening,medium,clear,low,city_center,21.3
21.91,37.83554694489847,evening,high,clear,high,suburbs,56.06
19.79,77.69388653385705,afternoon,medium,clear,low,city_center,40.73
9.78,25.540490711368278,morning,high,clear,low,suburbs,19.04
16.17,22.063424469977843,evening,medium,clear,high,suburbs,32.67
18.93,40.66805481858642,evening,low,rainy,high,city_center,47.75
23.97,79.77624360939758,morning,low,clear,normal,city_center,56.44
11.14,11.69751046682698,morning,high,clear,high,city_center,30.72
16.56,35.88892670063254,evening,low,clear,normal,city_center,30.58
10.42,25.618014455174148,evening,high,clear,normal,suburbs,27.06
18.71,45.35754905324214,evening,medium,clear,high,city_center,53.69
22.89,58.14239438667501,night,low,rainy,low,suburbs,36.32
23.06,39.10898518024858,evening,high,clear,low,suburbs,38.48
4.77,9.459856068599219,evening,high,clear,normal,suburbs,11.52
5.9,7.342857164809235,afternoon,medium,clear,normal,suburbs,11.7
19.12,35.68624106374122,evening,high,clear,normal,city_center,41.77
16.14,36.91876654455477,night,high,clear,high,suburbs,42.28
22.72,38.059656160104126,morning,high,clear,normal,city_center,46.51
8.53,18.79552458102991,afternoon,medium,clear,high,airport,21.13
21.35,51.50295992428165,morning,high,rainy,normal,city_center,48.67
17.41,32.17810192527182,evening,medium,clear,normal,city_center,34.2
5.69,15.458968385626255,evening,medium,clear,high,city_center,14.07
4.04,9.657275068145847,afternoon,medium,rainy,normal,suburbs,7.12
17.87,25.192352643136502,evening,high,rainy,high,city_center,49.38
4.8,6.951209454491831,evening,low,clear,normal,city_center,11.36
20.06,44.27423533394527,night,medium,clear,low,city_center,34.82
14.37,18.369054257169797,evening,low,rainy,normal,city_center,24.24
12.44,15.09324562427704,evening,medium,rainy,normal,city_center,28.63
7.61,9.243779355185431,morning,medium,clear,normal,suburbs,17.65
24.61,50.434760695144725,night,low,stormy,high,city_center,57.91
18.33,30.948829934288298,evening,medium,clear,normal,suburbs,25.01
19.67,47.16325227099697,evening,low,rainy,high,city_center,50.25
19.45,32.56675180745442,evening,high,clear,normal,suburbs,44.49
15.02,28.148580956841627,night,medium,clear,low,suburbs,22.43
23.55,59.428747690567974,evening,low,clear,high,suburbs,54.4
15.01,27.001071814011606,morning,medium,clear,low,city_center,26.26
13.48,27.346413753429385,afternoon,medium,clear,normal,suburbs,21.03
7.57,17.889291219100944,morning,high,rainy,normal,suburbs,16.72
7.76,13.59830057871999,afternoon,high,clear,normal,city_center,11.73
18.69,42.1734962662266,afternoon,medium,rainy,normal,suburbs,31.21
9.03,17.713094137501464,evening,medium,clear,low,airport,20.42
18.49,35.55208733676599,evening,high,clear,high,city_center,53.33
23.86,43.66659656216262,night,low,clear,normal,city_center,37.33
11.54,28.003024997557073,night,high,stormy,normal,city_center,30.37
3.34,5.0,morning,high,clear,normal,suburbs,5.6
17.0,31.109917737268027,evening,high,clear,high,suburbs,43.49
1.23,5.0,night,high,stormy,normal,city_center,8.11
19.89,37.165213933193755,evening,low,clear,high,airport,47.88
13.62,21.726520573907745,morning,medium,clear,normal,suburbs,24.3
12.75,36.2623696225271,night,low,clear,high,suburbs,29.46
14.67,38.54477581717175,afternoon,low,clear,normal,airport,32.07
13.39,39.32654464445708,evening,high,clear,normal,suburbs,37.31
8.77,18.659019764877517,afternoon,high,clear,normal,suburbs,12.81
7.76,19.078108504474525,evening,medium,rainy,normal,suburbs,17.22
10.97,22.59137011634642,night,high,clear,normal,suburbs,26.57
22.48,41.506917847158036,evening,low,rainy,normal,city_center,36.14
4.25,11.68424410644222,morning,medium,rainy,low,suburbs,8.15
8.79,20.85497851357756,morning,low,clear,normal,city_center,21.74
5.62,5.0,night,high,rainy,low,city_center,11.48
11.25,14.011304820732423,night,low,rainy,low,suburbs,14.98
4.2,11.653126715714208,night,low,clear,high,airport,13.7
19.26,33.940308956000784,evening,medium,rainy,normal,airport,41.26
3.48,9.885262196545547,morning,medium,rainy,normal,city_center,14.3
16.97,44.92009763547195,afternoon,high,rainy,normal,airport,42.5
7.43,13.044905838131442,morning,medium,clear,high,city_center,18.68
12.33,25.928865178657492,afternoon,medium,rainy,normal,city_center,22.72
5.8,11.288865896721221,morning,low,clear,low,airport,13.12
18.53,36.69002517319195,afternoon,high,clear,normal,city_center,33.94
23.76,46.099469530746966,evening,low,clear,normal,suburbs,36.14
6.32,9.730931891008815,evening,medium,clear,normal,city_center,12.34
23.88,47.40256325133048,morning,low,clear,high,suburbs,54.72
8.81,15.468939424043356,night,high,rainy,normal,city_center,19.7
14.39,23.958412791554384,morning,medium,clear,low,city_center,23.53
17.84,42.732891558562926,night,low,clear,low,suburbs,25.27
5.78,5.0,afternoon,medium,clear,high,airport,16.39
11.67,21.45458852495903,morning,high,clear,high,suburbs,32.69
2.63,5.0,evening,medium,clear,high,city_center,8.38
17.73,25.186133884322796,morning,medium,clear,high,airport,40.93
11.0,20.482651788177456,evening,medium,rainy,high,suburbs,24.05
22.4,41.96210479845175,evening,medium,clear,low,city_center,38.83
7.58,10.310408732988538,afternoon,low,clear,high,airport,23.65
23.17,27.71582975809323,evening,low,stormy,normal,suburbs,36.84
4.38,7.145872741350206,evening,high,clear,normal,airport,17.1
15.57,32.172301208083745,morning,high,clear,low,airport,37.45
8.39,14.369061669266426,evening,low,rainy,normal,suburbs,15.47
5.36,22.547756341131603,night,medium,rainy,normal,suburbs,16.3
3.25,5.553216926365009,afternoon,high,clear,normal,airport,10.46
16.74,31.874517237848192,morning,medium,clear,high,airport,46.2
6.6,5.0,afternoon,medium,clear,low,suburbs,6.78
14.75,33.82898866449604,evening,medium,clear,high,suburbs,38.29
24.51,46.552673434688884,night,medium,clear,high,suburbs,52.42
8.58,28.405284576513658,evening,high,clear,high,city_center,33.3
1.84,5.0,evening,medium,rainy,normal,airport,13.41
4.43,11.64783205646986,afternoon,high,clear,normal,suburbs,7.79
3.86,5.0,evening,medium,rainy,low,city_center,10.34
12.12,23.04487501941781,afternoon,low,clear,high,airport,28.73
18.87,64.64883900505455,morning,low,rainy,low,city_center,41.16
8.11,13.893291967555594,afternoon,high,clear,normal,airport,19.96
4.5,12.451418235269717,afternoon,medium,clear,normal,city_center,10.84
16.38,42.7834358940226,evening,medium,rainy,low,airport,40.43
8.23,22.258556514232637,evening,medium,rainy,normal,city_center,22.38
14.8,43.252579660977275,afternoon,medium,clear,low,city_center,20.42
23.41,49.017401878962886,afternoon,low,rainy,normal,city_center,40.57
7.99,7.478743524418032,evening,medium,stormy,normal,airport,21.08
13.3,28.04868444050738,afternoon,medium,clear,normal,suburbs,20.29
20.36,27.010156934441945,afternoon,high,clear,low,city_center,30.87
17.6,35.57792679003715,night,low,clear,normal,airport,33.03
19.04,40.70537242347175,evening,medium,clear,normal,city_center,37.57
19.54,16.85157071099288,night,medium,clear,low,suburbs,20.55
13.96,40.941388757005626,night,high,clear,normal,city_center,30.02
13.87,41.338375184307296,evening,high,clear,normal,airport,43.48
18.25,40.53244514912203,afternoon,low,clear,normal,airport,32.54
17.74,29.138884023235303,afternoon,medium,rainy,normal,suburbs,25.82
17.08,37.170948227854474,afternoon,low,clear,normal,suburbs,28.07
10.17,20.44457178532512,afternoon,low,clear,normal,airport,20.14
20.89,53.10755610732214,evening,low,rainy,normal,city_center,43.94
6.67,9.222118540569861,afternoon,medium,clear,normal,suburbs,8.67
4.74,13.431838752110144,morning,high,clear,normal,airport,19.76
9.28,18.60980526481372,afternoon,high,rainy,normal,suburbs,21.36
7.09,18.266778435332387,evening,medium,clear,high,city_center,22.63
16.92,27.053068151346416,afternoon,low,clear,normal,city_center,22.56
6.54,14.324185916839502,morning,medium,clear,normal,suburbs,14.91
16.76,28.23391852135895,evening,medium,clear,low,airport,29.1
13.32,19.556418489234204,morning,medium,clear,high,city_center,31.13
4.66,5.0,morning,high,clear,high,city_center,9.66
7.2,9.007052977594523,afternoon,medium,clear,normal,airport,18.31
13.52,17.600056156996704,evening,medium,rainy,low,suburbs,21.34
18.59,43.05475534285901,morning,medium,clear,normal,suburbs,36.47
10.56,17.218104908032892,morning,medium,clear,normal,suburbs,21.36
6.59,17.37318197332485,morning,medium,clear,normal,suburbs,10.85
8.08,10.260024733179145,evening,low,clear,normal,city_center,12.75
3.28,5.0,afternoon,high,clear,normal,suburbs,6.39
1.6,5.0,evening,high,rainy,normal,airport,6.24
24.36,36.68088384833543,morning,medium,clear,normal,city_center,41.35
3.31,11.814577647401693,evening,low,clear,normal,suburbs,6.74
4.0,11.438259106787507,afternoon,high,clear,normal,airport,18.45
21.9,55.80792427946637,afternoon,medium,clear,low,suburbs,32.07
16.92,61.93411426225509,afternoon,low,clear,low,city_center,34.99
11.47,23.82177955421561,evening,medium,clear,normal,city_center,21.15
16.58,29.592432390543657,afternoon,medium,clear,normal,city_center,29.78
23.44,48.40408869920054,morning,low,clear,normal,suburbs,39.94
3.39,5.0,afternoon,medium,clear,high,suburbs,6.74
6.85,11.519256609485488,night,low,clear,high,suburbs,19.4
21.65,49.05954593872528,evening,medium,clear,low,suburbs,39.37
19.74,44.33412745349011,night,medium,clear,normal,city_center,35.37
24.86,49.18251516929409,afternoon,medium,clear,high,city_center,47.29
8.53,16.71974971280057,evening,low,clear,normal,airport,18.5
23.68,51.34783016749692,evening,high,clear,low,city_center,46.94
9.25,21.88469690700353,afternoon,low,clear,high,suburbs,19.3
18.16,42.241384014830594,morning,medium,clear,normal,airport,37.84
22.19,39.802611474961566,morning,high,rainy,low,city_center,42.45
5.1,5.202693342218355,night,high,clear,normal,suburbs,11.83
5.94,12.803933419761304,evening,medium,rainy,high,city_center,23.47
14.94,34.29795715691772,afternoon,low,clear,normal,suburbs,21.97
21.25,35.81003740412701,evening,medium,stormy,normal,suburbs,39.69
2.89,8.66341273529643,evening,medium,rainy,low,city_center,12.04
21.42,40.7143721391821,afternoon,high,rainy,low,suburbs,32.95
9.23,17.63072394312268,morning,medium,clear,high,airport,26.71
10.75,15.435814175913764,evening,low,clear,high,suburbs,23.12
9.16,9.727469721231367,afternoon,medium,clear,high,airport,24.54
22.88,44.921421874784116,afternoon,low,clear,high,suburbs,40.03
4.14,5.414899328946766,afternoon,medium,stormy,high,city_center,11.93
14.78,21.09081236284436,afternoon,medium,clear,low,city_center,17.93
4.55,10.795134075454772,evening,high,clear,low,suburbs,13.97
23.29,35.74550113029901,afternoon,medium,clear,low,airport,35.6
20.15,47.29760395870114,evening,low,clear,normal,city_center,38.13
6.61,7.0060901393303965,afternoon,medium,clear,normal,city_center,10.78
8.15,20.950851664372408,afternoon,high,rainy,high,city_center,26.98
10.16,23.172139573012814,morning,low,clear,normal,airport,22.87
10.73,26.347916398034457,morning,high,stormy,high,city_center,38.95
20.62,39.73928411676533,morning,high,clear,low,city_center,38.16
14.55,32.498643464589364,afternoon,medium,clear,low,suburbs,21.96
11.27,26.130664841531985,morning,medium,clear,low,suburbs,23.09
18.27,36.6958661779989,afternoon,medium,clear,low,suburbs,24.1
11.99,19.74436921556678,evening,medium,rainy,normal,suburbs,23.86
4.08,6.971876103462216,evening,medium,clear,normal,airport,14.42
3.58,5.0,afternoon,low,clear,normal,suburbs,5.83
8.82,8.768503438557397,afternoon,medium,rainy,high,city_center,19.99
15.47,41.08545317687349,night,high,clear,high,suburbs,43.75
4.24,5.0,afternoon,low,rainy,low,suburbs,7.46
14.2,14.996967513308611,afternoon,low,clear,low,suburbs,18.91
7.47,19.510789621732194,morning,low,clear,normal,suburbs,14.84
17.69,32.49156309231438,morning,low,clear,high,suburbs,37.54
1.68,5.0,evening,medium,rainy,normal,suburbs,7.41
12.26,28.264439455549038,morning,high,clear,high,city_center,37.68
2.25,8.628724723117575,afternoon,low,rainy,high,city_center,12.67
8.93,17.65138651708308,morning,high,clear,normal,city_center,26.5
1.37,8.286209046327224,afternoon,high,clear,normal,airport,15.47
12.26,12.921517392242407,evening,medium,clear,high,city_center,23.76
19.41,33.425326142300754,morning,low,clear,normal,airport,38.34
3.41,8.464743112711758,morning,low,clear,high,suburbs,6.34
18.65,49.108808516110656,evening,low,rainy,normal,airport,44.01
15.02,31.272474352344588,evening,medium,stormy,high,city_center,43.11
13.11,21.340555561122322,night,medium,rainy,normal,suburbs,22.99
15.39,29.881589679790242,morning,medium,clear,high,city_center,37.93
9.06,18.606997015114672,evening,medium,clear,normal,city_center,18.24
18.05,30.31539926521683,afternoon,high,rainy,normal,airport,37.58
19.71,37.21001220402597,afternoon,low,clear,normal,city_center,33.25
19.68,34.18640461810104,evening,high,clear,low,suburbs,40.34
7.47,17.553695327061206,morning,low,clear,high,suburbs,22.99
16.69,36.164601503346205,afternoon,medium,rainy,high,city_center,41.01
4.55,14.748392007192962,afternoon,high,clear,high,airport,22.91
12.89,26.87583333722126,morning,medium,clear,high,airport,36.57
1.06,5.0,evening,high,clear,low,airport,10.2
5.65,11.256831906473671,afternoon,high,stormy,high,airport,24.52
16.16,27.808453050298663,afternoon,low,clear,normal,suburbs,19.12
21.98,64.59153131435133,evening,medium,stormy,normal,city_center,56.61
2.18,5.0,afternoon,medium,clear,normal,airport,10.15
14.41,29.47275157370258,morning,high,rainy,normal,suburbs,31.83
16.28,35.473162139333,morning,high,clear,normal,airport,37.72
23.38,53.31911597215621,afternoon,low,clear,high,city_center,49.69
16.72,32.12638416230598,night,high,stormy,low,suburbs,30.84
3.47,5.0,night,low,clear,low,city_center,7.94
4.52,5.0,afternoon,high,clear,high,airport,16.28
16.26,29.993312315202356,afternoon,low,clear,normal,suburbs,22.39
6.17,5.0,evening,high,rainy,normal,airport,19.92
23.28,51.855567432016684,evening,low,clear,normal,suburbs,41.04
23.1,37.659702184699725,evening,high,rainy,low,suburbs,42.74
23.77,47.58099855199056,evening,medium,clear,normal,city_center,41.53
8.03,9.973382293939103,morning,high,rainy,high,city_center,22.36
18.21,45.71879877412921,night,low,rainy,normal,airport,35.99
16.91,42.03816408005025,afternoon,high,clear,normal,city_center,35.33
1.85,5.0,afternoon,medium,rainy,normal,city_center,7.79
7.37,17.068743719539626,morning,medium,clear,normal,city_center,18.0
5.96,6.111132801716224,morning,medium,rainy,low,suburbs,13.97
9.9,19.559118114862848,afternoon,low,stormy,high,suburbs,25.84
23.87,57.366117030621474,night,medium,clear,normal,airport,43.57
21.29,55.467276728991806,evening,low,clear,high,suburbs,55.34
8.04,11.353806543159982,afternoon,high,clear,normal,airport,17.43
13.72,36.01611034788724,morning,high,clear,normal,city_center,36.25
5.61,16.116707448335013,morning,low,clear,high,suburbs,12.72
7.66,9.227517392880493,evening,low,rainy,high,suburbs,16.64
2.56,5.0,night,high,clear,high,suburbs,9.95
16.42,18.666908118165455,afternoon,medium,clear,high,suburbs,25.94
16.77,32.6506462808173,morning,medium,clear,high,city_center,44.37
21.12,46.221261243671165,afternoon,medium,clear,low,suburbs,35.95
21.92,49.97457724833053,afternoon,low,clear,low,suburbs,30.88
4.84,10.587116662237857,evening,high,rainy,normal,suburbs,15.07
18.83,29.118836406098517,afternoon,medium,clear,normal,airport,34.31
4.23,14.022760137929989,night,low,clear,normal,city_center,10.03
9.97,25.03192960594149,evening,medium,rainy,normal,suburbs,20.57
13.37,26.03004818474178,morning,high,stormy,low,airport,35.17
2.19,5.0,morning,high,clear,high,suburbs,13.1
4.76,7.646616963294624,evening,high,clear,normal,city_center,15.21
7.51,19.156318663858055,evening,low,clear,high,suburbs,16.82
4.06,9.744673319483404,afternoon,low,rainy,high,city_center,15.66
23.42,68.87167989263487,evening,high,clear,normal,airport,65.04
7.92,21.394386134155276,morning,high,clear,normal,suburbs,13.24
13.03,14.708356915963513,afternoon,high,rainy,low,city_center,22.48
24.92,40.020880130105034,morning,high,rainy,low,suburbs,44.38
14.6,29.837138098896016,afternoon,medium,rainy,low,suburbs,25.73
10.88,16.94065413120361,evening,medium,clear,low,city_center,21.16
23.32,42.64485745650622,night,medium,rainy,high,city_center,53.26
6.34,7.9660153483821095,afternoon,medium,clear,normal,suburbs,10.39
5.31,5.0,afternoon,medium,clear,normal,city_center,10.58
13.85,32.75126077022371,evening,high,clear,low,airport,29.64
11.26,20.97998270871921,evening,high,clear,normal,suburbs,19.86
20.13,52.0023474654464,morning,medium,clear,high,city_center,55.95
2.01,5.0,evening,low,clear,high,suburbs,7.95
15.83,36.75144309235497,afternoon,high,clear,normal,suburbs,32.47
18.06,29.229141832872912,afternoon,high,rainy,high,city_center,41.69
24.33,69.35893791412256,night,medium,clear,high,city_center,60.3
4.5,13.065342456744624,evening,medium,rainy,normal,city_center,12.37
6.91,11.999043205319774,evening,low,clear,normal,city_center,12.31
23.38,53.76060025621943,evening,medium,rainy,normal,airport,54.35
16.14,34.50530036277043,evening,low,stormy,normal,city_center,36.69
1.91,5.0,morning,medium,clear,high,suburbs,9.28
2.86,5.3398656862258065,afternoon,low,clear,normal,city_center,10.95
19.85,46.51573640264624,evening,medium,clear,low,suburbs,32.68
14.62,38.00175583541236,morning,low,clear,normal,suburbs,25.62
14.57,24.513068636029033,night,high,clear,low,airport,28.26
22.12,37.51188402242129,morning,low,rainy,normal,city_center,39.9
6.79,5.0,evening,medium,clear,high,city_center,13.78
4.85,5.0,morning,low,clear,normal,city_center,7.28
15.73,38.675759176444146,evening,medium,clear,low,city_center,27.89
22.18,47.59015396857011,evening,medium,rainy,high,suburbs,58.13
7.37,16.737780017392318,afternoon,low,clear,normal,city_center,15.89
17.35,31.223921413624808,morning,medium,clear,normal,suburbs,34.0
4.66,6.152916525475916,afternoon,medium,rainy,high,city_center,15.96
5.13,13.422481621111041,afternoon,low,clear,low,airport,14.86
22.64,52.785949670666064,morning,high,rainy,normal,suburbs,47.36
3.83,8.987756987519704,morning,high,rainy,normal,city_center,13.42
1.58,6.182879523971321,evening,medium,clear,normal,airport,11.39
19.6,41.078732786341654,afternoon,high,clear,normal,airport,41.7
9.7,17.809093994557486,morning,high,rainy,high,suburbs,26.84
10.52,20.651498243731517,morning,medium,rainy,high,city_center,25.92
20.2,34.52635358843567,evening,high,clear,high,suburbs,51.81
5.32,16.853427308582404,afternoon,medium,clear,normal,suburbs,8.09
16.61,38.47665616030817,morning,low,clear,normal,city_center,34.8
8.52,14.635469502400598,morning,low,stormy,normal,suburbs,13.93
3.5,11.813813604564219,morning,low,clear,normal,airport,9.64
17.5,32.818491356755054,evening,medium,clear,high,city_center,43.11
8.65,14.32326813488623,night,low,clear,normal,suburbs,13.0
21.8,35.933824790518585,evening,medium,clear,normal,suburbs,31.69
23.06,46.27264945792195,afternoon,medium,clear,normal,airport,39.26
21.38,42.19358947268628,afternoon,medium,clear,high,city_center,46.55
8.74,15.169749215772587,afternoon,medium,clear,normal,suburbs,14.8
6.68,12.107382918227668,evening,medium,clear,normal,suburbs,12.27
22.43,42.992622685576215,evening,high,rainy,normal,suburbs,47.54
11.87,35.375473569617675,night,medium,clear,high,city_center,32.65
17.99,38.15665401029011,night,high,stormy,high,suburbs,49.56
20.85,48.238253409447466,evening,high,stormy,low,city_center,44.9
7.66,10.414132977906519,morning,medium,clear,low,airport,16.76
3.86,6.625465878935479,night,low,clear,normal,suburbs,9.02
16.0,37.128024881914484,morning,high,clear,low,suburbs,31.38
15.16,36.892067499598184,afternoon,low,clear,high,city_center,35.05
7.48,9.442917757762718,evening,low,clear,normal,city_center,16.68
15.03,30.79239621518653,afternoon,high,rainy,high,city_center,36.25
19.97,32.54412950626532,morning,medium,clear,high,suburbs,45.34
9.4,26.264899099605863,afternoon,low,clear,normal,suburbs,13.45
6.82,24.48057421418261,evening,low,clear,high,city_center,29.04
18.4,25.686554761359957,afternoon,high,rainy,low,city_center,27.88
19.86,37.59083500324351,afternoon,low,clear,normal,suburbs,31.9
23.9,63.63371794457329,afternoon,high,clear,normal,suburbs,48.49
4.54,5.0,afternoon,medium,clear,normal,city_center,6.53
22.34,64.11254888697536,morning,high,rainy,high,airport,73.49
19.36,38.44392989445208,evening,medium,stormy,low,suburbs,36.95
17.85,29.760647062978897,afternoon,high,clear,normal,suburbs,30.47
8.51,12.9213397600811,afternoon,high,clear,high,suburbs,20.44
1.53,7.709554318248726,evening,medium,rainy,low,city_center,6.25
13.18,22.611907749821054,morning,medium,clear,normal,suburbs,23.4
7.86,10.822659329412659,evening,high,clear,normal,suburbs,17.16
7.96,19.54586376439564,afternoon,low,clear,normal,airport,21.53
23.25,50.11027330188669,afternoon,medium,clear,high,suburbs,48.6
4.67,10.021999448511401,evening,medium,rainy,high,suburbs,9.73
23.42,59.705040977016615,night,medium,clear,normal,suburbs,42.24
13.09,26.91641714198701,night,low,clear,high,city_center,27.97
21.12,38.24351126792898,night,low,clear,normal,airport,37.45
7.81,27.289455874693974,morning,medium,clear,normal,suburbs,20.22
16.21,24.97556864988342,afternoon,high,clear,normal,suburbs,28.56
14.36,26.769527603038878,evening,medium,stormy,normal,city_center,29.6
23.18,55.36051160362067,evening,low,clear,high,suburbs,53.75
5.3,6.642532029807666,afternoon,low,clear,normal,suburbs,10.72
5.91,15.39687444243209,afternoon,medium,clear,normal,city_center,10.72
23.78,38.45501016095577,afternoon,low,clear,normal,suburbs,32.21
3.35,12.908718495902882,evening,low,rainy,normal,city_center,11.83
16.23,31.787536977700682,evening,low,clear,high,city_center,32.94
2.45,5.0,afternoon,medium,clear,low,airport,10.25
2.85,7.280771999286063,morning,high,stormy,high,city_center,14.84
15.33,29.176526685941305,night,medium,rainy,high,suburbs,34.81
14.23,46.90499503639306,afternoon,low,clear,normal,suburbs,25.11
14.75,28.93871772047239,evening,low,clear,low,airport,25.29
12.37,22.170083846241745,night,low,clear,normal,city_center,17.62
18.82,36.90595461992865,night,medium,clear,low,city_center,32.23
24.81,48.05655591207345,afternoon,medium,stormy,normal,city_center,45.78
7.62,9.422977080594803,evening,high,rainy,normal,suburbs,14.07
8.76,17.633066193856305,evening,low,clear,low,airport,16.79
8.75,16.71500359580814,morning,medium,clear,normal,city_center,15.12
19.32,34.82318406385632,afternoon,medium,clear,normal,city_center,30.81
9.35,19.380882475970413,afternoon,medium,clear,high,city_center,22.12
17.24,29.58306232222064,morning,low,clear,normal,airport,29.21
11.7,21.119762139269664,afternoon,low,stormy,normal,city_center,18.89
15.59,32.454747707922174,afternoon,medium,clear,low,suburbs,20.8
20.9,43.87531688131327,evening,medium,clear,high,suburbs,52.08
13.34,29.0526734614493,night,medium,clear,normal,suburbs,21.32
12.4,16.129543509128368,evening,high,clear,high,city_center,31.25
7.41,7.143089720960222,evening,low,clear,normal,suburbs,13.91
13.38,12.224344756304417,morning,medium,clear,normal,suburbs,22.02
7.3,12.445436957047686,evening,medium,clear,high,city_center,21.14
21.25,34.72544960545246,afternoon,low,clear,low,suburbs,30.0
10.33,13.774634055453047,afternoon,high,clear,normal,airport,22.75
4.1,12.498941401297566,evening,medium,clear,high,suburbs,12.13
6.76,25.508580054667,night,medium,clear,normal,airport,25.6
13.83,30.57414447057963,afternoon,medium,clear,normal,suburbs,24.51
22.99,31.14887680546555,evening,low,rainy,normal,city_center,35.39
8.21,16.766243533984866,morning,low,clear,high,suburbs,21.59
7.35,16.587927225725853,evening,medium,clear,normal,city_center,12.17
10.76,19.055143514310576,morning,low,clear,normal,city_center,20.57
24.23,66.45288797817616,afternoon,medium,clear,high,city_center,52.38
21.29,52.48510814117264,afternoon,medium,clear,normal,city_center,35.94
4.59,5.0,morning,high,clear,normal,city_center,9.82
15.73,42.76677376610608,evening,low,clear,high,airport,43.04
20.0,84.49622271852128,evening,high,clear,normal,city_center,61.21
19.43,35.8342461959119,evening,medium,clear,normal,suburbs,32.09
12.73,29.195775855260347,night,medium,clear,normal,city_center,24.54
18.56,50.166558503712935,afternoon,high,rainy,high,city_center,56.59
15.01,35.7757114604014,evening,medium,clear,normal,city_center,28.82
5.83,12.993106829201992,afternoon,high,clear,normal,city_center,15.81
2.35,9.309668081081032,afternoon,medium,clear,high,city_center,16.06
9.87,22.145515294263987,evening,high,clear,normal,city_center,24.4
2.49,6.853436987304542,night,high,rainy,high,suburbs,6.3
10.48,27.036773999957564,afternoon,low,clear,high,airport,29.87
20.89,42.76230183628663,evening,medium,clear,high,suburbs,48.83
21.26,32.96142946889192,evening,high,stormy,high,suburbs,63.0
1.82,12.855386327376609,morning,medium,clear,normal,city_center,7.34
2.67,5.0,evening,medium,clear,low,suburbs,5.52
17.08,23.22884009755374,afternoon,low,rainy,normal,suburbs,22.99
13.0,21.57623284458445,morning,medium,clear,low,suburbs,20.01
4.58,7.407378205374727,afternoon,medium,clear,low,suburbs,5.8
20.33,56.11042291469266,night,medium,rainy,normal,suburbs,40.52
6.2,15.102377419481737,evening,medium,clear,normal,city_center,17.21
2.88,8.756924878067029,morning,medium,clear,normal,city_center,9.74
18.99,41.46702357488746,morning,high,clear,low,city_center,39.82
15.6,51.58518590295365,afternoon,low,rainy,high,city_center,44.89
10.47,20.645536690428305,morning,medium,clear,high,suburbs,25.02
17.63,35.76347594247923,morning,medium,clear,normal,airport,32.98
22.87,52.850272302008136,evening,high,clear,low,city_center,45.28
1.82,5.0,afternoon,high,clear,normal,suburbs,5.0
16.06,29.136442702879595,evening,medium,clear,normal,suburbs,31.03
6.24,14.603376016418824,evening,high,stormy,normal,city_center,19.48
12.38,26.991927529124982,morning,medium,stormy,high,city_center,39.02
11.18,23.838228769058144,night,low,clear,high,suburbs,26.1
10.36,26.618480877615845,night,low,rainy,normal,city_center,24.39
5.57,17.796845689475667,morning,low,clear,low,city_center,16.0
20.26,55.796669041405025,morning,medium,clear,normal,city_center,40.89
10.11,18.613471766899895,evening,medium,rainy,low,city_center,17.19
22.29,39.4739939077945,evening,low,clear,normal,suburbs,36.22
9.51,17.649012061162463,night,high,rainy,high,city_center,30.92
21.15,32.93151175224023,morning,medium,clear,normal,city_center,32.66
14.07,28.318376167289507,evening,high,rainy,high,city_center,42.39
10.26,18.773000041427238,afternoon,low,clear,high,city_center,23.73
17.9,32.77827179025571,evening,low,clear,high,city_center,39.65
19.88,44.75656572303516,morning,high,clear,high,suburbs,60.42
12.58,17.860971069209494,evening,high,clear,low,airport,24.77
11.21,14.470690638438374,afternoon,low,clear,normal,airport,19.3
14.86,29.327213937885354,morning,medium,clear,normal,suburbs,28.88
15.04,26.108462242904906,evening,medium,stormy,normal,suburbs,29.44
11.21,20.95108102965828,morning,high,clear,high,city_center,33.69
19.18,36.688178612874815,afternoon,low,clear,high,city_center,41.68
10.59,22.37752088218228,morning,low,clear,normal,city_center,20.26
11.87,17.591946746640133,evening,high,clear,high,city_center,25.32
15.53,29.291570577992147,afternoon,low,clear,high,suburbs,33.49
24.68,45.391121713741164,night,medium,clear,high,suburbs,53.93
7.26,24.80663689234115,evening,medium,clear,normal,airport,18.74
6.57,11.67676955332235,night,medium,clear,low,airport,15.41
5.25,14.85711657877016,morning,low,rainy,low,city_center,13.13
17.55,44.33464506656102,evening,low,clear,low,airport,34.27
11.78,10.928626940153357,night,medium,clear,normal,airport,22.06
10.33,24.62842788658129,night,medium,clear,normal,suburbs,19.53
5.9,14.186793051169953,evening,medium,stormy,high,suburbs,19.5
22.39,90.0,night,low,clear,normal,airport,54.88
11.64,17.38381340416757,morning,high,stormy,high,city_center,40.2
15.58,29.265395252618838,morning,medium,rainy,normal,city_center,28.8
3.7,5.0,afternoon,medium,clear,low,suburbs,5.0
3.59,7.4036787295065265,afternoon,high,rainy,high,suburbs,13.69
2.62,5.0,night,low,stormy,normal,suburbs,8.63
9.82,46.11844639490948,morning,medium,rainy,high,city_center,37.68
12.35,33.30877478931206,afternoon,medium,clear,high,airport,32.98
6.87,22.20138026729299,afternoon,low,rainy,normal,suburbs,13.64
9.39,16.576992245300065,evening,low,rainy,high,city_center,22.7
1.15,5.0,morning,low,clear,high,suburbs,5.0
9.43,21.192830472689398,evening,high,clear,high,suburbs,32.03
3.86,5.0,night,medium,clear,high,city_center,9.07
4.08,7.916190972221257,afternoon,medium,clear,normal,city_center,10.22
1.11,7.23250003682168,morning,low,rainy,high,city_center,9.37
17.71,41.58399052548102,morning,low,clear,normal,suburbs,33.1
23.35,41.557610858565496,afternoon,medium,clear,normal,suburbs,35.63
15.92,37.577538504070425,morning,low,rainy,high,suburbs,39.21
3.31,5.0,afternoon,high,clear,normal,suburbs,7.51
24.75,47.56199713984911,afternoon,low,clear,high,suburbs,41.26
24.41,30.09863874870307,morning,medium,clear,normal,airport,38.64
12.24,22.741271124055963,evening,high,clear,low,suburbs,23.53
3.59,12.070320638462707,evening,medium,clear,normal,airport,14.48
18.3,39.72338548249898,evening,high,clear,low,city_center,33.82
24.08,45.91264960656255,evening,medium,clear,normal,airport,46.24
19.69,31.919275264116603,night,medium,clear,low,suburbs,29.25
15.98,32.16886754806848,evening,medium,clear,normal,city_center,36.14
15.66,32.57495802982325,morning,medium,rainy,high,suburbs,36.28
24.47,50.15030032040102,afternoon,low,clear,normal,airport,38.63
2.75,11.092046891117395,afternoon,low,clear,low,suburbs,11.52
4.59,12.382666179396939,morning,low,clear,high,suburbs,13.57
20.94,41.564155234960275,night,high,rainy,high,airport,60.21
4.48,11.850868949120299,afternoon,high,rainy,high,city_center,16.98
10.2,12.622223138286383,evening,low,stormy,high,airport,29.9
7.76,5.064896655288013,night,low,clear,low,city_center,8.2
6.84,25.527706210143826,afternoon,medium,clear,normal,airport,20.96
1.62,5.0,afternoon,medium,clear,normal,suburbs,5.0
14.59,39.07992602423551,morning,medium,clear,normal,airport,37.67
10.63,5.340235874036887,evening,medium,rainy,high,city_center,25.34
14.24,39.46284479534036,evening,medium,clear,normal,airport,33.94
8.31,22.94802315200913,night,low,clear,normal,suburbs,17.18
23.6,37.57300353707272,morning,high,clear,high,airport,62.95
15.19,28.77355915286739,evening,high,clear,normal,city_center,33.97
24.07,49.51620287776239,evening,high,rainy,normal,suburbs,53.24
9.4,15.820268374474423,afternoon,medium,rainy,high,suburbs,22.77
1.05,5.0,night,medium,clear,high,suburbs,5.0
19.75,46.90086614160442,night,medium,rainy,normal,airport,37.63
20.86,43.95056444147121,evening,low,rainy,high,city_center,49.77
2.41,5.0,morning,medium,clear,normal,suburbs,5.3
16.01,24.349134497531956,afternoon,high,clear,normal,suburbs,29.47
16.86,36.64621092448619,morning,high,stormy,low,suburbs,39.77
4.5,7.981200158308917,afternoon,high,clear,normal,city_center,15.31
14.26,21.37116921356571,evening,medium,clear,normal,suburbs,23.87
6.84,13.095414812750606,afternoon,low,clear,low,suburbs,12.53
1.39,5.0,afternoon,high,clear,low,airport,10.06
21.81,43.30112520209267,morning,medium,clear,normal,city_center,38.41
12.8,27.849916595971557,morning,low,clear,normal,suburbs,21.24
19.76,44.75019019702384,afternoon,low,rainy,normal,city_center,26.58
18.35,44.03893601587304,morning,medium,clear,low,suburbs,33.68
24.85,48.36324244303987,evening,medium,clear,high,suburbs,60.95
11.51,17.709552978855285,morning,medium,stormy,normal,suburbs,24.67
11.26,13.368680402500354,afternoon,high,clear,normal,city_center,20.4
7.76,28.24985993309008,afternoon,low,rainy,normal,suburbs,20.24
16.0,24.63085042220123,afternoon,low,stormy,normal,suburbs,23.14
12.67,18.316655802437964,afternoon,medium,rainy,normal,city_center,21.24
18.49,31.895165694294523,night,medium,rainy,high,city_center,40.52
9.56,11.378374828174925,morning,medium,stormy,high,suburbs,24.95
4.14,12.558840034278496,night,medium,clear,low,airport,12.86
21.7,56.27218479960182,night,low,stormy,normal,suburbs,48.24
20.87,41.467165102036454,night,medium,clear,normal,city_center,39.45
9.42,12.629097741644,night,medium,clear,high,suburbs,15.28
17.57,37.7703915259534,evening,high,rainy,normal,suburbs,44.99
12.82,26.340791401014187,morning,high,clear,low,suburbs,25.61
19.26,22.761204349629722,morning,high,clear,high,city_center,45.3
10.36,26.732591248497805,evening,high,clear,high,city_center,35.87
13.86,21.785835528753292,afternoon,low,clear,normal,airport,26.81
2.39,5.0,evening,medium,clear,normal,city_center,5.0
5.2,17.207323860978363,morning,high,clear,high,suburbs,22.61
19.76,50.002490425638754,afternoon,high,rainy,normal,airport,45.43
10.16,16.709484730454324,evening,high,rainy,normal,suburbs,27.4
1.84,5.0,evening,low,clear,high,suburbs,5.0
5.02,5.011806633339892,afternoon,medium,clear,normal,suburbs,7.28
10.88,19.017939523542275,morning,low,rainy,normal,city_center,19.57
18.23,35.31826786213155,night,low,clear,high,suburbs,37.61
9.72,22.328721787969172,evening,medium,clear,low,city_center,18.81
18.88,39.34152160936093,morning,high,clear,high,suburbs,50.67
21.59,51.61794723818649,evening,high,clear,normal,suburbs,43.73
9.19,16.106157562707978,morning,medium,clear,high,suburbs,21.18
20.21,40.960226711873325,afternoon,high,rainy,normal,suburbs,40.3
4.05,5.0,afternoon,medium,clear,normal,suburbs,8.06
10.97,22.106314829598702,afternoon,low,clear,high,city_center,23.74
3.34,9.12468844639994,afternoon,medium,clear,normal,suburbs,6.06
2.26,5.0,afternoon,low,clear,normal,suburbs,5.0
2.55,12.155532680514455,evening,medium,clear,normal,suburbs,6.89
3.51,5.759752195086072,afternoon,medium,clear,high,city_center,9.23
21.06,62.26820814688001,evening,high,clear,high,city_center,69.64
14.05,42.547920812665524,afternoon,low,clear,high,suburbs,34.41
23.74,52.77833482756178,night,high,clear,high,city_center,60.11
13.91,37.18325922893385,evening,medium,stormy,normal,suburbs,30.4
16.09,24.976489862453594,night,medium,stormy,normal,city_center,33.61
5.43,9.486225307561343,afternoon,high,clear,high,suburbs,13.18
13.97,23.319695971516943,afternoon,medium,clear,low,suburbs,16.73
10.25,10.519453321927221,morning,medium,rainy,low,airport,20.63
23.35,34.77557054625003,evening,high,clear,normal,city_center,43.45
23.41,35.44397838027795,evening,low,clear,normal,city_center,40.58
5.76,16.296463633216927,evening,medium,rainy,normal,city_center,14.22
15.88,37.768584789096955,evening,medium,rainy,normal,suburbs,30.2
16.32,32.01841482162338,morning,medium,clear,high,airport,43.59
14.5,12.317818437343018,afternoon,medium,clear,normal,suburbs,17.78
3.98,11.341211157100291,afternoon,high,stormy,high,suburbs,13.85
16.7,32.1142090874984,afternoon,high,clear,high,city_center,39.37
20.18,34.52843625249399,evening,medium,rainy,high,city_center,49.79
9.29,24.402911124085986,evening,low,clear,normal,suburbs,22.21
13.35,34.57670581250567,evening,high,clear,low,city_center,27.0
3.79,7.106412274751306,morning,medium,clear,normal,suburbs,8.0
23.34,54.04037815676108,afternoon,high,clear,low,suburbs,41.44
3.63,8.837513967845295,morning,high,clear,normal,suburbs,12.82
6.0,16.954445258605446,afternoon,low,clear,low,city_center,15.28
8.16,17.100514296822297,afternoon,high,clear,normal,airport,18.0
20.82,43.006018173635034,morning,low,clear,normal,suburbs,35.69
17.82,35.29216033033171,night,low,clear,high,airport,42.56
1.17,5.0,afternoon,high,clear,normal,suburbs,5.0
5.41,15.7276812550305,evening,low,clear,high,city_center,18.08
19.0,31.98735860741194,evening,low,rainy,low,city_center,26.37
10.69,19.158582088226705,evening,medium,rainy,high,suburbs,24.33
1.63,11.006408411774503,evening,medium,clear,low,suburbs,5.0
24.13,67.66843138989421,evening,low,clear,normal,airport,50.98
4.63,8.445197257240647,evening,medium,clear,low,city_center,5.0
13.25,37.92549725264925,morning,medium,clear,high,city_center,41.06
6.96,14.12271760423776,morning,medium,clear,normal,suburbs,14.77
18.7,46.38858391245307,evening,medium,rainy,normal,city_center,40.24
19.64,47.76919759793191,afternoon,low,rainy,low,airport,32.59
10.53,18.6810978138654,morning,medium,clear,low,city_center,13.55
16.8,30.116297555937283,afternoon,high,clear,high,suburbs,39.02
22.82,46.98618401392454,evening,high,rainy,high,city_center,63.61
20.56,37.86013012251058,night,low,rainy,normal,city_center,33.77
10.96,21.835597680166362,morning,medium,clear,high,suburbs,28.98
11.6,23.125826562026106,afternoon,low,clear,low,airport,16.87
22.29,38.16646561728074,morning,medium,rainy,low,suburbs,35.89
1.82,5.0,night,high,clear,normal,airport,11.16
1.55,5.0,morning,low,rainy,normal,city_center,16.01
5.94,10.099300305690374,morning,high,clear,normal,airport,17.08
20.86,33.40094927913982,afternoon,medium,clear,normal,suburbs,24.81
4.68,18.721517261907106,morning,medium,clear,low,city_center,12.15
7.85,12.37758322771438,evening,medium,clear,high,city_center,15.98
16.1,21.898135052986508,morning,medium,rainy,low,city_center,29.38
5.42,14.117764128389389,afternoon,medium,rainy,low,airport,19.42
8.27,13.418663141516861,morning,low,clear,low,airport,17.4
12.21,36.837814560847846,evening,low,clear,normal,city_center,29.02
6.47,11.488389221716016,morning,high,stormy,low,city_center,17.12
24.82,57.81306916824458,morning,high,clear,normal,city_center,55.11
4.92,22.03209412343211,evening,medium,rainy,low,airport,16.07
21.4,31.54105891866657,night,high,rainy,normal,city_center,40.88
12.28,29.659897608813623,afternoon,low,clear,normal,airport,26.12
4.1,6.687830236816194,evening,high,clear,low,city_center,16.67
3.84,6.7448863914399855,evening,medium,clear,low,suburbs,7.52
13.01,31.91874403756582,evening,high,clear,normal,city_center,32.96
9.48,27.399206864241147,afternoon,medium,rainy,high,suburbs,25.98
6.63,11.27540014841952,evening,high,clear,normal,city_center,14.97
24.01,45.16588498419058,evening,high,clear,high,airport,67.77
12.12,26.640257001115156,afternoon,high,clear,normal,suburbs,23.13
23.29,44.13893870358882,afternoon,low,clear,normal,city_center,32.26
4.94,5.443616206339883,afternoon,high,clear,normal,city_center,13.22
5.4,5.0,evening,medium,clear,high,city_center,12.33
15.3,36.12769441833824,afternoon,low,clear,normal,suburbs,27.12
7.48,15.143709863272322,evening,high,rainy,normal,airport,23.16
5.44,9.742241720609641,evening,medium,rainy,normal,city_center,14.15
3.27,17.324570238243236,afternoon,medium,stormy,normal,airport,17.24
2.83,5.0,afternoon,high,clear,high,city_center,14.02
19.08,27.17065729807348,afternoon,high,rainy,high,city_center,46.36
7.77,5.0,morning,medium,clear,high,airport,20.4
24.48,59.82177272276458,evening,medium,clear,high,suburbs,64.37
5.39,11.488255722616817,morning,medium,clear,high,city_center,17.07
9.51,26.66414550618692,night,medium,clear,high,suburbs,26.06
10.0,31.330964829753118,night,high,clear,high,suburbs,36.71
13.0,15.600933603059847,night,low,clear,normal,city_center,18.93
21.9,54.17311773841203,morning,low,clear,high,suburbs,56.04
21.03,53.8196023995591,morning,medium,rainy,high,suburbs,58.9
1.24,8.146755918476789,evening,medium,stormy,low,suburbs,6.64
10.82,22.80412901236531,morning,low,clear,low,suburbs,18.71
20.87,39.49092041143831,night,low,rainy,normal,city_center,35.78
1.0,5.0,evening,medium,rainy,normal,city_center,7.6
13.81,28.205661400498435,night,medium,clear,normal,city_center,26.17
7.23,9.77657996917629,night,medium,clear,normal,airport,17.24
10.91,19.74771719612453,night,high,clear,normal,city_center,23.35
11.09,17.941496897882338,morning,medium,clear,normal,suburbs,22.12
10.4,28.40519398019376,night,medium,clear,high,suburbs,29.6
22.41,53.20259771801697,morning,medium,clear,normal,city_center,46.43
13.88,36.2811085440411,evening,high,rainy,normal,suburbs,39.09
22.69,39.543752879093496,evening,high,stormy,low,suburbs,44.96
18.44,47.656790702210785,morning,medium,clear,low,suburbs,31.01
9.43,21.60512000073658,afternoon,medium,clear,low,airport,20.39
12.85,33.136058320572204,evening,high,clear,normal,city_center,30.51
10.36,34.90195875193482,afternoon,medium,clear,high,airport,36.61
20.89,53.56086152557782,evening,medium,clear,normal,suburbs,35.29
5.5,12.998379879165132,morning,high,clear,normal,suburbs,12.92
23.47,48.3901942229993,afternoon,medium,clear,normal,airport,37.49
14.93,28.324603090648914,evening,medium,clear,normal,city_center,29.08
15.68,25.727530472374664,morning,low,rainy,low,suburbs,21.34
13.4,31.61211687675246,evening,high,clear,low,airport,32.71
14.31,28.391592026907745,afternoon,low,clear,normal,city_center,27.34
17.02,35.01279113169298,night,low,rainy,normal,suburbs,28.55
16.72,28.553789200415324,night,low,clear,normal,city_center,29.28
6.14,9.806934230600426,evening,medium,clear,normal,suburbs,14.61
14.98,32.389564437505484,afternoon,high,rainy,normal,city_center,33.61
9.51,16.34102683934515,afternoon,low,clear,normal,airport,15.23
16.29,31.589519909480508,afternoon,medium,clear,normal,city_center,30.82
14.15,21.27889532846855,evening,medium,clear,normal,suburbs,23.07
5.31,9.235083237249038,afternoon,medium,clear,normal,airport,15.99
18.63,21.720248612846945,morning,medium,rainy,high,suburbs,39.06
11.97,25.827139935381318,afternoon,medium,rainy,normal,suburbs,19.33
14.23,25.318638782914256,afternoon,high,rainy,high,airport,37.03
17.14,43.00262649689621,evening,low,rainy,normal,city_center,41.79
16.67,36.484176510335466,afternoon,low,rainy,low,suburbs,22.21
18.97,48.99263844323473,afternoon,high,clear,normal,airport,43.33
5.96,10.388875642148543,afternoon,low,rainy,normal,city_center,16.58
3.65,5.0,afternoon,high,clear,normal,suburbs,6.4
17.06,33.0182270020499,afternoon,medium,clear,low,airport,32.88
6.66,8.948694192084552,evening,medium,clear,normal,airport,18.57
3.75,8.186727555795237,evening,medium,clear,high,suburbs,15.33
4.15,16.66972389642316,evening,low,clear,normal,suburbs,16.36
8.51,15.871537730529639,afternoon,high,clear,high,city_center,22.72
24.8,78.22023642887346,evening,medium,rainy,normal,city_center,53.37
4.77,5.358070024867155,afternoon,low,clear,high,suburbs,5.0
8.16,22.026506831716436,evening,high,clear,normal,suburbs,21.29
23.1,59.166960627251726,night,high,clear,normal,airport,51.48
24.12,43.64600520581318,evening,medium,rainy,normal,city_center,44.33
6.49,9.088843292599325,night,medium,clear,high,suburbs,16.42
22.13,49.75785860756161,afternoon,high,clear,low,city_center,34.77
4.33,16.218564491793217,evening,low,clear,normal,city_center,12.47
19.28,34.55326061199518,afternoon,high,clear,low,city_center,26.97
1.31,5.0,morning,medium,clear,high,suburbs,5.0
10.76,28.7680910138303,evening,high,clear,low,airport,31.12
6.94,11.744185209764803,evening,high,clear,normal,airport,21.18
17.9,42.30756679681562,evening,low,clear,normal,airport,34.03
1.39,5.0,evening,medium,clear,normal,airport,12.0
12.16,37.6281602609956,night,medium,clear,low,suburbs,15.87
17.72,40.901366580352246,evening,low,clear,high,suburbs,40.67
2.12,5.0,evening,medium,clear,normal,airport,14.44
22.54,51.730261785206714,morning,medium,rainy,normal,city_center,43.33
9.67,30.51109695111354,morning,high,stormy,high,city_center,41.27
4.97,14.072074279620528,morning,low,clear,normal,suburbs,13.09
6.41,7.502885680294947,afternoon,low,clear,normal,suburbs,7.84
9.13,23.459687271392582,night,medium,clear,low,suburbs,14.99
5.76,17.76004403800117,evening,low,clear,normal,suburbs,11.18
13.25,21.871562017443797,evening,high,clear,normal,suburbs,28.64
16.19,38.363318498135165,morning,low,clear,normal,suburbs,28.55
11.4,27.53597767319271,evening,medium,clear,normal,suburbs,21.66
11.25,22.715556114986256,evening,medium,clear,normal,city_center,20.51
19.76,43.90701850141603,afternoon,high,clear,low,suburbs,40.03
8.22,13.966574518490452,morning,high,rainy,normal,city_center,24.07
15.95,39.11292778151561,evening,high,rainy,high,airport,55.98
22.43,62.16301989853474,morning,medium,clear,low,city_center,44.02
6.32,10.488995130770782,evening,medium,clear,normal,suburbs,15.89
15.88,38.865034384473084,night,low,clear,normal,suburbs,25.85
23.75,43.75316244786619,morning,high,clear,low,city_center,41.32
13.72,14.831329763254967,morning,high,clear,normal,suburbs,26.97
24.45,38.34110999212343,afternoon,low,clear,normal,airport,42.88
8.44,21.05109392019399,morning,medium,rainy,high,city_center,24.74
14.54,24.987613084217294,evening,medium,clear,low,airport,28.83
8.46,14.084332874650903,morning,medium,clear,normal,suburbs,17.22
1.09,5.0,morning,medium,clear,normal,city_center,7.25
24.94,66.88524607478993,afternoon,medium,rainy,high,city_center,62.89
6.76,16.96030541652031,evening,high,clear,high,suburbs,22.11
24.35,45.077253497704945,afternoon,medium,clear,high,city_center,42.84
16.67,40.8678125866205,morning,low,rainy,normal,suburbs,33.11
22.69,59.31091230543903,afternoon,low,clear,normal,airport,44.92
24.21,56.63185204608753,morning,low,clear,low,city_center,42.51
14.63,29.76047793703387,morning,medium,stormy,high,airport,44.76
24.99,62.29812210221893,afternoon,medium,clear,normal,city_center,46.78
19.42,39.438834067956336,night,low,clear,high,airport,45.14
13.57,28.52077231273936,night,medium,clear,normal,suburbs,24.63
16.72,41.94223102896632,evening,high,clear,normal,city_center,38.59
5.66,12.185418176262202,evening,high,rainy,normal,city_center,15.28
1.26,7.204968344735631,afternoon,medium,clear,normal,city_center,7.61
7.16,13.737535172406659,night,low,clear,normal,airport,17.58
11.44,22.57343984695849,evening,high,rainy,normal,city_center,26.69
6.47,11.907477014049187,evening,low,stormy,normal,suburbs,13.0
13.34,13.357987863273,morning,high,rainy,high,city_center,27.15
16.79,34.22997523102248,evening,medium,clear,normal,city_center,29.46
16.74,27.555869386941414,night,low,clear,normal,city_center,26.02
22.45,50.02304888177126,afternoon,low,rainy,low,suburbs,32.72
24.19,56.219444970743766,afternoon,high,clear,high,suburbs,60.54
22.38,46.95018621578817,afternoon,low,clear,low,city_center,35.25
15.88,44.702752030906254,evening,medium,rainy,high,airport,50.1
5.94,7.454282170945181,night,low,clear,normal,city_center,7.84
23.64,49.881689077795656,afternoon,high,clear,normal,suburbs,46.76
5.2,11.854760722625283,morning,high,clear,normal,city_center,16.01
4.63,6.3996936520931635,morning,low,clear,normal,suburbs,7.36
8.62,12.177287966479696,evening,medium,clear,low,airport,14.23
14.77,23.947523674310034,afternoon,medium,clear,normal,suburbs,28.0
17.36,42.41692366934347,evening,low,clear,high,suburbs,42.18
1.32,5.0,morning,medium,clear,normal,suburbs,6.48
19.67,57.25239910195242,morning,medium,rainy,high,city_center,56.69
5.2,11.985210164227045,afternoon,low,rainy,high,city_center,12.09
8.12,19.61762849923937,afternoon,high,clear,high,suburbs,25.55
8.73,26.47107936078826,night,low,clear,normal,suburbs,16.61
8.98,18.39797663181803,morning,medium,rainy,normal,city_center,18.71
19.25,24.091800213927545,evening,high,clear,normal,suburbs,34.09
1.98,5.0,night,low,clear,normal,city_center,6.93
5.72,10.258759005461302,evening,low,clear,high,suburbs,17.08
1.54,5.0,night,high,stormy,normal,suburbs,6.55
19.68,29.175890300082767,morning,medium,clear,low,airport,35.3
24.61,36.75714576105519,evening,high,rainy,normal,suburbs,45.71
16.83,35.05746084441255,afternoon,medium,clear,normal,suburbs,24.92
15.16,45.2646289039384,night,high,clear,normal,suburbs,32.58
22.79,52.69979068716322,evening,low,rainy,normal,suburbs,41.63
7.12,13.96771097232681,evening,medium,stormy,normal,airport,25.66
2.6,5.0,afternoon,high,rainy,high,suburbs,7.75
13.24,20.561289876636458,evening,low,clear,high,suburbs,26.65
7.25,24.677201065010262,night,medium,rainy,high,suburbs,24.74
11.83,24.539277880545058,morning,medium,clear,normal,airport,29.49
11.95,24.246675429820677,morning,medium,clear,normal,suburbs,20.0
8.65,15.868488364296278,afternoon,low,rainy,normal,airport,18.82
12.67,19.261606227303886,night,medium,clear,low,suburbs,11.54
10.12,22.603628577049832,afternoon,medium,clear,normal,suburbs,19.01
3.71,5.0,afternoon,medium,clear,high,airport,15.51
21.8,55.135915421078316,night,low,clear,high,suburbs,50.71
17.83,32.52104865246212,morning,medium,rainy,high,city_center,49.42
1.99,5.797889238400139,evening,medium,clear,normal,city_center,9.08
3.78,5.0,evening,medium,clear,low,airport,12.31
3.32,10.134720153883684,afternoon,high,clear,high,city_center,13.95
2.48,5.0,afternoon,low,rainy,high,suburbs,6.0
2.42,5.0,afternoon,high,clear,normal,city_center,13.24
4.77,10.380425988431348,afternoon,high,stormy,normal,suburbs,16.8
21.35,42.87110798439523,morning,medium,clear,normal,suburbs,37.18
20.88,46.78459733184582,evening,medium,clear,normal,suburbs,36.64
19.8,22.00213940247566,morning,low,rainy,high,suburbs,38.54
15.75,18.842209290668006,night,medium,clear,high,city_center,30.42
18.36,47.75029689898101,evening,high,rainy,normal,airport,50.11
18.72,29.5828018570355,morning,low,clear,high,city_center,40.66
22.34,33.27576749276934,evening,high,clear,high,city_center,50.74
18.58,46.62073326470575,afternoon,medium,clear,low,suburbs,28.57
18.68,44.369183955648026,morning,medium,rainy,high,suburbs,50.22
20.3,57.38520974918275,afternoon,medium,clear,high,suburbs,45.85
14.35,21.350524874352807,afternoon,low,clear,low,airport,25.98
6.11,17.723747693325745,evening,medium,clear,normal,city_center,14.78
3.03,15.819257946436482,afternoon,medium,clear,low,suburbs,8.01
11.06,28.630147870058448,morning,medium,clear,normal,suburbs,27.77
3.2,5.44649871997652,evening,medium,clear,normal,city_center,5.0
5.06,10.03123418548921,afternoon,low,rainy,normal,suburbs,9.27
1.57,5.0,afternoon,high,clear,low,airport,7.6
8.2,7.994889938974467,afternoon,medium,clear,normal,city_center,13.94
24.28,55.473331698217734,evening,high,rainy,high,city_center,74.35
10.09,23.148177103394385,evening,medium,clear,normal,city_center,22.16
6.78,22.19309198872287,morning,low,clear,normal,suburbs,13.89
10.68,31.4558146923358,afternoon,high,clear,high,suburbs,28.88
8.23,23.557901931093955,evening,high,clear,high,suburbs,26.63
17.17,43.681125240858194,morning,medium,clear,normal,airport,37.33
16.23,32.93302377466668,morning,medium,clear,low,suburbs,28.17
1.66,5.0,evening,medium,rainy,normal,suburbs,5.0
13.27,27.962091131563017,afternoon,high,clear,normal,city_center,27.07
1.87,5.0,morning,low,rainy,low,city_center,5.55
17.26,31.963161845428782,evening,low,clear,high,suburbs,41.06
23.46,49.489770246101045,morning,high,clear,low,suburbs,46.67
22.78,38.44050437490727,afternoon,low,rainy,normal,city_center,34.64
5.94,5.0,evening,high,clear,normal,suburbs,12.57
18.82,50.74232586899665,morning,high,rainy,normal,suburbs,49.21
20.03,38.37439160094957,evening,low,clear,normal,airport,38.95
21.74,48.219664343557874,afternoon,high,clear,normal,city_center,40.3
7.23,17.145134235099942,night,high,rainy,high,suburbs,23.87
11.82,32.32184164640894,evening,medium,clear,normal,suburbs,25.21
6.32,19.389730589093272,afternoon,medium,rainy,high,suburbs,14.36
1.58,5.0,afternoon,low,clear,normal,airport,8.69
16.82,34.858671082071865,afternoon,medium,clear,high,suburbs,38.33
11.36,24.277351746633588,night,low,clear,normal,airport,24.64
6.95,9.314585272206825,evening,medium,clear,high,airport,16.87
21.33,57.65259728436526,evening,medium,rainy,normal,suburbs,44.43
12.9,24.264886508626343,night,high,clear,high,city_center,32.53
24.87,51.569830995777885,morning,low,clear,normal,suburbs,40.33
20.04,32.32608410609994,afternoon,low,clear,low,suburbs,21.46
21.86,49.900918792852735,night,low,clear,high,suburbs,41.98
19.56,36.62861650262923,night,high,clear,high,suburbs,46.54
3.54,13.689244584865648,morning,medium,clear,normal,airport,16.68
2.56,5.0,afternoon,low,clear,high,suburbs,5.0
22.96,56.2347002826618,morning,high,clear,high,airport,76.71
4.32,12.835395613548178,evening,low,clear,normal,suburbs,8.01
10.39,24.235217980281014,evening,medium,clear,normal,city_center,23.59
15.64,35.05075139650515,evening,medium,clear,high,suburbs,40.5
6.09,19.176005062904103,night,high,clear,normal,suburbs,12.33
6.41,17.566890679726036,morning,medium,clear,normal,suburbs,14.32
12.19,25.123246218092348,night,medium,clear,normal,suburbs,23.67
9.66,28.241066926913334,afternoon,low,clear,normal,suburbs,15.36
17.24,37.81830345134545,morning,medium,rainy,high,suburbs,48.01
2.8,5.0,night,medium,clear,low,airport,5.0
12.73,28.88682737091326,night,low,clear,normal,suburbs,21.82
5.18,16.24686432457468,night,high,rainy,low,suburbs,14.47
15.56,25.005161832495766,evening,medium,rainy,low,suburbs,23.78
3.79,5.0,afternoon,medium,clear,high,suburbs,10.93
5.74,5.0,afternoon,low,rainy,high,city_center,11.01
20.29,45.13954250889988,afternoon,medium,rainy,normal,suburbs,35.19
6.64,5.0,morning,medium,clear,normal,airport,17.77
18.69,34.79275280690758,night,high,clear,high,city_center,43.13
7.55,16.221325942435495,afternoon,high,clear,high,city_center,22.8
6.64,15.248319904331032,afternoon,high,clear,normal,suburbs,12.85
8.18,25.162258493773006,evening,medium,clear,low,airport,24.11
22.14,61.70969250585981,evening,high,clear,normal,suburbs,50.5
10.53,16.780356242109946,afternoon,medium,stormy,high,city_center,28.2
6.85,6.209785811375266,night,medium,rainy,high,suburbs,5.52
13.88,12.02162107703663,evening,medium,clear,normal,airport,22.55
10.26,21.340951874984114,evening,high,clear,low,city_center,27.12
19.96,50.79577727333765,morning,medium,clear,high,suburbs,53.48
24.77,54.11392234513926,evening,low,clear,normal,suburbs,41.22
13.64,27.96444365607539,afternoon,high,rainy,normal,suburbs,24.08
11.84,22.1211961345973,evening,medium,clear,high,airport,32.11
9.23,20.18505037129787,morning,high,stormy,low,city_center,23.13
24.36,53.395881977904324,afternoon,high,clear,normal,airport,49.38
12.6,36.09385422713044,morning,medium,clear,normal,suburbs,30.62
5.27,7.523169432238004,night,low,clear,high,city_center,18.29
24.26,70.02765132084814,afternoon,low,stormy,high,suburbs,63.03
24.06,47.7573607465439,morning,low,clear,normal,suburbs,41.65
11.46,26.83891872215137,evening,high,stormy,normal,city_center,31.14
9.36,19.569342118361263,night,low,clear,low,suburbs,12.04
17.33,47.16127602050469,evening,low,rainy,high,suburbs,48.85
20.89,36.75742102839485,night,low,rainy,low,airport,34.67
12.96,26.058868834169413,evening,medium,clear,low,suburbs,25.02
8.94,19.74807627167968,night,medium,clear,normal,city_center,16.33
8.23,14.195997096453874,afternoon,medium,stormy,normal,airport,20.41
8.84,14.486464155048413,afternoon,high,rainy,normal,airport,18.23
3.83,5.0,morning,low,stormy,normal,city_center,10.16
19.69,47.06849269610772,night,medium,clear,normal,city_center,37.4
3.52,9.663910332965644,night,medium,clear,normal,airport,11.89
10.56,16.572032175474114,afternoon,low,clear,normal,city_center,17.13
21.04,50.63006056044533,evening,low,clear,normal,city_center,41.36
10.7,18.107470252064196,morning,high,stormy,normal,airport,25.85
8.07,9.662199414837739,night,low,clear,low,city_center,8.99
23.76,41.455917474729574,morning,high,rainy,normal,suburbs,48.14
4.04,13.815219009539568,evening,high,clear,low,city_center,11.77
22.24,48.23281729575603,afternoon,medium,clear,high,suburbs,49.35
2.49,10.352506246865453,afternoon,medium,stormy,normal,suburbs,9.61
10.92,27.579072856624904,night,low,clear,normal,airport,25.37
16.16,48.36235612102551,afternoon,low,clear,normal,airport,36.03
9.88,26.794811576370684,afternoon,high,clear,high,city_center,31.2
13.83,31.43119744857189,morning,high,rainy,high,airport,45.69
5.9,9.650289360924564,afternoon,low,clear,high,suburbs,13.93
14.66,20.721573731253876,morning,medium,clear,normal,suburbs,28.41
4.23,8.41454824218198,evening,medium,clear,normal,city_center,12.97
20.11,44.14160654193698,evening,low,clear,high,suburbs,46.0
15.01,36.04265730851113,morning,low,clear,low,suburbs,20.83
12.57,27.16929769113672,night,low,clear,high,airport,29.08
2.31,7.472611134677754,afternoon,high,clear,high,suburbs,9.88
12.99,29.854003219138438,evening,low,clear,normal,suburbs,22.33
14.53,32.07989835966381,night,low,clear,normal,airport,26.3
7.38,12.179006043573771,evening,medium,clear,low,city_center,16.04
17.26,37.7178979482067,evening,low,clear,high,city_center,44.93
2.84,5.0,morning,low,clear,normal,suburbs,5.0
6.01,7.325246438316007,afternoon,high,clear,low,city_center,15.05
18.7,37.44312312385641,evening,high,stormy,normal,suburbs,43.27
4.53,5.0,evening,low,stormy,normal,suburbs,9.89
6.89,5.0,evening,low,clear,normal,suburbs,6.02
16.62,35.779369800042105,night,high,clear,normal,suburbs,34.93
18.49,20.527963917580802,evening,medium,rainy,normal,suburbs,25.09
2.24,5.0,evening,medium,clear,normal,city_center,5.0
4.04,5.0,night,low,rainy,high,suburbs,10.08
11.71,19.402779506824814,evening,medium,clear,low,airport,19.67
15.23,37.886663879433904,morning,low,stormy,normal,city_center,34.87
11.89,17.443451819976275,evening,medium,clear,high,airport,27.83
16.53,26.387358705170268,evening,high,clear,normal,suburbs,34.32
19.14,34.143779486242465,evening,medium,clear,normal,suburbs,35.28
23.79,39.874405851376736,afternoon,high,rainy,normal,suburbs,39.44
9.4,26.018359134479077,afternoon,medium,clear,high,city_center,26.82
4.91,9.23238435634346,evening,medium,clear,normal,city_center,10.06
7.34,19.924975509610913,evening,high,clear,low,city_center,20.7
4.56,9.108262459074336,night,high,stormy,high,suburbs,16.07
10.46,18.27795735140965,afternoon,medium,stormy,normal,suburbs,22.27
21.94,31.721615438652705,afternoon,high,clear,high,city_center,45.2
9.33,24.2610066632583,evening,high,clear,normal,city_center,24.34
4.57,8.291090762262698,night,medium,rainy,normal,suburbs,10.44
13.54,20.00431273176617,afternoon,medium,clear,low,city_center,23.15
24.81,60.903347599358824,afternoon,low,clear,low,suburbs,36.27
5.52,11.356511965154526,night,low,clear,normal,city_center,9.34
19.67,48.62071502258517,afternoon,low,clear,high,city_center,39.13
20.76,34.86529272704793,afternoon,low,clear,low,city_center,26.91
10.63,23.37367847391355,night,high,clear,low,airport,24.79
15.87,43.859799739890214,evening,medium,clear,normal,suburbs,28.3
11.38,31.9296930021462,morning,high,clear,high,suburbs,37.15
7.3,14.271329281971134,night,high,rainy,low,city_center,17.88
11.23,23.191464457894703,evening,medium,clear,normal,suburbs,18.16
3.29,8.972117243394726,night,high,clear,normal,suburbs,7.51
17.97,37.15135484726168,afternoon,medium,clear,normal,city_center,24.64
20.9,42.15882455429238,evening,low,clear,high,suburbs,45.56
8.38,14.343419377599213,afternoon,high,clear,high,suburbs,18.58
14.6,37.62303313843099,afternoon,medium,clear,low,suburbs,25.68
6.57,14.651514512186154,evening,medium,clear,normal,suburbs,13.66
4.06,10.836412035751428,afternoon,medium,clear,normal,city_center,11.59
16.93,32.418931541073555,afternoon,medium,rainy,normal,city_center,31.36
4.22,18.98623139458444,afternoon,medium,rainy,normal,suburbs,17.74
19.77,46.411883012320445,morning,high,clear,low,city_center,41.23
7.52,15.539638206015969,night,high,clear,normal,suburbs,13.52
20.64,44.02923347853718,evening,low,rainy,normal,city_center,37.45
9.84,20.60450279846905,afternoon,high,clear,normal,suburbs,20.18
9.85,5.0,evening,low,clear,low,suburbs,13.1
19.01,44.06878545899157,night,high,rainy,normal,airport,45.95
13.25,26.462309684741392,afternoon,low,clear,high,city_center,26.43
5.82,5.290927314786958,evening,medium,clear,normal,city_center,15.02
21.41,32.006744032754554,morning,medium,clear,high,city_center,46.38
9.16,21.235398425488768,night,high,stormy,low,city_center,19.7
3.47,5.76123282048519,morning,medium,clear,normal,city_center,12.66
10.98,34.185365126935714,evening,high,clear,low,suburbs,30.75
14.78,32.67393426641769,afternoon,low,clear,high,city_center,36.25
15.64,41.09949771294755,evening,low,stormy,high,suburbs,42.94
21.05,42.582595417822866,evening,low,clear,normal,city_center,42.39
13.99,31.45449871651359,afternoon,low,rainy,normal,airport,27.47
6.37,17.34508367538355,night,medium,clear,normal,city_center,13.32
7.28,8.600598149032233,afternoon,medium,clear,high,airport,20.02
3.42,5.0,morning,medium,clear,normal,suburbs,6.74
18.66,30.87007385166489,night,high,clear,high,suburbs,41.39
3.54,9.381510851567032,afternoon,high,clear,normal,city_center,9.52
15.54,21.74066675493441,morning,medium,rainy,normal,suburbs,26.88
15.33,34.75275130811493,morning,high,clear,high,suburbs,43.23
19.85,46.44060906706596,afternoon,low,rainy,high,suburbs,45.28
2.79,11.703524442658567,night,medium,stormy,low,city_center,9.89
5.87,7.0922920669303355,evening,high,clear,normal,city_center,11.52
22.83,33.20375586541107,morning,high,clear,high,city_center,52.67
14.73,33.18072471585528,afternoon,high,clear,normal,suburbs,29.53
11.98,22.757852628285267,evening,medium,rainy,low,city_center,22.79
18.94,38.72558683643636,evening,high,clear,normal,city_center,42.24
22.66,50.860050418576606,evening,low,clear,low,suburbs,36.81
7.31,15.937082011886304,afternoon,medium,rainy,normal,airport,20.0
22.64,36.31002301841825,night,medium,clear,low,airport,34.0
3.61,18.115967226341585,afternoon,medium,clear,high,airport,18.61
24.46,53.28717850120373,night,low,clear,normal,suburbs,43.48
4.96,5.301727576268531,morning,medium,clear,normal,suburbs,9.8
7.39,9.352606649833982,afternoon,low,clear,normal,suburbs,13.43
3.32,6.604047117238321,morning,high,clear,normal,suburbs,5.86
20.29,49.22907333719598,night,medium,clear,low,suburbs,31.46
24.62,49.24907794599577,afternoon,medium,clear,normal,city_center,37.81
8.13,18.10411492225611,night,high,clear,normal,airport,19.53
8.81,19.32147230498067,evening,high,clear,normal,city_center,21.84
7.7,7.490078888367284,morning,high,clear,normal,suburbs,13.17
4.72,11.030622866813037,morning,medium,clear,high,suburbs,13.76
19.9,46.180004321878336,night,medium,clear,normal,airport,40.23
2.46,5.0,evening,medium,clear,normal,city_center,7.08
24.23,46.62334296991842,night,high,clear,normal,city_center,47.19
23.26,43.63504991347857,evening,high,clear,normal,city_center,50.29
3.84,5.0,evening,low,stormy,low,suburbs,5.0
13.71,32.173560795522995,afternoon,medium,clear,high,city_center,31.23
24.83,59.07487986891757,evening,medium,clear,normal,suburbs,49.84
21.46,37.435353638217094,night,low,rainy,high,suburbs,41.81
18.16,28.821204555006986,evening,low,rainy,high,city_center,44.91
1.54,5.0,night,high,clear,normal,city_center,11.48
2.64,9.577783499844042,morning,high,clear,high,suburbs,9.99
20.06,29.637947728587392,evening,low,clear,low,airport,31.84
10.03,10.076732303596426,afternoon,high,clear,normal,airport,21.56
17.04,18.816900926260168,morning,high,clear,normal,airport,38.33
18.74,20.39475689115073,evening,low,clear,low,city_center,26.59
11.13,8.914955044998294,evening,low,rainy,high,city_center,23.55
4.44,5.0,night,medium,clear,low,airport,12.6
10.28,14.744543278869429,evening,high,clear,normal,airport,26.37
21.91,50.1221086203756,morning,medium,rainy,low,city_center,41.02
8.95,17.656886519011923,night,high,clear,high,suburbs,23.74
2.5,5.158922162122347,afternoon,low,rainy,high,city_center,8.63
24.02,75.7701231066624,evening,low,clear,low,suburbs,45.37
17.34,38.94005560705868,evening,high,clear,low,suburbs,33.71
13.98,27.7598523078714,afternoon,medium,clear,low,airport,28.84
20.9,40.53109316037111,afternoon,medium,rainy,normal,city_center,37.31
10.87,19.993603000184294,evening,high,rainy,normal,city_center,25.72
24.64,41.793565183254536,night,low,clear,high,suburbs,51.61
21.58,54.81971415634159,night,medium,clear,high,suburbs,46.6
7.73,14.608095920667266,night,high,clear,normal,airport,19.93
9.91,9.205190201360011,morning,high,rainy,normal,city_center,19.99
7.62,19.792031769780216,morning,medium,rainy,low,suburbs,15.84
16.82,30.39182785814522,morning,medium,clear,normal,airport,36.1
16.34,31.035217988311157,night,low,clear,high,city_center,36.37
13.54,7.268779371741534,morning,low,clear,normal,suburbs,18.16
24.18,41.438636177826105,evening,low,clear,normal,city_center,37.55
12.33,24.13089740540331,night,medium,clear,normal,city_center,24.96
19.81,39.786755451794626,evening,high,clear,high,city_center,53.55
16.79,35.262702610848265,morning,low,clear,normal,city_center,31.4
13.44,34.75991032060759,morning,high,clear,normal,city_center,34.6
2.01,9.034276418475596,evening,medium,clear,high,airport,9.12
16.78,32.8163692270803,afternoon,low,stormy,normal,suburbs,28.37
16.42,41.403117007153035,afternoon,low,clear,normal,city_center,23.95
4.0,5.0,morning,medium,clear,low,suburbs,6.85
20.1,27.831919216344897,night,low,clear,normal,suburbs,22.72
12.21,35.754825740254326,night,medium,clear,normal,city_center,29.16
8.78,12.868154768266235,evening,low,clear,normal,city_center,14.93
20.78,44.407857367144885,afternoon,high,rainy,normal,suburbs,38.49
9.24,15.006373782540376,afternoon,low,clear,normal,airport,24.25
15.92,31.817284996057886,morning,medium,clear,low,city_center,27.35
15.83,40.78488127959318,night,medium,rainy,normal,suburbs,33.17
2.27,9.703114416658806,afternoon,high,clear,high,city_center,9.08
11.15,15.470108782300468,morning,medium,clear,high,city_center,23.28
6.35,7.54094074932093,evening,medium,clear,normal,suburbs,10.85
5.79,13.013403006333224,night,high,clear,normal,city_center,13.07
16.72,35.31803972232863,afternoon,high,rainy,high,city_center,42.44
1.27,5.0,evening,high,rainy,normal,airport,11.05
24.26,49.30636183917129,night,low,rainy,normal,suburbs,37.91
10.49,13.21825104601215,morning,high,rainy,normal,suburbs,16.68
8.17,21.243040084196345,evening,medium,clear,low,suburbs,17.07
23.08,65.31603452204202,afternoon,high,clear,high,city_center,63.65
12.68,27.029254026807322,evening,medium,rainy,low,suburbs,21.58
15.74,43.9107412129165,morning,low,clear,normal,suburbs,36.04
17.7,40.18799781284896,morning,low,clear,normal,suburbs,34.1
21.91,41.49686393196522,evening,medium,clear,high,suburbs,48.94
4.11,9.844037567436235,afternoon,medium,rainy,low,suburbs,7.37
2.96,5.0,evening,medium,rainy,low,city_center,5.0
24.85,47.39696460205715,morning,high,clear,high,suburbs,62.24
1.21,5.0,evening,high,clear,normal,suburbs,6.76
18.0,38.07184119590553,afternoon,high,clear,low,city_center,35.21
15.67,24.626848504116534,evening,medium,rainy,normal,city_center,27.37
14.26,27.154008833640084,morning,high,clear,normal,airport,33.72
19.86,33.606212457657875,evening,high,clear,normal,airport,43.51
24.82,46.051569802473,morning,medium,clear,high,suburbs,56.46
2.13,5.0,morning,medium,rainy,high,suburbs,5.66
15.75,27.42467168485259,afternoon,low,clear,high,airport,31.46
18.2,30.891010343458504,evening,medium,rainy,high,city_center,50.34
8.34,13.751520400194016,morning,medium,clear,high,city_center,17.51
22.43,47.76723974641265,evening,high,clear,normal,airport,55.49
11.97,30.34151307755731,morning,medium,clear,normal,suburbs,25.89
4.95,7.874089387591827,night,medium,clear,normal,airport,13.9
21.51,39.02958800677857,afternoon,high,rainy,normal,airport,44.55
23.63,53.61735754794552,morning,medium,clear,normal,city_center,50.4
3.39,5.0,evening,medium,rainy,normal,city_center,9.54
19.04,45.304693141533065,afternoon,medium,rainy,normal,city_center,36.7
6.16,19.41235053297813,afternoon,high,clear,normal,city_center,20.97
1.16,5.0,evening,high,clear,normal,city_center,10.02
7.25,10.411590434799377,evening,medium,rainy,high,city_center,15.21
21.52,46.80636121927981,morning,low,rainy,high,suburbs,47.96
4.39,6.9600743485310765,morning,medium,clear,normal,suburbs,9.72
4.14,8.168910342410815,afternoon,high,clear,high,airport,15.05
18.74,33.74025071504923,afternoon,low,clear,low,city_center,26.32
10.75,25.032449701885675,evening,medium,clear,normal,city_center,24.2
4.56,7.88950497947333,afternoon,low,rainy,low,airport,16.9
6.52,18.570842506296927,night,medium,rainy,normal,city_center,15.39
20.07,48.87526432657256,evening,low,rainy,high,city_center,52.34
15.96,45.520592530704775,evening,medium,clear,low,city_center,29.49
19.26,48.301252456399084,afternoon,medium,clear,normal,suburbs,33.2
3.35,5.0,afternoon,medium,stormy,high,suburbs,6.83
11.99,26.8071378338029,afternoon,medium,clear,normal,suburbs,21.85
20.13,39.04291150842363,morning,low,clear,high,suburbs,43.49
7.38,16.25806723210416,afternoon,medium,rainy,normal,city_center,14.74
5.06,7.730830678557318,night,low,clear,normal,suburbs,10.7
10.16,17.484391204365483,evening,high,clear,low,city_center,20.52
9.0,12.254373617978954,morning,low,clear,normal,city_center,18.28
5.45,5.0,morning,high,rainy,low,suburbs,8.5
23.89,38.471389566053055,evening,medium,clear,normal,suburbs,41.32
12.59,32.56439791247612,evening,low,stormy,high,suburbs,34.78
15.59,33.480462318237535,morning,high,clear,normal,suburbs,35.96
3.91,5.0,evening,low,clear,normal,suburbs,5.86
15.64,34.498599238816354,evening,low,clear,high,city_center,35.79
14.33,24.73408347442597,afternoon,low,clear,normal,airport,26.24
23.37,62.038582429373186,evening,low,clear,normal,city_center,50.71
10.9,21.353153805453886,night,high,clear,high,city_center,29.55
19.77,47.53878101725214,evening,medium,clear,high,airport,55.4
8.3,22.734810297905362,evening,low,clear,normal,airport,19.35
14.89,33.802909330594055,morning,medium,clear,low,suburbs,32.6
23.25,41.19176870527904,evening,high,clear,normal,suburbs,42.37
16.0,40.28454345771878,evening,high,rainy,high,city_center,52.8
18.07,35.24395170720558,afternoon,medium,clear,high,city_center,39.12
22.02,40.98624834338536,afternoon,low,clear,high,suburbs,41.1
23.21,66.92258480320348,evening,low,rainy,normal,airport,55.4
6.0,18.336763682407906,evening,high,rainy,normal,suburbs,19.8
5.7,12.794889724784614,evening,high,clear,normal,airport,14.63
14.21,36.61757342724384,evening,low,stormy,normal,airport,41.35
24.89,48.76740195871034,evening,high,clear,low,suburbs,43.39
12.76,23.83797873607058,night,low,clear,high,suburbs,25.32
8.94,14.71605312244031,afternoon,medium,clear,normal,city_center,13.74
13.89,36.493842618843985,afternoon,low,clear,normal,city_center,22.68
2.55,5.0,afternoon,high,clear,normal,suburbs,9.8
5.25,11.581847947863798,morning,medium,rainy,normal,airport,16.48
4.57,5.0,morning,low,clear,high,city_center,14.31
1.67,9.513706672841394,afternoon,high,rainy,low,city_center,10.73
18.33,49.632342966634724,afternoon,medium,clear,high,airport,51.8
8.81,18.626909516333903,night,medium,stormy,normal,suburbs,15.32
5.04,12.345488305325281,evening,high,clear,normal,city_center,13.44
13.29,31.994737778652578,night,low,clear,normal,suburbs,24.47
8.76,14.009404419904582,morning,medium,clear,low,suburbs,16.88
10.43,18.790760414450542,morning,low,clear,low,city_center,15.65
8.57,20.343931860470185,morning,high,clear,normal,suburbs,17.87
1.1,8.229455370659396,afternoon,medium,rainy,low,suburbs,6.92
17.52,41.193148256047834,morning,medium,clear,high,city_center,46.16
3.66,5.0,morning,high,rainy,normal,suburbs,7.54
6.26,7.1892118765645385,morning,high,clear,high,city_center,14.28
5.57,13.01568061931114,evening,medium,clear,high,city_center,15.15
8.95,21.64368502481642,night,low,clear,normal,suburbs,17.9
4.84,11.808971134537163,morning,medium,clear,normal,airport,19.11
9.33,13.455625313053197,morning,low,rainy,normal,city_center,20.4
6.84,21.475416312564214,afternoon,medium,clear,normal,suburbs,12.17
2.47,5.0,evening,medium,clear,high,city_center,12.84
21.89,43.47618500690658,afternoon,medium,clear,high,city_center,49.14
8.33,27.20283522867216,afternoon,medium,clear,normal,city_center,20.1
3.29,9.635646459340652,morning,high,clear,normal,airport,15.7
13.52,19.6050586200586,afternoon,low,clear,normal,suburbs,20.2
3.96,8.490891145677086,morning,medium,clear,low,suburbs,5.0
19.55,48.3873069203357,evening,medium,clear,normal,city_center,35.88
2.48,5.0,evening,medium,clear,normal,suburbs,6.41
12.15,15.401531393341713,night,medium,clear,normal,city_center,19.16
23.65,60.49009272775187,afternoon,low,clear,normal,suburbs,31.67
4.82,10.625177223128269,evening,medium,rainy,normal,suburbs,11.98
5.83,11.30158991106584,afternoon,low,clear,normal,city_center,13.96
15.41,36.77478430329,afternoon,medium,clear,normal,city_center,31.49
24.52,72.93803667728913,morning,medium,clear,normal,suburbs,53.33
10.26,15.507108478382113,afternoon,high,clear,high,suburbs,21.86
16.57,34.35132420745295,night,high,clear,low,city_center,33.5
4.66,11.109530381430273,night,medium,clear,normal,city_center,14.45
16.39,32.911109758547056,afternoon,low,clear,high,airport,37.93
7.06,7.865263780570347,evening,medium,rainy,low,suburbs,13.18
15.72,35.632154968282414,morning,low,rainy,high,city_center,42.97
3.13,6.748907959391339,evening,medium,stormy,low,city_center,14.93
13.6,40.78504718157991,morning,low,rainy,normal,suburbs,22.04
6.7,19.213038220675028,afternoon,low,clear,high,suburbs,19.19
17.36,31.31903540767753,evening,medium,clear,normal,suburbs,30.04
18.94,29.861433478530188,afternoon,high,clear,low,city_center,29.85
21.36,55.71697307282693,morning,medium,rainy,normal,city_center,48.88
24.82,74.36121575833111,night,low,rainy,normal,suburbs,48.73
12.02,27.957986030015125,afternoon,medium,clear,normal,city_center,23.16
17.09,32.15821294472474,morning,medium,clear,normal,suburbs,30.09
1.44,5.0,afternoon,high,clear,high,city_center,10.08
22.72,47.09142885595498,evening,low,clear,high,city_center,53.82
15.78,51.60371752534762,afternoon,medium,clear,high,suburbs,38.72
11.11,26.851037717856588,night,high,clear,high,city_center,33.73
11.42,22.09993530470321,morning,high,clear,high,suburbs,33.74
19.19,42.5178355604287,evening,high,rainy,normal,airport,49.29
21.0,70.07391234094828,morning,medium,clear,high,airport,70.52
20.39,40.90512336007894,morning,high,clear,normal,city_center,43.43
13.25,23.91744872744408,morning,medium,clear,high,city_center,30.11
9.91,28.547594046358764,morning,high,clear,high,city_center,35.0
23.69,46.180078842872376,evening,high,clear,high,city_center,63.84
16.22,37.013758668776234,evening,low,clear,high,suburbs,35.41
14.05,39.96143513905782,night,low,rainy,high,airport,42.91
15.36,31.65451575412028,evening,high,clear,high,suburbs,47.66
16.12,37.7851683639535,afternoon,medium,clear,normal,suburbs,27.43
18.11,30.298803266215295,afternoon,high,clear,high,city_center,39.85
14.28,21.911828335583515,afternoon,high,clear,normal,city_center,20.25
22.01,51.11872972972656,afternoon,low,clear,high,airport,51.4
21.63,20.213418702569747,evening,low,clear,high,suburbs,40.3
11.61,19.354048582839862,evening,high,clear,high,suburbs,29.84
5.04,16.476280737299497,evening,medium,rainy,normal,city_center,15.07
14.84,31.87925822268473,morning,high,rainy,normal,city_center,31.12
15.9,37.01892059003908,morning,medium,clear,normal,city_center,33.34
13.56,20.26737737640616,night,low,rainy,high,city_center,25.76
22.37,34.40992049963621,afternoon,low,clear,normal,city_center,33.15
3.23,6.788251362120466,night,low,rainy,low,city_center,8.4
7.9,18.696605807039898,afternoon,low,clear,normal,airport,18.4
21.78,41.22645801947271,morning,high,rainy,high,airport,67.8
23.55,46.43494713949104,afternoon,high,clear,normal,city_center,40.39
11.22,19.057282731051686,morning,high,clear,normal,city_center,29.06
5.62,12.799174450539475,night,low,rainy,low,city_center,12.92
11.09,18.063173011954948,afternoon,medium,rainy,normal,suburbs,17.91
11.95,21.996134364691045,afternoon,low,clear,high,suburbs,22.22
13.47,36.65101000751468,afternoon,low,clear,high,airport,38.24
7.58,11.766221800277975,morning,low,clear,high,city_center,17.67
8.5,22.088915623329562,evening,high,clear,high,city_center,32.21
16.73,33.58893100948788,morning,medium,clear,normal,city_center,35.68
15.92,42.44705646512151,evening,medium,clear,normal,airport,36.08
16.89,36.17570820270226,afternoon,high,rainy,normal,suburbs,34.46
10.05,25.810814630115427,night,medium,clear,normal,suburbs,15.91
9.07,9.445218830096904,afternoon,low,clear,high,city_center,19.93
9.44,21.72753465304786,night,high,clear,normal,airport,26.25
23.83,43.96493230880387,morning,medium,rainy,normal,suburbs,43.03
10.49,22.29930494407954,evening,low,clear,high,airport,25.73
15.55,33.18724938297673,evening,medium,clear,high,suburbs,39.82
13.55,41.84826878496283,morning,medium,clear,low,airport,32.59
22.03,51.194276668304965,morning,high,clear,low,city_center,42.23
9.86,5.0,evening,high,clear,high,airport,26.12
11.42,28.38162970929741,afternoon,low,clear,normal,city_center,24.74
21.23,51.999486287995595,morning,high,clear,normal,city_center,53.08
4.86,10.845879127982286,evening,medium,clear,normal,suburbs,10.43
15.26,27.781417526020523,afternoon,medium,clear,normal,suburbs,20.72
10.6,30.315384380294645,afternoon,medium,clear,normal,suburbs,23.09
24.66,42.857642964041844,morning,low,clear,high,city_center,49.75
18.31,35.28246520306835,afternoon,low,clear,normal,city_center,26.35
1.25,8.060180937551873,night,high,clear,high,suburbs,10.71
21.15,49.71921197730118,night,low,clear,normal,suburbs,38.58
17.88,28.702007687464775,afternoon,medium,clear,normal,city_center,29.35
14.46,19.349181823118847,afternoon,high,clear,high,city_center,31.19
6.67,8.431462520401794,night,high,clear,low,city_center,14.37
4.58,12.585101968339883,evening,high,clear,high,suburbs,19.85
16.08,38.964655502064424,morning,high,rainy,normal,suburbs,39.78
11.56,20.66384277834653,night,medium,rainy,low,suburbs,12.97
21.68,53.98819158105895,night,low,clear,normal,city_center,37.34
7.3,5.0,afternoon,low,clear,high,city_center,16.06
16.3,27.593185648068754,night,low,clear,low,suburbs,20.4
6.97,15.277519991275808,evening,low,stormy,normal,suburbs,18.46
16.27,38.170995546043336,night,medium,rainy,normal,city_center,33.25
2.16,5.0,afternoon,medium,rainy,low,airport,11.09
10.4,29.334434797267605,afternoon,high,clear,low,city_center,25.25
5.14,18.60680511708735,afternoon,medium,clear,normal,airport,16.72
15.54,20.83876159992252,afternoon,high,stormy,low,suburbs,27.58
8.6,17.405337963396615,afternoon,high,rainy,high,suburbs,22.73
19.52,57.36837707487912,afternoon,high,clear,low,suburbs,38.62
3.75,10.9551990311863,morning,low,clear,low,suburbs,10.98
14.35,17.82188506863839,night,medium,clear,normal,airport,23.67
15.25,27.448780214200678,morning,medium,clear,normal,city_center,29.2
1.53,5.0,night,high,clear,high,suburbs,5.13
1.86,5.0,afternoon,medium,clear,low,city_center,5.3
8.4,26.16313510452622,afternoon,high,clear,low,airport,21.78
15.62,36.31694442221803,night,low,clear,normal,city_center,26.49
24.1,40.51283158183695,afternoon,low,rainy,high,city_center,49.48
3.18,6.182841908788715,afternoon,high,rainy,normal,suburbs,8.12
17.88,39.26597653194042,morning,high,rainy,high,airport,64.39
17.63,31.774623952391874,evening,low,clear,high,suburbs,38.5
17.07,37.25504102347425,evening,low,clear,normal,city_center,30.98
13.39,23.993795497958214,afternoon,medium,rainy,normal,city_center,25.52
24.2,46.04036067862734,afternoon,high,clear,high,airport,61.15
13.04,24.55592659205843,night,medium,clear,low,suburbs,22.19
21.12,34.84966987795681,evening,low,rainy,low,city_center,32.34
7.3,7.886385412762191,afternoon,medium,clear,normal,airport,14.87
20.35,56.088576298150656,evening,medium,rainy,normal,suburbs,45.21
24.92,45.44801114233431,afternoon,low,clear,high,suburbs,45.93
22.84,53.36429706561556,evening,medium,clear,normal,city_center,48.26
8.3,19.85659008879429,afternoon,low,clear,high,suburbs,16.17
21.31,70.28886673355662,afternoon,high,clear,high,airport,69.89
3.29,14.273806899830497,morning,high,rainy,high,airport,26.88
17.26,47.140172430853596,night,high,rainy,normal,suburbs,41.88
9.21,16.09044286651533,evening,high,clear,high,suburbs,27.9
16.81,28.89071101013838,morning,low,rainy,high,city_center,39.56
10.89,21.540679435471546,morning,medium,clear,normal,suburbs,17.97
1.22,10.044436883091278,morning,medium,clear,low,suburbs,5.0
6.55,9.33487673864082,afternoon,high,rainy,high,city_center,19.17
2.02,5.0,evening,low,clear,low,airport,10.08
11.25,10.057367085828947,evening,high,clear,normal,airport,21.28
21.16,44.17027858110304,morning,high,rainy,high,city_center,66.42
18.71,31.961813728396656,afternoon,high,clear,low,city_center,29.07
19.93,37.09028610538742,afternoon,medium,clear,normal,city_center,32.37
20.37,38.995452762640156,afternoon,high,clear,high,city_center,48.77
9.93,17.712307046060573,evening,high,clear,high,city_center,30.78
13.14,37.92271796353835,evening,medium,clear,normal,suburbs,30.13
13.2,23.174240972775202,evening,high,stormy,normal,city_center,30.09
3.72,12.575612347871296,evening,high,rainy,high,city_center,14.34
15.36,33.011121164236684,night,high,clear,low,suburbs,27.26
18.28,33.77791579202114,evening,high,clear,normal,airport,41.04
15.66,36.04609051916295,evening,high,rainy,normal,city_center,40.14
18.9,52.97823384805248,afternoon,medium,rainy,normal,suburbs,34.62
3.85,10.324848508782205,morning,medium,clear,normal,city_center,12.08
19.27,48.69117177855576,morning,low,rainy,normal,suburbs,41.09
6.0,5.0,afternoon,medium,clear,high,city_center,9.34
22.04,41.894455130006,evening,low,clear,normal,city_center,39.56
6.88,17.248690035804028,evening,low,clear,normal,city_center,16.49
12.81,27.996392378250995,morning,low,rainy,high,suburbs,31.09
12.69,18.008877810138546,morning,medium,clear,normal,suburbs,17.14
7.45,7.148709476869567,afternoon,low,clear,normal,city_center,5.81
9.68,17.105546467298606,afternoon,high,clear,high,suburbs,22.35
5.45,14.227268052524103,evening,high,clear,high,city_center,21.08
14.68,34.271204608889164,morning,medium,clear,low,city_center,28.67
22.91,46.90985330104881,afternoon,medium,clear,normal,suburbs,34.75
8.6,19.769801167279407,afternoon,high,clear,high,suburbs,26.09
13.19,29.750473726226907,night,medium,rainy,normal,city_center,29.05
21.69,56.60651598439877,night,medium,clear,low,suburbs,34.97
11.86,26.41087294647638,afternoon,high,rainy,normal,suburbs,23.92
20.95,34.76483814279544,afternoon,high,rainy,normal,suburbs,36.42
11.71,23.964736745346727,night,high,rainy,normal,airport,29.88
11.57,31.710806551670537,night,low,clear,normal,city_center,24.43
4.77,8.70710915744718,evening,high,clear,normal,city_center,17.22
4.0,5.0,evening,low,rainy,high,suburbs,7.93
15.68,34.536727388986215,evening,medium,rainy,high,suburbs,40.08
20.86,45.97716131381929,evening,low,clear,low,suburbs,34.14
4.25,8.835826592348566,evening,medium,clear,normal,city_center,9.03
22.84,31.261988369847835,evening,medium,clear,high,city_center,46.8
9.61,26.702471802469468,evening,high,rainy,normal,city_center,31.86
11.21,30.51999847770883,night,medium,rainy,high,city_center,34.58
22.47,62.508647458902914,night,high,clear,high,city_center,66.03
22.51,33.355668868612256,afternoon,medium,stormy,low,airport,37.28
13.6,30.719583082426958,night,low,rainy,low,suburbs,19.72
7.64,9.22939531745783,afternoon,low,rainy,normal,suburbs,13.42
5.13,5.0,morning,high,clear,normal,airport,17.69
7.52,24.12124734286958,morning,high,clear,normal,city_center,20.72
19.74,32.50943402248154,morning,medium,clear,normal,city_center,36.19
8.79,23.542378000692754,afternoon,high,clear,normal,city_center,17.01
17.67,36.94662398458408,night,medium,clear,normal,city_center,33.78
5.68,13.499827145423458,afternoon,medium,clear,low,city_center,8.78
12.48,24.978555524028806,night,high,clear,high,suburbs,34.29
9.45,29.464951172799807,morning,medium,clear,normal,city_center,25.97
13.09,34.21893940766708,morning,medium,clear,high,city_center,41.68
14.68,25.951834085992314,morning,medium,clear,low,suburbs,25.44
24.78,49.91716063579336,afternoon,medium,clear,low,suburbs,39.55
22.6,60.213192586873014,night,medium,rainy,high,suburbs,55.28
17.7,26.872544362631334,morning,medium,stormy,normal,city_center,32.31
4.69,5.6534014062361715,afternoon,high,clear,high,suburbs,12.06
23.06,35.36686154597321,night,low,rainy,high,suburbs,40.94
22.42,38.33663516523971,afternoon,low,clear,normal,airport,42.96
22.28,50.52485103173383,afternoon,high,clear,high,city_center,59.45
12.5,26.99486750366849,afternoon,medium,rainy,low,suburbs,18.12
5.1,14.277150952049304,evening,medium,rainy,low,suburbs,9.21
19.11,46.31148313435173,afternoon,high,rainy,normal,city_center,40.77
10.32,10.043226697677047,evening,medium,clear,high,airport,25.76
9.27,16.837353960740742,evening,medium,clear,normal,suburbs,13.57
10.38,30.12091080282997,morning,high,rainy,normal,airport,33.32
14.42,33.84309663551251,evening,low,clear,normal,city_center,29.34
9.0,28.545892012101174,night,high,clear,low,city_center,26.67
17.56,37.64144509425754,morning,medium,rainy,normal,city_center,37.15
16.55,33.19784746707759,morning,high,clear,normal,suburbs,37.46
13.21,35.073552862725506,evening,high,clear,normal,suburbs,33.42
2.3,7.326434851917168,evening,medium,rainy,normal,city_center,10.5
23.48,46.53845095712328,afternoon,high,clear,normal,suburbs,40.03
10.88,21.68609548823718,night,low,clear,high,city_center,22.4
11.79,22.954424210565257,morning,medium,clear,normal,suburbs,23.0
11.94,31.56141658822727,morning,medium,clear,high,airport,37.01
9.76,8.457631567780249,morning,high,rainy,normal,city_center,17.03
17.19,36.22229165877237,evening,low,clear,high,suburbs,40.31
1.33,5.801105587892475,morning,high,rainy,low,city_center,5.12
21.96,76.23685149153724,evening,low,stormy,high,suburbs,76.74
3.46,5.53313136395002,night,low,clear,low,suburbs,5.0
24.99,39.1267944698185,morning,medium,clear,high,suburbs,46.28
16.07,30.342157830107627,morning,low,rainy,high,suburbs,40.18
2.59,12.61543219121614,night,medium,clear,normal,suburbs,12.79
14.5,20.290940975592235,afternoon,medium,clear,high,city_center,27.96
8.95,17.62833375533486,afternoon,medium,clear,low,airport,18.58
23.87,65.93162267900527,evening,high,stormy,normal,city_center,65.33
19.13,38.11129515312581,evening,medium,clear,high,suburbs,49.87
13.17,31.265741829921545,morning,medium,rainy,low,city_center,26.17
11.31,29.599549034124365,night,high,clear,normal,suburbs,22.12
24.9,36.653446482144275,evening,medium,clear,normal,suburbs,38.12
17.02,29.980351023164975,morning,medium,clear,normal,suburbs,31.84
13.33,27.226404135341916,morning,medium,clear,high,suburbs,35.58
10.55,25.003080330505234,evening,high,clear,normal,suburbs,26.88
8.79,16.946368457397703,afternoon,medium,clear,normal,suburbs,13.87
17.93,35.23558222439429,afternoon,low,rainy,normal,suburbs,29.15
15.11,23.41333395848147,morning,medium,clear,normal,suburbs,22.21
21.36,35.57460225672368,evening,medium,clear,high,city_center,47.48
14.29,20.037348308353902,morning,medium,clear,low,suburbs,19.07
14.98,26.90805108988614,afternoon,high,clear,high,suburbs,40.36
12.46,21.949908028007528,evening,high,clear,low,suburbs,21.65
19.3,32.326492166958985,night,low,clear,normal,suburbs,30.4
10.96,22.74476970573145,morning,low,clear,high,suburbs,29.62
21.45,40.07290016672854,evening,low,clear,normal,suburbs,38.18
8.85,24.201619697195547,morning,medium,stormy,low,suburbs,18.91
17.62,44.773773651398564,afternoon,medium,clear,low,airport,38.34
22.43,33.30936501643733,morning,medium,rainy,normal,suburbs,36.65
19.46,55.06748904263734,evening,high,clear,normal,suburbs,46.44
9.22,24.399081431243676,afternoon,medium,clear,high,city_center,28.83
17.95,35.30172875871786,night,high,rainy,high,suburbs,47.73
5.97,9.629200770728701,morning,high,rainy,normal,suburbs,14.23
2.4,11.064415446152907,evening,medium,clear,low,suburbs,8.1
19.99,52.66785057427848,afternoon,medium,clear,normal,suburbs,30.97
20.39,35.3839938025198,evening,high,rainy,low,city_center,34.58
1.55,5.578969057119627,night,medium,rainy,low,city_center,8.04
23.75,55.17536995336067,night,high,clear,high,suburbs,60.83
11.7,21.629488815361775,evening,medium,rainy,low,airport,23.26
22.73,44.688478194968695,morning,high,clear,high,suburbs,61.48
19.92,40.23823333134617,evening,medium,rainy,normal,city_center,36.59
22.62,47.812598696061016,night,low,rainy,low,city_center,35.73
21.0,39.07813777728858,afternoon,high,clear,normal,airport,39.96
24.38,60.49423467290551,afternoon,low,rainy,low,city_center,41.02
16.1,40.06992473210158,afternoon,high,stormy,high,airport,52.52
6.45,5.8287657447629,evening,high,clear,high,suburbs,18.5
10.35,21.096675885538932,morning,medium,rainy,normal,airport,25.01
19.05,27.47403194769715,morning,high,clear,normal,suburbs,32.75
4.77,21.049942558386228,afternoon,high,clear,high,airport,24.02
23.32,32.25621545994517,evening,medium,clear,normal,suburbs,39.19
5.93,17.196732426964715,morning,high,clear,normal,city_center,15.32
22.02,57.89844685836134,night,medium,rainy,normal,suburbs,40.13
12.61,30.613791152595546,evening,medium,clear,high,suburbs,31.26
21.17,41.0875846685425,morning,medium,rainy,low,airport,44.86
24.0,54.19980162637615,evening,high,clear,low,airport,49.78
11.13,35.46278665130356,afternoon,medium,rainy,normal,suburbs,26.72
17.72,39.474856664491455,evening,medium,clear,normal,suburbs,33.33
6.44,14.094638197112292,night,high,clear,low,city_center,13.04
20.22,40.93777410626525,afternoon,high,rainy,normal,city_center,41.66
20.68,55.50942286606749,morning,medium,clear,high,city_center,56.6
8.09,9.665313602240323,afternoon,high,clear,normal,city_center,17.89
1.58,12.336781490581554,evening,medium,clear,normal,city_center,8.11
11.35,25.705009130321262,afternoon,high,clear,normal,suburbs,23.14
5.08,7.047033866663826,evening,medium,rainy,high,airport,15.67
20.65,62.373869221957435,afternoon,low,clear,normal,suburbs,33.36
7.27,21.045178439288954,evening,low,clear,normal,airport,19.84
23.65,39.412386713697686,afternoon,medium,rainy,low,suburbs,31.89
24.32,52.39084581394942,evening,medium,clear,normal,suburbs,43.9
22.81,28.845888338730237,morning,high,rainy,normal,city_center,40.07
15.39,28.538120092783075,morning,high,clear,normal,city_center,32.27
7.42,15.321428000087437,afternoon,medium,clear,normal,city_center,13.82
20.37,37.53552614848115,evening,high,clear,high,city_center,58.31
17.84,47.65621359664811,night,high,clear,high,airport,56.32
24.45,38.62420267435987,morning,low,rainy,normal,city_center,36.98
10.05,25.51273835541327,night,medium,clear,low,city_center,17.38
2.41,5.0,afternoon,medium,clear,low,city_center,8.06
24.96,54.3829434457893,night,low,rainy,normal,suburbs,40.94
21.12,51.25719836917794,morning,low,clear,low,suburbs,33.51
6.32,21.636514212813157,afternoon,medium,clear,low,airport,14.91
18.42,30.075287247801203,evening,high,clear,high,airport,51.34
1.02,5.0,afternoon,high,rainy,low,suburbs,9.37
14.39,34.79998158006218,night,low,clear,low,suburbs,20.33
9.71,16.500051821600444,night,high,rainy,high,suburbs,28.22
10.15,16.397893350972915,afternoon,low,clear,normal,suburbs,16.11
6.87,24.46737756376457,morning,high,rainy,high,suburbs,26.51
7.6,12.192980556261457,morning,medium,clear,normal,city_center,16.91
11.91,28.01411986195846,morning,low,clear,normal,city_center,20.57
6.96,16.295674404687237,evening,high,rainy,normal,city_center,21.21
12.19,33.41027258246621,morning,low,clear,low,city_center,23.58
14.86,27.10120803308512,afternoon,low,clear,high,airport,33.43
18.07,41.27514759967786,morning,low,clear,high,airport,48.21
17.25,26.607542041723082,night,medium,clear,low,city_center,27.42
6.81,11.020175443522568,afternoon,low,clear,high,city_center,13.4
1.94,5.0,evening,high,stormy,normal,suburbs,5.0
20.98,50.86399585816458,evening,medium,clear,high,suburbs,47.39
21.94,58.62038950953806,afternoon,high,clear,high,suburbs,56.99
24.49,48.94336367302336,evening,low,clear,normal,suburbs,47.32
24.03,39.59046041018511,morning,low,rainy,high,city_center,52.48
16.21,31.978446257040964,evening,medium,stormy,high,suburbs,47.95
22.46,40.29802928625188,morning,high,clear,normal,airport,47.44
11.75,16.70792943596681,morning,medium,rainy,low,suburbs,20.62
19.9,44.74763508063515,night,medium,stormy,normal,suburbs,38.19
23.93,47.39318098085753,morning,low,rainy,high,city_center,53.57
20.11,42.09200011270114,afternoon,medium,clear,normal,airport,37.3
10.98,18.259663628064526,morning,medium,clear,high,suburbs,26.07
10.07,18.566759765091117,evening,low,clear,normal,suburbs,18.53
8.0,16.692397052645017,evening,medium,clear,normal,suburbs,18.9
9.81,25.56372477077645,morning,high,rainy,high,airport,39.36
20.69,46.68229758437709,afternoon,low,clear,normal,airport,40.8
17.84,40.434555279476676,evening,low,clear,low,city_center,34.12
7.0,23.8393975911196,evening,medium,rainy,normal,suburbs,18.62
18.08,35.07395415769281,evening,high,stormy,low,suburbs,34.02
10.11,31.82738414104795,morning,medium,clear,high,suburbs,29.71
14.39,33.01417159871385,afternoon,low,clear,normal,city_center,26.15
9.89,27.306624906214875,afternoon,high,clear,normal,suburbs,22.04
13.52,27.78113295093928,afternoon,medium,rainy,normal,suburbs,27.65
18.52,42.243086324863974,evening,high,clear,normal,city_center,45.51
18.55,31.598012937297227,night,low,clear,normal,suburbs,29.23
19.08,37.16570599202078,evening,high,rainy,normal,city_center,43.34
10.38,21.213944557788857,afternoon,low,clear,low,city_center,15.75
17.57,30.997872086863776,evening,high,clear,high,suburbs,47.37
6.73,19.18052128456033,morning,low,clear,normal,airport,20.0
12.46,32.71418626700696,afternoon,low,clear,high,city_center,27.03
14.99,39.82773907065396,morning,low,clear,normal,suburbs,32.73
17.48,25.03872440066714,evening,high,clear,high,suburbs,37.31
22.89,56.371717162995274,evening,medium,clear,high,suburbs,56.68
8.31,20.763513151837085,night,medium,clear,high,suburbs,20.3
21.29,51.038934373254435,afternoon,high,clear,normal,suburbs,38.85
8.47,8.936633472655224,morning,low,clear,low,airport,14.55
14.25,36.016910386201815,morning,medium,rainy,normal,airport,36.12
20.87,49.205623793733714,night,low,clear,normal,city_center,35.43
18.36,40.52557144172003,morning,medium,stormy,low,city_center,38.78
21.71,40.42259837200754,afternoon,low,rainy,normal,suburbs,33.29
20.56,58.139738885398316,morning,low,clear,high,suburbs,53.82
7.63,27.56392089962089,evening,low,clear,normal,suburbs,20.35
24.83,64.23661857268226,afternoon,medium,stormy,high,airport,67.15
23.49,36.593874789421534,afternoon,low,rainy,high,airport,43.36
11.32,21.22804553590417,evening,low,clear,high,suburbs,27.86
2.13,15.261081370983817,evening,medium,clear,normal,airport,14.52
8.28,27.656594641306132,evening,low,rainy,normal,suburbs,21.64
21.07,43.798472713184566,morning,low,rainy,normal,airport,36.92
23.82,41.729570425220594,morning,medium,clear,normal,suburbs,39.06
20.96,49.98780711795537,afternoon,high,clear,low,city_center,37.5
10.52,13.723257922109465,night,high,rainy,normal,suburbs,19.58
2.36,10.044754154855205,morning,high,rainy,high,city_center,17.07
13.42,25.255553603670467,afternoon,medium,clear,normal,airport,24.74
10.03,14.14638976625267,morning,low,clear,high,airport,21.07
3.95,9.257558288602631,afternoon,medium,clear,normal,suburbs,5.97
3.54,9.916273585628648,morning,high,clear,normal,city_center,11.41
4.67,5.854891489048439,evening,low,clear,normal,suburbs,9.63
5.94,12.926352635605518,night,high,clear,normal,airport,19.26
19.09,46.41919590184277,afternoon,high,clear,high,city_center,47.24
10.16,19.59113114291661,evening,medium,clear,normal,city_center,23.31
11.49,23.144965565372775,morning,medium,clear,low,airport,20.85
15.36,24.12478256703426,afternoon,high,stormy,normal,suburbs,35.93
24.04,48.543067874182114,morning,high,clear,normal,city_center,50.34
19.16,34.10945630929793,afternoon,low,rainy,normal,suburbs,25.97
16.5,24.30027119717207,afternoon,low,clear,normal,city_center,22.85
18.85,46.77045406921519,evening,medium,rainy,high,airport,53.78
18.26,34.70967664120805,evening,medium,clear,normal,suburbs,30.3
17.57,27.121339850159384,night,low,clear,high,suburbs,34.84
12.91,20.321596718165587,afternoon,medium,clear,normal,suburbs,21.95
14.6,32.33410522823486,evening,medium,clear,low,suburbs,24.48
12.08,13.84297966820565,evening,low,clear,high,airport,28.14
10.48,20.331287104848887,afternoon,medium,clear,normal,city_center,15.71
7.5,19.27107126271739,evening,medium,clear,normal,suburbs,19.27
9.53,17.81056006244118,evening,low,clear,normal,suburbs,15.86
11.28,27.36780579809412,morning,low,clear,high,airport,36.16
14.91,22.1456695442957,evening,low,rainy,low,city_center,24.32
13.0,45.10666663401308,afternoon,low,clear,normal,city_center,26.12
3.59,14.052796018965367,afternoon,low,rainy,low,airport,10.8
9.16,5.0,night,medium,clear,low,suburbs,15.01
10.03,21.67134244975133,morning,high,clear,normal,airport,29.05
17.97,26.79036839625833,night,medium,clear,high,airport,39.87
8.99,28.18042088311236,evening,high,clear,low,city_center,26.05
1.19,6.334677367657498,morning,medium,clear,low,airport,10.73
3.02,9.961961159066432,morning,medium,stormy,normal,airport,14.29
12.93,20.585194312098626,evening,medium,clear,low,city_center,17.9
5.52,9.55867972248286,morning,high,rainy,normal,suburbs,10.17
12.87,23.018767931236685,morning,medium,rainy,low,suburbs,23.96
14.78,14.257119242266157,afternoon,medium,clear,high,city_center,24.71
23.4,41.99863532480096,night,medium,clear,normal,suburbs,34.33
16.73,42.50184834816379,afternoon,high,clear,normal,city_center,37.0
1.74,5.0,afternoon,high,rainy,normal,airport,10.24
10.14,30.247125959500487,evening,low,stormy,normal,city_center,25.66
20.04,51.33523579258022,evening,low,clear,low,suburbs,31.06
7.25,23.920240910915417,afternoon,high,rainy,normal,city_center,17.36
23.2,44.56082791973195,afternoon,high,clear,normal,suburbs,40.67
13.7,35.31762025150277,afternoon,low,clear,high,airport,35.33
3.22,8.188662768095654,morning,low,clear,high,airport,14.51
6.8,5.0,morning,high,stormy,normal,suburbs,18.04
22.75,54.33333146604872,evening,high,clear,normal,city_center,51.74
24.8,39.976575256864095,morning,low,clear,high,airport,56.41
21.71,43.9380394677777,evening,low,rainy,high,city_center,49.35
8.7,18.03950935286482,afternoon,low,clear,high,airport,23.18
19.45,62.740402166202614,morning,high,rainy,high,city_center,69.36
6.33,13.368535709782018,night,high,clear,high,city_center,18.18
10.23,29.16830050462624,evening,medium,clear,low,suburbs,25.76
17.73,37.747179229242896,evening,medium,rainy,normal,suburbs,34.3
24.25,37.47577182131809,evening,medium,clear,normal,suburbs,40.01
11.54,28.822020948090955,evening,medium,rainy,high,suburbs,34.12
12.9,31.898567081414104,morning,high,clear,normal,suburbs,29.74
6.28,5.0,evening,medium,clear,high,airport,18.25
10.68,22.964084490963167,morning,medium,clear,low,suburbs,20.88
2.51,5.21667066714075,night,high,clear,normal,city_center,5.05
21.61,55.494457036219266,afternoon,low,clear,normal,airport,44.76
1.56,5.0,evening,high,clear,high,city_center,10.89
17.4,35.1691164696431,morning,high,clear,high,airport,56.18
7.56,8.470788437425107,afternoon,low,clear,normal,city_center,13.67
12.43,33.04983000732296,morning,medium,rainy,normal,suburbs,23.23
7.76,20.251788006786814,afternoon,medium,clear,high,suburbs,17.25
10.6,27.600929327073928,evening,high,clear,high,city_center,34.09
14.12,35.55206414294823,evening,medium,clear,low,city_center,23.78
16.38,26.183692682535238,afternoon,medium,clear,normal,city_center,25.08
23.57,47.156037941254375,morning,medium,clear,high,city_center,53.39
8.97,17.536537389965726,evening,medium,clear,normal,city_center,18.08
15.04,31.176813379404486,morning,low,rainy,normal,suburbs,25.98
22.64,47.42999975650799,evening,low,clear,low,suburbs,34.98
7.97,16.16309506841868,evening,low,clear,high,city_center,24.15
21.76,45.42229403879166,evening,high,clear,low,airport,44.07
23.98,53.11163159939529,night,high,rainy,normal,airport,54.55
21.34,46.89951609519313,afternoon,low,rainy,high,airport,47.9
14.68,32.07707285584232,afternoon,low,clear,high,city_center,33.14
18.33,50.72637313771428,evening,medium,clear,low,airport,37.93
12.55,20.821587407565342,evening,medium,clear,high,city_center,31.16
15.33,33.847593095701164,evening,low,clear,normal,city_center,24.7
24.39,43.40966000419725,night,low,clear,low,suburbs,29.21
7.03,17.558638935896486,afternoon,medium,rainy,high,suburbs,19.66
20.02,37.067139871841164,night,medium,clear,normal,city_center,36.69
13.15,20.27584903447287,evening,medium,clear,normal,airport,29.81
5.24,22.990835213757684,evening,medium,clear,high,city_center,22.56
16.44,36.75322387506743,afternoon,medium,clear,normal,city_center,27.29
20.02,38.953059879809025,afternoon,medium,clear,high,suburbs,37.33
14.65,32.60617293645193,night,low,clear,high,city_center,33.09
21.1,39.81984743460821,evening,low,rainy,normal,suburbs,34.44
9.78,28.690218337902813,afternoon,medium,clear,normal,suburbs,18.08
22.93,45.36087301628546,afternoon,high,clear,normal,suburbs,41.77
16.56,41.77672689898814,afternoon,low,rainy,normal,city_center,29.08
20.28,39.074290048920346,morning,medium,stormy,normal,city_center,41.88
7.55,13.517755142897792,morning,medium,clear,normal,suburbs,13.97
11.71,29.960460986753233,night,high,clear,normal,suburbs,26.65
22.83,46.524942334077025,afternoon,high,rainy,low,suburbs,37.88
2.22,10.311530313936078,afternoon,medium,clear,high,suburbs,12.3
10.7,25.548114844923113,evening,medium,rainy,normal,suburbs,24.96
19.73,43.684954644544526,evening,medium,clear,normal,suburbs,40.27
18.85,41.069460450519436,evening,high,clear,normal,airport,46.43
21.44,36.29833084129605,afternoon,high,clear,normal,suburbs,39.86
18.75,42.05364041446393,afternoon,low,clear,low,airport,32.05
23.73,44.48757891897389,afternoon,medium,clear,low,airport,38.64
12.96,42.51136799197878,evening,low,clear,normal,city_center,26.26
15.98,35.315118910958724,night,low,clear,high,city_center,37.01
21.34,49.91332866915009,evening,medium,rainy,low,suburbs,40.3
17.84,28.036835373836432,evening,high,clear,high,suburbs,45.22
3.45,10.837295336454218,night,medium,clear,normal,city_center,12.39
9.81,21.612865144528843,morning,medium,clear,high,suburbs,26.38
14.26,27.316896229649625,afternoon,medium,clear,high,suburbs,29.16
19.11,35.422064257107756,morning,high,clear,normal,airport,46.72
14.05,26.170342896604964,night,low,clear,normal,airport,24.35
19.66,46.476185297408605,afternoon,low,rainy,high,city_center,46.59
21.1,59.63857971404265,evening,high,clear,low,city_center,47.02
7.36,5.062778250821822,afternoon,medium,clear,high,city_center,15.32
15.79,33.005032760057155,evening,low,rainy,high,airport,42.12
14.37,24.381845774431884,afternoon,high,clear,normal,airport,31.4
6.46,21.908330450254276,morning,medium,clear,normal,suburbs,14.07
12.76,22.792032820939774,afternoon,high,clear,normal,airport,26.8
14.17,34.64901852733608,afternoon,medium,rainy,normal,city_center,28.25
20.62,37.13209517295035,afternoon,high,clear,normal,city_center,34.98
12.06,28.319327076392167,afternoon,high,stormy,high,city_center,40.24
2.94,12.658799528349306,morning,medium,clear,normal,city_center,13.86
12.7,31.42665843355644,morning,high,rainy,low,city_center,28.11
21.11,54.157142624710204,night,low,rainy,low,city_center,38.06
14.71,36.37781976691739,morning,low,clear,low,city_center,25.65
8.65,11.739780148409883,afternoon,low,clear,high,airport,24.92
23.1,86.04435547810775,morning,low,clear,normal,suburbs,47.62
4.74,5.0,morning,medium,clear,low,city_center,11.38
8.85,9.363057583808622,evening,low,clear,high,city_center,21.37
11.49,25.616903947534325,night,medium,clear,normal,city_center,20.62
18.71,41.27668230558635,afternoon,high,clear,high,city_center,48.28
21.06,29.912514046880133,evening,medium,rainy,normal,city_center,35.2
2.41,5.0,evening,medium,clear,high,airport,11.87
20.01,48.50444959621808,evening,high,clear,high,airport,65.86
18.29,28.807269069730744,night,low,clear,high,suburbs,38.2
22.47,34.60432967310819,morning,medium,clear,normal,airport,39.44
22.61,53.28672375347463,morning,high,clear,low,suburbs,47.36
19.66,35.63022536984519,afternoon,low,clear,high,airport,44.24
5.56,17.03708860165638,afternoon,high,rainy,normal,suburbs,10.73
8.53,15.947461472860663,afternoon,medium,rainy,normal,airport,18.36
23.47,64.25067843346812,night,medium,clear,normal,city_center,43.23
15.36,20.815812300372404,morning,high,rainy,high,suburbs,38.89
13.93,32.06879171087556,night,high,clear,normal,airport,31.83
22.98,40.45182453429205,afternoon,low,clear,high,airport,47.27
21.98,75.59993066620693,evening,medium,clear,low,airport,53.2
18.46,44.61262354734684,afternoon,low,stormy,high,airport,51.28
22.17,26.744398494705294,afternoon,medium,rainy,normal,suburbs,28.97
3.73,11.42151538244013,evening,low,clear,normal,city_center,13.45
19.18,59.196053063448204,afternoon,medium,rainy,normal,city_center,42.51
24.18,55.84951153965438,night,medium,clear,normal,suburbs,44.43
2.18,5.0,afternoon,high,clear,high,suburbs,10.33
6.35,5.0,morning,high,clear,high,city_center,13.93
20.06,44.346985269950025,evening,low,clear,normal,city_center,39.6
13.48,19.672932440838416,afternoon,high,clear,low,city_center,20.85
3.08,5.0,evening,medium,stormy,normal,city_center,8.9
7.43,14.17049717442088,afternoon,high,clear,normal,city_center,16.1
8.78,14.92703756559441,evening,high,clear,low,airport,21.89
8.71,11.43420795937572,evening,medium,clear,normal,airport,15.4
22.06,46.68082648911625,night,high,clear,normal,city_center,45.1
16.89,38.66444095753219,afternoon,low,clear,normal,city_center,28.89
18.64,37.95531781267478,morning,high,rainy,low,city_center,38.88
1.33,5.0,afternoon,medium,clear,normal,city_center,5.0
11.26,22.285240120955237,evening,low,stormy,normal,city_center,22.81
8.63,10.496181110846681,afternoon,low,clear,high,city_center,16.16
21.45,33.75383519522785,night,medium,clear,low,city_center,31.45
23.89,54.099308370562476,night,low,stormy,normal,suburbs,47.16
11.16,17.46267446045246,night,high,clear,normal,city_center,20.14
24.35,37.81620592957516,morning,low,clear,normal,airport,44.72
1.34,5.0,morning,medium,clear,normal,airport,8.9
8.82,15.95023193042155,afternoon,medium,clear,normal,suburbs,13.33
19.6,49.193149793507345,night,medium,clear,normal,suburbs,35.37
9.64,28.7343238198618,evening,low,clear,normal,city_center,21.29
23.1,51.18472092977964,morning,medium,rainy,low,suburbs,41.69
6.24,5.0,afternoon,high,clear,high,suburbs,11.49
20.1,28.88231481473346,night,low,clear,normal,airport,34.28
5.84,15.924793471327206,morning,low,clear,normal,city_center,14.85
5.73,18.76919006749425,evening,high,rainy,high,city_center,21.31
11.7,27.55147231943098,evening,high,clear,normal,airport,34.27
23.68,43.68881701736173,morning,medium,clear,normal,suburbs,42.07
15.05,21.89967831120974,afternoon,high,clear,low,suburbs,22.8
16.24,29.313892335165775,night,high,clear,normal,suburbs,28.57
1.23,5.0,morning,low,clear,low,suburbs,5.0
2.36,5.086097671614346,evening,low,rainy,high,suburbs,9.36
2.61,5.0,night,medium,stormy,high,city_center,17.35
20.67,29.355188410713687,afternoon,high,rainy,normal,city_center,29.48
6.68,27.34222056985604,afternoon,high,rainy,high,airport,32.77
8.89,26.003034862383668,evening,medium,rainy,high,suburbs,25.11
15.64,48.97396000043743,afternoon,low,clear,normal,suburbs,30.69
15.01,45.57087129033198,afternoon,low,clear,normal,airport,30.08
10.85,9.730757969800536,afternoon,high,clear,normal,city_center,19.39
1.1,5.0,night,medium,clear,high,airport,14.25
11.79,19.83901058941793,evening,low,clear,low,city_center,19.62
18.73,35.93749028695588,morning,medium,clear,low,city_center,32.88
6.65,7.353184138927441,afternoon,medium,clear,high,city_center,15.1
18.0,25.981777608772312,night,medium,clear,normal,suburbs,24.79
1.36,5.0,evening,high,clear,normal,suburbs,6.01
22.79,53.98032180307786,afternoon,low,rainy,normal,airport,44.56
23.8,46.26744873137146,evening,high,clear,high,city_center,67.39
1.06,5.0,morning,medium,clear,low,city_center,5.0
11.99,20.458525777457115,morning,medium,clear,normal,city_center,24.09
10.93,27.371504219161967,night,high,clear,high,city_center,31.68
21.21,37.05614321864601,afternoon,medium,clear,normal,city_center,34.64
13.98,26.04938825798966,morning,medium,rainy,high,city_center,37.9
15.67,33.11058032477689,afternoon,medium,clear,normal,city_center,26.89
5.86,6.879426899154938,afternoon,medium,rainy,normal,airport,15.7
2.85,9.69570832010363,night,high,clear,high,city_center,9.56
17.62,26.83774359239654,morning,high,stormy,normal,suburbs,39.74
15.9,31.359600517769934,evening,high,clear,normal,city_center,35.74
20.98,40.72330889340036,evening,medium,rainy,low,suburbs,37.97
21.27,48.34025418071245,evening,low,clear,normal,city_center,35.46
16.14,33.795054893378406,evening,medium,clear,normal,suburbs,29.99
13.92,26.00057084169098,evening,medium,clear,low,city_center,21.22
22.94,34.499122175834955,afternoon,high,clear,normal,city_center,35.42
20.23,28.446579382056175,morning,medium,clear,normal,suburbs,27.25
22.18,54.34772256286357,night,medium,clear,high,city_center,53.8
24.9,62.968461767295175,morning,medium,clear,high,city_center,64.07
10.68,25.33587411303067,afternoon,low,clear,high,suburbs,23.86
18.21,47.54235182349721,morning,medium,clear,normal,suburbs,37.55
17.51,40.56636128964478,afternoon,medium,clear,high,suburbs,39.52
5.18,6.636514990697615,afternoon,medium,rainy,high,city_center,14.72
16.28,21.49031765352236,afternoon,high,clear,high,city_center,38.25
11.27,23.108384233400066,afternoon,medium,clear,high,suburbs,24.35
11.82,24.347411037875947,evening,medium,rainy,low,airport,25.53
5.32,13.67409132195071,night,medium,clear,high,suburbs,11.95
18.87,50.84956688195531,afternoon,high,rainy,low,suburbs,37.92
17.75,38.74374458550969,night,high,clear,normal,city_center,34.55
13.77,44.07194557529399,morning,low,rainy,high,suburbs,41.65
4.76,8.516974623672805,afternoon,medium,clear,normal,city_center,15.26
14.36,25.00245701733052,morning,low,clear,normal,airport,25.3
3.4,12.244160811952938,evening,low,clear,high,airport,14.72
9.14,12.726917405537186,night,high,stormy,normal,city_center,20.77
9.94,12.977059161003215,morning,medium,clear,high,suburbs,18.92
22.2,47.09951602762586,evening,low,clear,low,suburbs,38.09
10.97,15.977776397137905,evening,medium,rainy,low,city_center,16.77
15.36,28.7199596005213,morning,low,rainy,normal,city_center,28.96
21.99,48.48492137176209,afternoon,low,rainy,normal,airport,41.92
11.22,15.37469691417518,morning,medium,clear,low,suburbs,13.56
22.21,55.38664085000842,afternoon,low,rainy,high,airport,54.77
4.28,7.1821537298626135,evening,low,rainy,low,suburbs,11.62
9.76,26.282120305673853,afternoon,high,rainy,low,suburbs,21.31
3.27,10.307688378711838,night,high,clear,high,airport,16.66
14.46,23.167462490458355,evening,low,clear,normal,suburbs,25.31
23.97,78.083070264461,afternoon,medium,clear,normal,airport,46.05
16.77,29.954442955578294,afternoon,low,clear,high,suburbs,30.28
16.03,44.26095399036915,evening,low,clear,normal,suburbs,28.53
7.68,11.214603904736627,evening,medium,clear,low,airport,18.06
23.35,38.19975250031739,evening,high,clear,high,city_center,59.32
12.32,21.212248788197343,afternoon,medium,rainy,normal,city_center,19.3
7.41,25.36467993423,night,low,clear,normal,suburbs,18.86
24.7,48.20896852708864,morning,medium,clear,low,city_center,35.87
11.15,28.65852655097793,evening,high,clear,normal,city_center,32.47
9.92,24.66001203450981,morning,medium,clear,high,city_center,31.18
1.84,5.0,evening,medium,clear,normal,airport,11.23
5.28,10.078895012541077,morning,low,clear,normal,suburbs,9.26
20.42,37.2623572655365,morning,high,clear,normal,city_center,41.53
12.58,30.681414419908904,morning,high,clear,normal,airport,35.08
23.92,46.65311036977878,night,high,rainy,normal,city_center,46.3
3.01,6.657674171019457,morning,low,clear,low,city_center,7.71
15.78,41.33780161461512,afternoon,medium,clear,high,suburbs,37.64
18.28,35.81695806575437,afternoon,low,clear,normal,city_center,30.27
15.91,28.32506337363983,morning,low,clear,normal,airport,35.03
13.72,25.365008379419056,night,medium,clear,normal,suburbs,26.31
14.88,33.34381067626005,morning,medium,clear,normal,city_center,30.11
17.55,22.902566001274597,night,high,clear,high,airport,38.55
21.72,50.546236858606235,morning,high,stormy,low,city_center,50.74
9.07,16.342322862591992,afternoon,low,clear,normal,city_center,18.91
12.03,17.20380448201065,evening,low,clear,normal,city_center,20.49
16.26,44.84051951195474,morning,high,clear,normal,city_center,44.73
8.54,10.311670237674676,evening,high,clear,high,city_center,19.78
5.29,12.96896887026979,afternoon,low,clear,normal,city_center,12.63
24.19,71.24367128642494,afternoon,high,clear,high,suburbs,67.66
5.67,9.417727323611897,morning,medium,clear,low,city_center,15.95
6.59,15.379695319280943,morning,high,clear,high,suburbs,21.44
15.85,21.83404870099986,evening,medium,clear,high,suburbs,34.39
2.86,6.28862220849126,morning,medium,clear,normal,suburbs,9.14
1.82,9.023034116609825,afternoon,medium,clear,low,city_center,5.0
2.54,5.0,afternoon,medium,rainy,normal,airport,9.61
3.96,5.0,afternoon,low,clear,normal,city_center,8.97
11.3,26.925764456300506,afternoon,medium,clear,high,suburbs,26.52
20.9,57.47131972564848,morning,low,clear,normal,city_center,42.12
9.21,15.923563786613382,morning,medium,clear,normal,suburbs,18.06
11.26,21.30526366248938,evening,low,rainy,high,airport,32.7
15.41,22.84252221298143,evening,low,clear,normal,suburbs,26.73
8.25,13.212717955841601,night,low,clear,low,suburbs,10.51
11.38,28.251256251378564,afternoon,medium,rainy,high,suburbs,28.8
10.27,21.71027009963125,afternoon,medium,clear,normal,suburbs,16.6
9.21,23.918375612864157,morning,medium,clear,normal,suburbs,18.67
10.32,25.76240804396191,evening,medium,clear,high,city_center,32.91
1.27,5.0,afternoon,low,stormy,high,airport,14.12
22.27,39.08029880828383,evening,high,rainy,normal,suburbs,45.96
24.46,61.864089749054244,morning,medium,clear,normal,suburbs,47.08
21.7,45.81128328211908,evening,medium,clear,normal,airport,48.24
1.14,5.0,evening,high,clear,normal,city_center,12.12
19.02,32.78663815430408,afternoon,low,clear,high,airport,36.56
14.75,31.157697318140194,afternoon,medium,clear,high,city_center,31.55
3.26,5.0,morning,low,clear,low,suburbs,5.0
23.39,28.480416597153244,afternoon,high,stormy,normal,airport,44.8
19.63,45.660920510946696,morning,medium,clear,low,airport,38.12
4.49,5.0,afternoon,low,stormy,normal,city_center,9.28
24.14,47.28018700183911,morning,medium,clear,normal,city_center,45.99
4.03,5.801102986596371,evening,high,clear,high,suburbs,11.71
11.91,13.637688584343689,evening,low,clear,high,suburbs,22.27
4.82,6.316168604024951,night,high,rainy,normal,airport,14.95
4.6,11.151475296731052,night,high,clear,normal,city_center,13.46
24.23,41.718809676199555,evening,high,stormy,high,city_center,71.68
14.73,27.634649641305774,evening,low,clear,normal,suburbs,26.15
7.22,6.688303656865043,afternoon,medium,clear,low,suburbs,9.13
19.63,45.961932183755664,evening,medium,rainy,normal,suburbs,38.47
22.01,68.18247203957182,afternoon,medium,clear,normal,city_center,44.34
23.02,49.638243137369074,evening,low,stormy,low,suburbs,38.13
23.39,47.06939689514164,afternoon,high,clear,high,airport,60.73
22.73,43.11852504980815,evening,low,clear,normal,city_center,41.81
16.33,39.82257287991236,evening,high,clear,normal,city_center,36.05
9.22,17.309116912547417,morning,low,clear,normal,airport,24.06
23.21,42.26239650807255,evening,high,clear,normal,city_center,51.02
3.94,11.260569583873572,afternoon,high,clear,normal,city_center,9.56
5.05,13.093133972027081,evening,low,rainy,normal,suburbs,12.69
11.41,10.284593211232426,evening,medium,clear,low,suburbs,14.48
7.81,18.158133267961627,evening,low,clear,normal,city_center,16.81
15.78,33.61165077351352,evening,low,clear,high,suburbs,35.61
22.73,45.01267399833335,afternoon,medium,clear,normal,suburbs,32.26
12.78,24.89353503497533,evening,high,stormy,normal,city_center,36.3
14.29,40.75427381362514,night,high,stormy,normal,suburbs,37.02
11.16,24.10202492227333,morning,high,clear,normal,suburbs,25.33
17.98,39.61318665670484,evening,high,clear,low,airport,41.86
3.42,11.732125840156922,morning,medium,clear,high,city_center,15.77
2.17,5.631559603062286,afternoon,high,rainy,low,city_center,6.42
16.39,31.706142489650272,morning,high,clear,normal,airport,37.82
13.84,33.83558927187479,evening,medium,clear,low,airport,29.59
10.78,19.332454552447032,morning,high,clear,normal,city_center,26.82
9.02,12.60227708767724,evening,high,clear,high,airport,27.29
2.24,5.0,afternoon,high,clear,normal,suburbs,5.0
17.33,29.634169745665435,afternoon,high,clear,normal,airport,33.27
11.12,35.71064377995934,night,low,clear,high,city_center,31.09
11.69,28.105103340197825,afternoon,low,clear,normal,airport,25.61
22.44,39.380154290878224,morning,low,clear,low,city_center,41.09
18.7,39.186032472087895,afternoon,low,clear,high,city_center,35.96
6.27,5.0,afternoon,high,clear,normal,airport,12.45
16.77,35.88793683831642,evening,low,clear,high,suburbs,43.05
4.17,5.0,morning,medium,stormy,low,suburbs,5.0
5.66,14.404619157329208,evening,medium,rainy,high,airport,25.32
18.14,35.92104519845611,afternoon,low,clear,high,airport,38.66
4.02,9.417630444575668,evening,high,clear,high,city_center,15.58
7.72,25.681573064358805,afternoon,high,clear,high,city_center,25.91
22.55,45.05506585976664,morning,low,clear,high,suburbs,53.86
18.72,34.736969696689314,evening,medium,clear,normal,city_center,33.72
23.31,67.82928925453407,morning,medium,clear,high,suburbs,66.38
22.16,46.56001283346721,afternoon,medium,clear,normal,city_center,35.74
8.5,17.092580854799763,evening,low,clear,normal,suburbs,14.06
16.18,52.79366759532603,night,low,clear,low,airport,32.5
10.09,18.669210008351484,morning,low,rainy,high,suburbs,23.45
17.73,30.752828925629693,evening,high,clear,normal,city_center,33.28
9.36,23.079834252180895,evening,medium,clear,high,airport,30.04
1.03,5.0,night,medium,clear,normal,suburbs,8.08
3.25,13.9544832516556,evening,medium,clear,low,city_center,12.91
19.5,50.15767490265918,morning,medium,clear,normal,airport,44.32
3.02,5.0,night,high,clear,normal,city_center,9.94
15.39,22.56677384794303,morning,low,clear,normal,suburbs,23.35
21.59,43.30464111618689,afternoon,medium,rainy,low,airport,37.22
18.79,23.151061057399577,afternoon,low,clear,low,airport,27.51
10.92,15.651741396099059,afternoon,low,clear,normal,city_center,13.57
6.01,8.651808086228534,morning,high,clear,normal,airport,19.17
23.14,55.964051176817705,morning,high,clear,normal,city_center,54.13
14.59,35.20648403638887,evening,high,rainy,normal,suburbs,33.47
10.73,22.91654645887858,evening,medium,clear,normal,city_center,21.29
23.61,55.1086670145303,afternoon,high,rainy,high,city_center,65.23
6.16,9.038648921678448,evening,low,clear,high,city_center,18.77
11.61,25.63732965547768,night,low,rainy,normal,suburbs,19.95
3.61,5.0,morning,medium,rainy,high,airport,17.1
4.0,16.480160698590964,afternoon,high,rainy,normal,airport,21.53
10.57,29.470098008677553,night,low,clear,normal,city_center,22.27
17.79,43.602506922057216,afternoon,low,rainy,high,city_center,38.37
9.13,6.787875196602792,afternoon,low,clear,high,airport,18.57
17.55,40.47434306005485,morning,medium,rainy,low,suburbs,28.5
20.32,34.432373769444204,night,medium,clear,normal,suburbs,34.65
22.06,47.5701550099915,afternoon,high,clear,low,city_center,43.25
2.07,5.0,night,low,stormy,normal,city_center,8.72
19.57,59.88558715773741,evening,medium,rainy,normal,suburbs,42.97
4.53,6.856736494955494,afternoon,medium,rainy,high,airport,18.25
17.76,41.022628359508,night,low,clear,high,suburbs,36.72
9.92,21.59007257375862,afternoon,low,clear,normal,suburbs,21.17
17.99,36.624294116303616,evening,low,clear,normal,airport,34.46
6.13,15.243633641756755,afternoon,high,clear,normal,city_center,15.7
16.48,34.89000865263531,night,low,clear,low,city_center,28.0
4.01,17.250927223382124,afternoon,high,clear,normal,city_center,14.38
5.07,11.924794420644144,afternoon,low,clear,low,city_center,5.73
15.75,23.028838693466234,evening,low,clear,low,suburbs,23.44
9.08,9.892574480972296,night,low,clear,normal,city_center,12.32
17.89,30.251708366652085,night,medium,clear,normal,city_center,30.09
17.44,41.94065893528569,afternoon,high,clear,high,city_center,42.93
15.92,27.91425458117693,afternoon,medium,clear,high,city_center,33.61
18.53,39.850598616852615,morning,medium,clear,low,suburbs,32.86
20.05,32.68407532570422,morning,medium,clear,normal,suburbs,36.26
22.87,52.41615804381754,night,low,rainy,normal,city_center,43.33
2.93,9.675105850973281,evening,medium,clear,low,suburbs,11.64
14.72,30.934009788342728,evening,medium,clear,normal,city_center,30.94
18.97,40.394047255090534,evening,low,rainy,normal,suburbs,34.7
6.21,6.598813123767129,morning,medium,rainy,normal,city_center,13.2
7.33,14.119401089849942,afternoon,medium,rainy,high,city_center,20.71
7.41,15.924923771213983,night,medium,rainy,normal,suburbs,10.74
14.74,34.114350933216436,afternoon,medium,stormy,high,suburbs,32.75
9.79,19.471243054262672,evening,high,clear,low,suburbs,20.25
16.99,29.78084112807551,afternoon,medium,stormy,high,suburbs,43.85
15.65,34.98794267936921,morning,low,rainy,normal,city_center,34.5
16.77,28.67995948704177,afternoon,high,clear,normal,city_center,29.59
7.06,15.255919642996355,morning,high,clear,low,suburbs,17.69
19.42,45.92190364189791,evening,low,clear,normal,city_center,36.82
16.94,34.85671299549696,night,medium,rainy,normal,airport,33.12
4.14,6.371565721428585,afternoon,low,clear,normal,city_center,5.51
5.8,7.805658517092741,night,medium,clear,normal,airport,14.61
8.22,11.567471925043183,morning,low,clear,high,airport,21.06
23.46,43.30029089965388,afternoon,high,rainy,normal,airport,49.72
8.83,21.085572390687016,evening,high,clear,normal,airport,22.39
1.48,5.0,afternoon,low,clear,normal,suburbs,6.37
4.4,12.658272915842332,morning,high,rainy,high,city_center,16.95
1.77,7.237498768756981,morning,low,clear,low,city_center,7.76
10.67,27.301805559711,morning,medium,clear,high,airport,32.76
20.13,38.89106190876354,night,high,rainy,low,city_center,39.38
11.81,23.203539226315552,morning,medium,clear,normal,city_center,23.1
21.14,38.85394659190412,morning,low,clear,low,city_center,35.06
2.14,9.061822950279335,evening,low,stormy,low,airport,13.32
12.27,16.43453233753783,afternoon,medium,clear,normal,suburbs,19.98
19.89,34.33197833398818,afternoon,high,rainy,normal,airport,39.31
17.19,27.962176372868377,afternoon,low,clear,normal,suburbs,27.74
21.47,39.285528519923844,night,low,clear,normal,suburbs,31.23
7.57,13.677747743960577,night,high,clear,high,city_center,21.68
13.02,21.022642617049367,night,medium,clear,normal,city_center,21.94
17.25,26.314389231649734,afternoon,high,clear,high,city_center,40.35
5.04,12.654125968860104,morning,medium,rainy,normal,city_center,17.65
20.58,52.30294722693995,evening,medium,clear,low,city_center,38.5
8.48,12.733159089862262,evening,high,clear,normal,city_center,21.32
3.24,5.0,afternoon,high,clear,normal,suburbs,5.0
19.38,42.64756455775049,evening,low,clear,normal,suburbs,35.57
17.92,41.78010750393638,afternoon,medium,clear,normal,city_center,35.89
22.21,38.05455284160847,morning,medium,rainy,high,city_center,53.12
22.41,44.63433681938906,afternoon,low,clear,normal,city_center,35.79
7.68,16.63052607187779,night,low,clear,high,suburbs,20.72
16.39,42.23337273973024,night,medium,clear,low,suburbs,26.27
24.98,54.76064118850502,morning,low,clear,low,suburbs,45.01
6.85,15.317953347817376,afternoon,high,clear,low,suburbs,12.45
12.35,29.747073909174265,morning,low,clear,high,city_center,33.54
22.84,33.245704671119455,afternoon,medium,rainy,low,airport,30.98
3.47,5.518671832734646,afternoon,high,rainy,high,city_center,14.81
23.28,38.26441565045509,morning,medium,clear,high,suburbs,51.14
12.72,41.637150628961415,night,medium,clear,normal,suburbs,26.88
22.43,37.302681477207,evening,medium,clear,high,suburbs,46.44
15.91,37.01702600783399,night,low,rainy,normal,suburbs,33.43
17.11,31.320086018010052,evening,medium,clear,normal,city_center,33.14
19.55,33.42985141587327,evening,high,clear,high,airport,58.95
2.61,10.529458618144433,evening,high,clear,low,city_center,11.25
16.07,42.32258746952531,evening,medium,clear,low,suburbs,30.76
23.17,46.63507302422103,morning,high,clear,normal,suburbs,48.39
23.95,38.23815295650196,morning,high,clear,normal,city_center,45.05
24.24,41.76947886047553,afternoon,low,clear,normal,city_center,34.29
16.5,44.36737622423287,evening,high,clear,high,city_center,52.89
16.2,53.091626774431525,morning,medium,clear,low,city_center,39.6
14.26,26.76449969236996,afternoon,high,rainy,normal,suburbs,21.46
15.58,25.344723085498234,night,medium,clear,high,airport,39.78
15.69,31.233306112795155,morning,low,rainy,high,suburbs,35.21
2.02,7.824296321294165,afternoon,low,clear,high,suburbs,7.54
3.13,8.58913589034518,night,medium,clear,normal,suburbs,6.53
15.87,27.272414161519027,afternoon,low,clear,low,city_center,23.78
8.54,16.475945707356374,morning,high,rainy,normal,city_center,25.13
8.23,15.240184771175427,evening,medium,rainy,low,suburbs,16.85
5.64,12.727328204870368,night,low,clear,high,city_center,13.58
20.23,40.952846169412275,morning,medium,rainy,normal,city_center,40.75
24.14,58.94182204204378,morning,medium,clear,high,suburbs,63.39
16.07,50.797045940102464,afternoon,low,rainy,normal,suburbs,32.51
23.69,40.21089431708005,afternoon,low,rainy,normal,suburbs,36.6
22.21,31.31625049106069,evening,high,stormy,low,city_center,45.92
6.23,8.657938347130916,night,low,clear,high,suburbs,11.83
4.68,5.0,evening,low,clear,high,city_center,12.4
6.08,9.976818299264615,afternoon,high,clear,normal,suburbs,12.86
3.31,5.0,evening,low,clear,low,suburbs,8.4
14.99,23.378050666890374,evening,high,clear,normal,airport,34.39
7.78,12.019150636359257,afternoon,medium,clear,high,suburbs,12.37
22.91,37.458666623821095,evening,high,rainy,high,city_center,61.11
15.72,34.37577964843561,afternoon,medium,rainy,normal,city_center,28.5
9.63,17.206063920712825,evening,high,stormy,normal,suburbs,22.11
24.63,58.2251100699773,evening,high,clear,high,suburbs,67.89
23.88,58.681314936057284,morning,low,clear,normal,city_center,43.31
19.69,47.78056288144189,evening,low,rainy,low,airport,38.77
20.0,32.67146276998736,morning,medium,clear,high,suburbs,42.07
24.45,38.50366573054455,afternoon,high,clear,high,airport,55.96
15.41,21.902722634522547,afternoon,medium,clear,normal,airport,26.19
22.12,47.01422750604487,night,high,clear,low,suburbs,35.44
2.56,11.47845378150522,afternoon,low,clear,low,airport,6.15
14.3,28.16595544236314,evening,low,clear,normal,suburbs,28.44
13.06,34.29416816012336,afternoon,low,clear,low,suburbs,21.24
1.91,6.873185499125847,morning,low,rainy,high,suburbs,7.03
3.09,9.18324220254656,afternoon,medium,clear,low,airport,11.84
1.52,7.905764730594781,morning,medium,clear,high,suburbs,12.71
8.06,20.47697680458493,evening,low,clear,high,city_center,26.83
2.28,5.0,afternoon,low,clear,high,city_center,5.0
11.16,20.186366385493425,evening,medium,clear,low,suburbs,18.03
20.51,34.516032025798694,evening,high,clear,low,airport,41.44
15.73,24.075445284631172,afternoon,high,clear,high,city_center,39.02
17.17,30.330693187394687,afternoon,low,clear,low,airport,24.76
1.76,12.250498795053998,afternoon,medium,rainy,normal,suburbs,7.71
21.15,39.45005783726362,evening,medium,clear,normal,airport,39.91
4.51,5.0,evening,high,clear,normal,airport,13.89
8.26,26.4965989908227,evening,medium,clear,high,airport,31.15
13.4,31.009367613832513,morning,low,clear,high,city_center,32.3
23.32,42.45946144386604,evening,low,clear,normal,suburbs,37.43
24.96,40.46475004771433,evening,medium,clear,normal,airport,46.41
19.78,49.96553946093357,afternoon,high,rainy,high,suburbs,55.97
18.5,59.684553221615495,afternoon,low,clear,low,city_center,30.73
13.66,21.058010716128017,afternoon,medium,rainy,normal,suburbs,22.16
16.98,36.73665638474777,evening,low,clear,normal,airport,35.33
4.47,17.1206440829804,evening,high,clear,normal,suburbs,16.7
7.46,28.095422216798077,afternoon,high,clear,high,airport,26.58
24.63,66.23045854507976,evening,high,clear,high,city_center,73.65
24.51,58.69433423952202,night,high,clear,high,suburbs,62.43
8.75,15.446798049693921,morning,high,clear,normal,airport,20.51
6.79,20.150792113006105,morning,low,clear,high,city_center,21.95
6.51,9.111578595041715,afternoon,medium,clear,high,suburbs,13.47
12.64,21.790631770039695,evening,low,clear,high,city_center,30.21
6.37,12.547130878638306,morning,medium,clear,high,suburbs,17.38
16.56,37.69136174064554,night,low,clear,normal,suburbs,32.76
2.8,6.203325118594506,morning,medium,clear,low,airport,13.43
3.49,5.0,evening,low,clear,normal,airport,13.64
7.65,12.46458690504488,evening,high,stormy,high,suburbs,24.04
19.66,34.15294680270542,morning,high,clear,low,airport,43.86
8.76,25.245064874734823,evening,high,clear,normal,suburbs,22.18
12.3,24.380354219273187,evening,low,clear,low,suburbs,21.29
16.76,34.4554500489372,morning,high,clear,normal,suburbs,34.74
19.92,34.42329828718442,morning,low,clear,normal,suburbs,33.09
8.37,9.861974463042753,night,low,clear,low,city_center,13.78
18.54,33.02836383813274,night,high,clear,high,city_center,47.59
7.87,10.30006521836504,afternoon,low,stormy,low,suburbs,9.15
16.47,18.557643058760696,morning,high,rainy,normal,suburbs,30.44
11.82,27.819831297917304,afternoon,high,clear,normal,city_center,22.86
23.24,58.93262553728051,afternoon,medium,rainy,low,city_center,38.6
24.57,31.924291502578964,evening,medium,clear,low,city_center,35.69
19.58,48.055707455325205,evening,high,rainy,low,city_center,44.05
22.97,77.86618571931271,evening,high,rainy,high,suburbs,82.29
4.28,16.799164089231585,night,low,rainy,low,suburbs,8.0
16.71,30.658558062557127,morning,medium,clear,high,airport,45.52
5.76,22.206913237494824,afternoon,medium,rainy,normal,airport,15.52
7.65,16.908129922977764,afternoon,high,clear,high,airport,26.36
13.55,25.016612708019522,evening,high,clear,normal,city_center,29.88
18.81,28.294591527139815,evening,medium,rainy,normal,airport,37.53
18.32,31.862625637552796,night,low,clear,normal,suburbs,30.89
21.87,39.532283103276576,afternoon,medium,clear,low,city_center,31.66
14.42,21.89465854667394,night,medium,rainy,normal,city_center,29.21
23.23,42.771867773593506,afternoon,medium,clear,normal,suburbs,38.76
22.31,53.49259828608082,morning,high,clear,normal,city_center,49.58
21.38,47.338360278837904,evening,high,clear,low,suburbs,41.44
6.51,11.122811545695736,morning,medium,clear,normal,suburbs,11.65
13.75,23.952994023077117,evening,high,rainy,normal,city_center,33.99
18.67,29.895840663396065,afternoon,low,clear,high,suburbs,35.06
24.43,42.56962816369498,afternoon,low,clear,low,suburbs,28.19
1.28,9.189481136276733,afternoon,medium,clear,high,suburbs,10.09
8.85,17.54622107185873,night,medium,clear,normal,city_center,17.6
9.22,18.82062302801906,evening,high,clear,normal,airport,27.98
7.92,14.946133111811335,morning,low,rainy,low,suburbs,10.76
20.62,52.434256001663016,night,medium,clear,normal,city_center,39.03
2.08,5.0,afternoon,medium,clear,normal,suburbs,6.47
9.63,26.44792958210588,afternoon,medium,clear,low,suburbs,15.29
18.08,41.305602671447076,evening,low,clear,normal,city_center,35.89
10.76,24.63347481634203,morning,medium,clear,low,suburbs,18.3
4.46,9.650435764665119,morning,medium,clear,high,city_center,15.28
15.66,42.727227787577874,night,medium,clear,normal,suburbs,32.19
13.54,33.312615957214256,morning,medium,clear,normal,airport,33.46
24.56,43.861365361785914,afternoon,medium,clear,normal,city_center,34.52
18.96,34.83627544809111,morning,medium,clear,low,airport,38.63
24.67,38.52284234508122,afternoon,low,clear,normal,city_center,36.94
5.47,7.189473042108536,evening,low,stormy,normal,suburbs,12.11
19.28,43.40785275087703,night,medium,clear,normal,city_center,39.75
14.24,25.378382840717816,evening,high,clear,high,city_center,39.07
18.1,40.68375331569506,afternoon,high,clear,normal,city_center,37.9
12.22,22.822609704854784,morning,medium,clear,low,city_center,17.1
6.1,5.0,afternoon,medium,clear,low,airport,16.73
2.1,11.230373118289888,evening,high,clear,normal,suburbs,11.62
21.12,68.43545888181207,evening,high,clear,normal,city_center,59.82
20.56,52.27014292295323,afternoon,high,clear,high,city_center,53.28
4.9,5.467492361052442,morning,low,clear,low,suburbs,13.19
16.48,30.377404503951137,afternoon,medium,clear,low,airport,29.96
18.71,23.68350633121947,evening,high,clear,normal,city_center,36.89
14.38,26.842298824565926,evening,low,stormy,normal,airport,31.38
8.61,27.50029348520959,afternoon,medium,clear,high,city_center,26.24
22.14,44.67379416813631,evening,low,clear,normal,suburbs,38.93
16.42,30.2745464922911,morning,medium,stormy,low,suburbs,30.65
18.29,39.64123917383167,evening,medium,rainy,high,airport,53.21
16.65,31.868687219923086,morning,low,clear,normal,city_center,26.23
18.31,37.07545968678065,morning,medium,clear,normal,airport,41.02
4.48,14.116939370932151,morning,low,rainy,low,city_center,10.14
23.14,33.23833262683775,evening,high,rainy,normal,airport,49.17
7.86,21.485218696135846,night,low,clear,high,airport,24.56
21.08,45.043170199375716,morning,medium,clear,low,suburbs,35.23
22.44,38.35296189315027,afternoon,medium,clear,high,airport,44.56
16.63,34.66488054260753,night,medium,clear,normal,suburbs,24.65
15.36,31.973376258989703,night,medium,clear,high,city_center,34.84
3.62,15.062718879222505,afternoon,high,clear,low,city_center,7.54
11.47,20.12926848833341,evening,medium,clear,normal,city_center,19.79
15.68,30.24043318604718,morning,low,clear,low,suburbs,25.83
2.96,5.0,evening,high,clear,normal,suburbs,7.24
3.68,5.696618844143675,evening,medium,clear,normal,suburbs,7.38
24.84,46.99552685195748,evening,low,clear,low,airport,45.9
8.97,23.407940403088745,morning,medium,rainy,high,suburbs,20.46
9.39,15.360770493185079,afternoon,low,stormy,low,city_center,14.91
7.04,13.616180451802517,morning,medium,stormy,normal,suburbs,16.65
16.5,41.68550731285721,morning,medium,clear,normal,suburbs,34.5
12.35,23.45589637696312,night,low,clear,normal,suburbs,16.45
19.97,37.0553095793235,morning,medium,clear,normal,city_center,37.51
13.3,14.202715801075042,morning,low,rainy,high,city_center,26.99
1.37,5.0,evening,high,rainy,normal,suburbs,10.11
12.58,17.281635071251216,afternoon,high,clear,low,airport,25.78
2.32,5.0,afternoon,low,clear,normal,city_center,6.19
20.84,39.356440824448555,morning,medium,clear,normal,city_center,38.23
3.73,5.0,night,low,clear,normal,city_center,9.01
6.21,9.462976446007687,night,medium,clear,normal,suburbs,11.27
12.04,22.258209156162962,afternoon,high,clear,normal,suburbs,21.84
5.68,8.455490532499176,morning,low,clear,high,suburbs,13.01
13.94,21.6119005152636,evening,low,clear,low,city_center,26.72
12.06,31.781527269739076,evening,high,clear,normal,suburbs,31.39
23.86,59.944167044961205,morning,medium,clear,high,suburbs,62.1
3.12,13.95113573798962,afternoon,low,clear,normal,city_center,11.7
14.84,33.391496274091374,morning,low,clear,normal,suburbs,25.68
18.29,46.4914129391708,morning,low,clear,normal,city_center,36.13
4.06,5.0,afternoon,low,clear,low,city_center,5.0
16.28,42.41931530100236,afternoon,medium,rainy,low,suburbs,27.44
21.74,36.50205634293075,afternoon,low,clear,low,suburbs,24.78
19.9,50.17633257158659,afternoon,low,rainy,high,airport,49.2
23.44,46.245502909792286,morning,high,clear,low,suburbs,42.41
18.29,34.20215408851854,morning,low,clear,normal,suburbs,29.4
10.46,19.488351099173848,afternoon,high,clear,normal,airport,26.57
23.09,49.99275617366741,afternoon,medium,clear,low,suburbs,39.34
6.41,14.63154182095819,morning,medium,clear,normal,city_center,11.63
15.01,30.56377121035529,evening,high,clear,normal,airport,38.95
19.38,39.606289735303555,evening,medium,rainy,normal,city_center,38.55
21.93,34.25518702077492,night,low,clear,high,suburbs,37.84
23.0,24.65143878284308,night,high,rainy,normal,city_center,36.37
3.04,12.745311182864388,afternoon,medium,clear,normal,airport,14.0
18.43,33.83897042148468,night,high,clear,normal,city_center,35.54
5.9,10.695148037009876,night,low,clear,high,city_center,15.91
19.7,56.48122031785299,afternoon,low,clear,low,city_center,30.68
17.82,35.71116420523073,afternoon,high,rainy,low,airport,31.04
5.35,7.9549350433123855,morning,medium,clear,normal,city_center,12.21
20.99,53.74058720920229,night,medium,clear,normal,city_center,42.63
12.08,31.516001789234995,afternoon,medium,clear,normal,city_center,20.71
14.05,41.108070056745746,morning,medium,stormy,low,suburbs,33.74
24.31,62.47710703079858,evening,high,clear,high,suburbs,72.54
16.76,38.099475533082035,night,low,rainy,high,suburbs,41.88
15.13,36.783235403112705,evening,high,rainy,normal,suburbs,37.62
1.4,5.0,afternoon,low,clear,normal,city_center,10.7
5.78,10.14828147929654,morning,medium,clear,high,city_center,19.63
1.64,5.5588683486913,evening,high,clear,normal,suburbs,5.0
9.0,16.35521298970565,evening,medium,clear,high,suburbs,20.73
9.27,14.210829874685151,afternoon,medium,stormy,normal,airport,17.2
13.73,14.94830177301077,evening,high,clear,normal,suburbs,27.33
17.55,26.81678866401823,morning,low,rainy,low,suburbs,25.59
5.3,20.29927913199559,afternoon,medium,clear,normal,city_center,15.35
15.44,27.873319692591053,afternoon,high,clear,low,airport,25.15
23.01,36.69765473540456,night,medium,clear,normal,airport,35.46
5.44,7.172706960346037,afternoon,medium,rainy,high,city_center,12.53
16.82,30.09786254593201,morning,high,rainy,high,suburbs,45.8
2.09,5.0,morning,high,clear,normal,airport,10.0
13.75,31.77292494378244,night,high,clear,normal,suburbs,27.92
18.8,43.86224151841363,night,medium,clear,low,city_center,31.81
1.82,5.0,evening,low,clear,high,city_center,9.91
9.01,13.527624447033999,afternoon,high,clear,low,city_center,15.05
22.07,41.86049320808396,evening,high,clear,low,airport,47.09
6.41,14.102589514967597,evening,medium,stormy,normal,city_center,19.16
18.35,41.585626749563836,morning,low,clear,high,suburbs,47.45
15.69,20.91522372271297,morning,high,clear,high,airport,46.36
4.93,6.272491589301698,afternoon,medium,clear,high,suburbs,9.73
18.8,75.46304767348362,afternoon,low,clear,low,city_center,34.2
13.77,32.33870678396893,afternoon,medium,rainy,high,city_center,33.31
3.69,14.398455139782836,afternoon,high,clear,low,airport,16.12
23.78,66.40611911504183,evening,medium,clear,high,airport,68.63
12.81,28.75113512189217,evening,high,clear,normal,suburbs,28.26
18.88,39.697091277574685,night,medium,rainy,normal,suburbs,33.84
6.22,25.069791822984577,afternoon,medium,clear,high,suburbs,18.75
4.29,20.05080691672397,afternoon,medium,clear,normal,suburbs,10.27
18.79,27.92766360983402,morning,low,clear,low,suburbs,23.82
17.17,42.5371068243248,evening,medium,clear,normal,city_center,38.25
7.58,10.94852024010693,morning,high,clear,high,suburbs,19.97
18.91,32.32700115921186,night,low,clear,normal,suburbs,29.51
13.12,18.14939368706911,afternoon,medium,clear,normal,city_center,20.3
9.37,10.372220006967712,evening,low,clear,normal,city_center,14.25
19.89,43.0461315537648,afternoon,high,rainy,normal,suburbs,37.8
15.8,26.012831282141775,morning,low,clear,low,suburbs,19.36
13.17,30.902297104423937,evening,medium,rainy,high,airport,41.61
19.55,42.75222944486102,afternoon,medium,clear,low,city_center,34.67
14.08,31.870890353448182,afternoon,medium,clear,normal,suburbs,24.56
23.52,75.80557339827931,evening,low,clear,normal,city_center,53.73
20.63,67.63421171339813,afternoon,high,clear,low,airport,43.85
9.6,9.067919473392113,evening,low,rainy,high,suburbs,14.6
12.16,17.346436642663733,evening,medium,clear,normal,suburbs,19.49
23.98,42.172732730246366,night,low,clear,normal,city_center,43.38
22.48,39.15882901656103,evening,medium,clear,normal,suburbs,33.96
5.59,11.681927085069821,morning,low,stormy,high,city_center,21.43
7.58,5.0,evening,medium,clear,normal,suburbs,12.28
9.75,26.397457817392784,evening,medium,clear,high,city_center,30.71
22.12,47.252477751153776,morning,medium,clear,high,suburbs,53.69
23.26,32.40164549163033,evening,low,clear,normal,city_center,34.93
20.26,41.2916224073369,afternoon,medium,clear,high,airport,45.82
7.62,10.835514467759971,evening,low,clear,low,city_center,15.13
22.29,40.70128214147186,afternoon,high,clear,high,city_center,53.69
1.79,6.071087034735266,morning,high,clear,low,suburbs,5.0
11.15,22.93545625765853,afternoon,low,clear,normal,suburbs,17.97
10.06,18.861713153590614,morning,medium,rainy,normal,airport,24.12
13.85,27.184696840196786,night,high,clear,low,airport,25.92
14.46,29.67108245698293,evening,low,rainy,normal,city_center,31.73
6.41,17.72677179397663,morning,low,clear,normal,suburbs,13.4
5.91,14.81650354865086,afternoon,medium,rainy,high,airport,21.34
20.29,33.668984414276395,night,low,rainy,normal,suburbs,34.24
2.83,8.258988079568281,evening,high,stormy,low,city_center,13.3
12.84,19.973026771947108,afternoon,high,rainy,high,suburbs,33.21
5.6,16.59051095173577,afternoon,medium,rainy,low,city_center,10.16
8.67,31.499392611924247,afternoon,high,clear,normal,suburbs,25.98
7.66,40.79021281913228,afternoon,low,rainy,normal,suburbs,19.95
18.0,30.678875374946863,morning,high,clear,normal,city_center,34.59
11.94,23.20533721710143,evening,medium,clear,high,city_center,31.89
8.19,25.29409348528932,morning,high,clear,high,city_center,29.41
20.95,47.18284019934235,afternoon,high,rainy,normal,airport,48.36
3.06,10.299396621347856,night,medium,clear,high,city_center,10.39
19.39,43.18596751156202,afternoon,low,rainy,normal,suburbs,32.28
6.96,20.84759488797414,afternoon,medium,clear,low,city_center,18.71
23.03,43.117949593204514,afternoon,medium,rainy,normal,city_center,39.53
1.13,7.070600834716452,morning,high,clear,low,suburbs,6.01
14.36,22.844090522334866,evening,medium,rainy,high,airport,39.33
15.93,30.112427353965863,evening,medium,stormy,low,city_center,25.43
14.86,30.04637118474888,afternoon,medium,rainy,low,city_center,23.67
20.56,40.186797431860654,afternoon,medium,rainy,normal,city_center,32.02
3.69,15.638570998874432,afternoon,medium,rainy,normal,suburbs,9.89
10.97,18.36125628900451,night,low,clear,high,airport,24.35
21.73,36.76465536302481,afternoon,high,clear,high,suburbs,48.1
22.33,41.0847192701133,evening,medium,clear,high,suburbs,45.55
12.96,29.12675351963571,night,high,clear,normal,airport,31.38
14.39,17.442644553756185,afternoon,low,clear,normal,suburbs,22.02
19.33,47.7988150961845,evening,medium,clear,normal,city_center,42.28
19.71,39.71573110674254,evening,low,clear,normal,city_center,35.41
22.31,39.085049258821584,morning,medium,rainy,normal,suburbs,42.52
21.25,45.91876775509766,night,high,clear,low,city_center,38.41
10.95,10.945025502923484,evening,medium,rainy,low,city_center,17.59
16.59,31.665163814300616,afternoon,low,clear,high,suburbs,29.89
12.6,20.98659870468905,evening,high,clear,normal,city_center,26.33
3.83,6.936910877583085,afternoon,low,stormy,normal,suburbs,10.8
20.72,37.58871852024361,afternoon,medium,rainy,normal,airport,39.55
15.44,29.460081178577248,night,medium,clear,normal,suburbs,29.96
2.39,10.11536276895108,evening,medium,rainy,normal,city_center,12.48
17.24,36.96753572005547,afternoon,low,rainy,high,suburbs,34.18
7.79,16.20198357480083,night,low,clear,normal,suburbs,8.67
2.66,5.0,afternoon,low,rainy,low,airport,11.66
15.56,45.78089689710493,morning,low,clear,high,suburbs,43.76
18.57,50.19609104703873,morning,low,clear,normal,suburbs,36.78
13.41,28.63907207293722,night,high,clear,normal,suburbs,30.83
1.14,5.0,afternoon,low,clear,normal,suburbs,5.0
14.85,43.14724906721752,afternoon,medium,clear,high,airport,44.05
1.16,10.034751294488547,afternoon,medium,rainy,normal,city_center,8.8
23.23,73.98598627157158,evening,low,clear,high,suburbs,64.47
7.42,13.912590652278048,afternoon,medium,rainy,low,suburbs,14.99
21.9,54.857604624426905,night,medium,clear,low,suburbs,41.03
1.29,5.0,afternoon,high,clear,normal,suburbs,5.3
3.33,5.0,morning,low,rainy,low,city_center,9.81
11.83,23.07508646326528,night,low,rainy,high,airport,32.53
19.21,42.860903556886555,morning,low,clear,normal,airport,39.2
23.62,43.2221108225133,night,medium,clear,normal,airport,40.4
13.51,33.57176949591186,evening,low,clear,normal,airport,34.06
9.53,20.741869252260884,evening,medium,rainy,normal,airport,28.88
2.07,5.0,morning,high,rainy,normal,city_center,9.12
15.01,29.63782296659534,morning,medium,stormy,high,city_center,41.85
10.12,20.796429376379624,morning,medium,clear,normal,city_center,23.94
22.82,34.109250556681374,afternoon,medium,clear,normal,city_center,31.32
12.52,38.668298143361284,evening,low,rainy,low,suburbs,26.74
19.37,34.61380530326769,afternoon,high,clear,normal,city_center,36.01
21.36,60.487215269907935,morning,medium,clear,normal,city_center,46.78
3.36,12.592840389505888,morning,high,stormy,normal,suburbs,16.2
11.58,15.93716446073903,afternoon,high,clear,normal,city_center,21.72
22.45,36.23018585923368,morning,low,clear,high,suburbs,46.18
11.19,23.25739688433922,evening,high,clear,high,suburbs,30.92
14.56,22.920488474131904,morning,high,clear,high,city_center,37.99
21.95,36.56298125984553,afternoon,medium,clear,normal,suburbs,31.13
6.58,13.013845702341458,evening,high,rainy,low,suburbs,14.02
22.47,34.824592735018335,evening,medium,clear,normal,suburbs,38.59
10.53,30.433780011808416,night,medium,clear,low,suburbs,17.86
15.23,36.433942433678666,evening,medium,rainy,normal,city_center,35.38
8.87,19.371779682591473,morning,high,rainy,high,airport,35.5
13.65,32.053903014302826,morning,medium,rainy,low,suburbs,29.64
2.18,5.0,night,low,rainy,high,suburbs,9.11
2.57,7.744559169686387,evening,medium,clear,normal,suburbs,8.65
10.95,28.788839667526705,night,high,clear,high,suburbs,33.86
9.04,19.080355734840573,morning,high,clear,low,suburbs,20.21
15.78,24.64871808549362,night,low,clear,low,suburbs,22.98
1.91,11.053206032503772,night,high,clear,high,suburbs,8.11
5.02,13.234942964078888,afternoon,medium,clear,normal,city_center,9.67
6.03,16.983820467686662,morning,high,clear,high,suburbs,19.54
11.57,25.089802995203375,afternoon,medium,rainy,normal,suburbs,24.51
6.92,14.654492089178657,afternoon,medium,clear,normal,suburbs,7.02
4.3,18.1780932668471,afternoon,low,clear,normal,city_center,15.31
15.34,31.187678477439967,morning,medium,rainy,low,suburbs,26.77
18.85,41.641427468976076,night,medium,clear,low,city_center,31.09
17.45,35.31402474995013,morning,low,clear,high,airport,45.37
7.63,15.960278511447756,night,high,clear,normal,suburbs,11.22
21.51,49.47389734042366,afternoon,medium,clear,high,city_center,46.55
15.68,29.983268122928795,evening,low,rainy,low,suburbs,26.79
15.75,30.16467991577105,afternoon,high,clear,low,suburbs,27.67
6.11,8.596215848358224,morning,low,clear,low,suburbs,11.96
6.81,9.157267590475769,evening,low,clear,high,suburbs,15.49
12.39,24.463391094115423,afternoon,low,stormy,high,suburbs,32.21
6.71,18.77943672259559,afternoon,medium,rainy,high,suburbs,18.5
17.51,29.785403133385042,afternoon,low,rainy,high,suburbs,34.95
8.41,17.805912291209864,evening,high,clear,normal,suburbs,20.95
4.65,6.975651252932588,evening,medium,clear,high,city_center,12.45
4.64,18.189511202379904,morning,low,clear,high,suburbs,17.85
4.05,14.92789182846769,night,medium,rainy,normal,city_center,12.24
11.55,41.87306148160341,morning,high,rainy,normal,city_center,35.52
1.07,5.0,evening,high,clear,normal,city_center,8.64
14.02,28.897491637399927,evening,low,clear,normal,suburbs,26.75
8.16,9.255932087296218,afternoon,high,rainy,normal,airport,19.54
14.26,39.06302872656026,evening,medium,stormy,high,suburbs,45.32
23.45,47.82654373115765,afternoon,medium,rainy,normal,city_center,41.41
21.86,39.39502689066519,evening,medium,clear,normal,suburbs,38.33
14.83,29.218500145464734,evening,high,rainy,high,airport,45.68
11.03,15.051008641988403,afternoon,medium,rainy,high,suburbs,24.5
17.76,24.84688794988132,evening,medium,rainy,low,airport,30.3
23.16,68.7086074319743,morning,low,rainy,low,city_center,48.94
12.75,23.180441462050943,evening,low,clear,normal,city_center,25.05
3.38,6.928319138466555,afternoon,high,clear,normal,city_center,11.05
19.39,36.06764089250526,night,medium,rainy,normal,suburbs,35.79
1.25,5.0,night,high,rainy,normal,city_center,8.45
19.35,41.975852635660196,morning,low,clear,low,city_center,38.49
3.04,6.357048832889115,evening,low,clear,normal,suburbs,7.31
3.56,8.464507766853677,evening,low,clear,normal,airport,8.66
19.76,32.21115466828436,evening,high,rainy,normal,city_center,40.54
17.55,30.868922805029715,afternoon,low,clear,low,suburbs,26.54
14.49,45.69590411487462,evening,medium,stormy,normal,airport,48.53
20.69,48.028371694309605,morning,low,clear,normal,airport,48.38
21.43,37.52702518800428,night,low,rainy,normal,suburbs,37.4
11.98,23.975854932488843,afternoon,medium,clear,low,city_center,19.56
24.91,57.243293596902475,morning,medium,clear,normal,city_center,48.41
9.58,8.502318948056805,evening,high,clear,normal,city_center,23.46
5.12,11.163793574885897,afternoon,high,clear,normal,suburbs,12.98
21.3,50.73036521500579,afternoon,medium,clear,high,suburbs,46.19
10.97,28.7357224365783,evening,low,rainy,high,airport,37.98
21.99,55.979030627960704,afternoon,medium,stormy,normal,city_center,42.57
2.47,8.672674701982311,morning,medium,clear,normal,city_center,7.46
3.67,5.0,evening,low,rainy,normal,city_center,6.02
1.97,6.423942411469589,afternoon,medium,rainy,high,city_center,9.94
15.45,25.69266160084943,morning,medium,clear,high,airport,42.05
20.96,49.53028830227557,morning,low,clear,high,suburbs,51.39
10.66,22.284885913028482,afternoon,high,rainy,high,city_center,26.52
3.18,16.733105534404515,evening,low,clear,high,city_center,16.64
9.96,14.817001160329104,afternoon,high,rainy,normal,city_center,18.32
9.35,27.586116798911856,night,low,clear,normal,airport,20.96
16.44,24.98721893659276,afternoon,medium,clear,normal,city_center,22.55
16.65,33.80462685039821,night,medium,clear,normal,city_center,32.36
3.47,8.7420670820765,afternoon,low,clear,normal,city_center,9.82
11.08,14.244457519706133,evening,low,clear,high,suburbs,25.2
16.42,48.277573756731854,afternoon,high,clear,high,airport,56.65
7.21,13.265980850347958,morning,high,clear,normal,suburbs,16.73
10.77,17.59928654328414,afternoon,medium,clear,normal,airport,24.93
15.73,22.60949091979397,evening,medium,rainy,normal,city_center,27.85
10.67,35.25893973820859,afternoon,high,clear,normal,suburbs,25.15
1.74,5.0,afternoon,low,rainy,normal,airport,11.1
6.34,11.041806653135557,evening,medium,rainy,high,suburbs,17.5
19.63,36.14397267841467,evening,medium,rainy,normal,city_center,38.83
6.96,11.236993476750367,afternoon,low,rainy,normal,suburbs,8.34
20.63,57.62753856381723,evening,low,clear,high,city_center,57.8
12.21,25.60221410806739,evening,high,clear,normal,suburbs,25.5
12.35,22.80034077527779,afternoon,medium,clear,low,suburbs,17.91
19.49,33.903957123102614,evening,medium,clear,high,airport,49.34
10.2,19.401425474885077,morning,medium,clear,high,suburbs,28.59
6.72,11.970532569316472,morning,medium,rainy,normal,suburbs,16.04
3.52,5.0,evening,high,stormy,low,city_center,9.72
17.13,24.83001908323792,evening,high,clear,normal,city_center,28.59
12.28,42.66109508401697,afternoon,medium,stormy,high,airport,45.47
20.43,58.01521747637827,evening,low,clear,high,suburbs,56.92
11.98,25.75872169025535,morning,low,clear,normal,airport,25.19
10.96,30.73108293709118,evening,high,clear,normal,suburbs,28.87
8.17,21.93195143911687,afternoon,high,clear,low,suburbs,17.64
5.79,14.483127389894522,evening,medium,rainy,normal,airport,21.98
20.93,33.19723626140783,night,low,rainy,normal,airport,35.48
3.29,10.238181121295778,afternoon,high,clear,normal,suburbs,11.53
22.65,44.07567904873646,afternoon,medium,rainy,low,suburbs,32.47
1.65,7.897125165675161,morning,high,clear,normal,city_center,7.09
13.53,24.32174487463562,morning,medium,clear,normal,airport,27.66
2.4,5.0,night,high,clear,low,city_center,7.76
19.71,38.05704125950754,night,low,stormy,normal,city_center,38.27
6.08,19.421889908924268,evening,medium,clear,high,suburbs,20.61
14.58,27.133392665208046,night,high,rainy,normal,suburbs,28.11
22.99,34.62218543244207,morning,low,rainy,high,city_center,49.18
16.58,42.25554731853784,evening,high,rainy,low,city_center,34.89
5.28,8.408157069023519,morning,low,clear,normal,suburbs,5.57
20.12,42.92389935779866,evening,medium,rainy,normal,suburbs,36.46
11.6,28.40880771251579,evening,medium,clear,high,suburbs,27.69
1.32,9.102882101773183,evening,high,clear,normal,city_center,13.56
12.68,38.211250066063144,afternoon,high,rainy,low,city_center,29.41
20.5,83.60328911782788,night,high,clear,high,city_center,74.8
11.32,29.81775051831774,evening,medium,rainy,high,city_center,35.32
19.2,41.67758975594632,night,medium,rainy,high,suburbs,43.61
17.93,40.39993608568232,afternoon,medium,clear,normal,city_center,30.59
11.97,13.75110340849025,afternoon,high,clear,low,suburbs,12.34
8.76,17.070949071545073,night,high,clear,low,city_center,15.98
18.44,35.66490593928484,evening,low,clear,high,suburbs,39.18
9.85,7.29804517458021,morning,high,clear,normal,city_center,13.61
5.08,7.378665979747081,afternoon,low,clear,normal,city_center,11.31
8.7,14.634375311020975,morning,low,clear,high,airport,24.36
22.04,64.19915973411507,night,high,clear,normal,suburbs,51.96
7.8,12.682316043836813,afternoon,medium,clear,normal,suburbs,15.5
6.64,8.50871561686327,afternoon,medium,rainy,normal,city_center,17.08
4.2,18.501203813059824,morning,medium,clear,normal,city_center,17.56
2.32,5.0,afternoon,low,clear,normal,airport,11.15
24.44,41.48305802361388,afternoon,medium,clear,normal,suburbs,35.44
13.88,26.33476766445021,night,low,clear,normal,city_center,22.23
18.51,63.50679070058937,night,medium,clear,normal,airport,47.61
19.55,39.47131644871879,afternoon,medium,rainy,low,suburbs,26.81
9.46,19.309434338866634,night,medium,rainy,normal,suburbs,17.71
20.17,39.395546363451494,evening,low,clear,normal,suburbs,34.69
24.08,49.126211287472685,evening,medium,clear,normal,suburbs,43.54
18.8,38.13338966841757,afternoon,medium,clear,low,airport,27.76
18.08,35.10215168006844,evening,medium,clear,high,suburbs,42.31
11.37,22.561558106834926,night,high,rainy,high,suburbs,30.13
21.19,39.18334908281535,evening,high,clear,high,airport,62.97
3.13,5.367472817387458,afternoon,high,clear,normal,suburbs,10.11
18.99,32.12154427202337,morning,high,clear,normal,suburbs,34.95
9.69,22.348716028684,afternoon,low,clear,normal,city_center,20.62
14.58,44.825313940639965,evening,medium,clear,high,suburbs,40.81
22.43,42.42311994618417,morning,high,clear,normal,city_center,45.34
15.52,25.600938575032533,afternoon,medium,clear,normal,airport,28.39
1.61,6.699451213798849,evening,high,clear,high,airport,15.99
18.34,42.02662510409976,night,medium,clear,normal,city_center,30.89
23.3,47.686503824784374,evening,medium,clear,high,suburbs,56.15
16.41,33.107652168601,evening,low,clear,normal,city_center,29.64
21.67,56.225672647681975,morning,low,stormy,normal,suburbs,46.35
20.81,42.74668511239422,evening,low,clear,normal,airport,38.42
21.67,50.91114557981078,evening,low,clear,high,city_center,54.12
9.26,14.98826004868627,afternoon,medium,clear,normal,city_center,18.25
12.38,22.239446687193084,night,low,clear,high,suburbs,21.71
21.35,39.77901691951413,afternoon,low,clear,normal,city_center,29.75
22.85,51.35385983077529,evening,medium,clear,normal,suburbs,40.68
4.52,7.643065240127145,evening,high,clear,low,airport,15.92
5.36,10.295013523877149,night,low,rainy,normal,suburbs,11.53
9.32,22.07875113634032,afternoon,medium,clear,high,city_center,23.8
19.49,40.561770973405345,afternoon,low,rainy,normal,city_center,29.1
22.0,56.76684918229871,night,high,clear,normal,city_center,47.36
14.93,29.668706677998426,afternoon,medium,clear,normal,airport,24.56
3.72,5.0,morning,medium,clear,high,suburbs,10.68
8.29,5.0,afternoon,medium,clear,low,suburbs,11.59
21.57,45.02929507161184,evening,high,stormy,low,suburbs,41.29
